sealfs_write,73.933
sealfs_write,70.406
sealfs_write,67.907
sealfs_write,75.271
sealfs_write,68.202
sealfs_write,64.269
sealfs_write,68.228
sealfs_write,65.406
sealfs_write,68.085
sealfs_write,63.096
sealfs_write,71.130
sealfs_write,68.826
sealfs_write,67.056
sealfs_write,61.023
sealfs_write,100.240
sealfs_write,73.401
sealfs_write,71.538
sealfs_write,69.875
sealfs_write,70.103
sealfs_write,70.681
sealfs_write,72.369
sealfs_write,66.589
sealfs_write,74.826
sealfs_write,70.592
sealfs_write,74.266
sealfs_write,64.964
sealfs_write,71.874
sealfs_write,66.547
sealfs_write,73.258
sealfs_write,66.275
sealfs_write,71.838
sealfs_write,67.569
sealfs_write,73.538
sealfs_write,69.774
sealfs_write,77.699
sealfs_write,69.715
sealfs_write,70.165
sealfs_write,69.782
sealfs_write,75.060
sealfs_write,71.227
sealfs_write,71.259
sealfs_write,69.091
sealfs_write,72.075
sealfs_write,72.842
sealfs_write,71.744
sealfs_write,68.155
sealfs_write,70.781
sealfs_write,68.621
sealfs_write,70.916
sealfs_write,67.063
sealfs_write,66.881
sealfs_write,66.924
sealfs_write,71.461
sealfs_write,65.557
sealfs_write,70.906
sealfs_write,66.320
sealfs_write,72.306
sealfs_write,70.073
sealfs_write,73.705
sealfs_write,70.234
sealfs_write,89.044
sealfs_write,68.262
sealfs_write,75.423
sealfs_write,93.875
sealfs_write,74.616
sealfs_write,68.567
sealfs_write,71.982
sealfs_write,69.263
sealfs_write,70.370
sealfs_write,77.469
sealfs_write,68.915
sealfs_write,79.588
sealfs_write,70.936
sealfs_write,67.478
sealfs_write,73.513
sealfs_write,77.679
sealfs_write,70.994
sealfs_write,68.561
sealfs_write,71.748
sealfs_write,70.669
sealfs_write,75.200
sealfs_write,66.522
sealfs_write,74.072
sealfs_write,66.246
sealfs_write,70.752
sealfs_write,67.260
sealfs_write,73.474
sealfs_write,66.424
sealfs_write,67.943
sealfs_write,60.325
sealfs_write,71.294
sealfs_write,65.582
sealfs_write,76.975
sealfs_write,64.239
sealfs_write,66.141
sealfs_write,64.265
sealfs_write,72.542
sealfs_write,64.652
sealfs_write,68.347
sealfs_write,81.459
sealfs_write,72.184
sealfs_write,71.400
sealfs_write,70.455
sealfs_write,6693.251
sealfs_write,67.632
sealfs_write,66.232
sealfs_write,71.173
sealfs_write,68.276
sealfs_write,75.220
sealfs_write,67.843
sealfs_write,70.348
sealfs_write,68.437
sealfs_write,74.697
sealfs_write,65.414
sealfs_write,72.673
sealfs_write,66.394
sealfs_write,72.850
sealfs_write,66.103
sealfs_write,72.531
sealfs_write,71.589
sealfs_write,76.930
sealfs_write,83.407
sealfs_write,71.073
sealfs_write,78.324
sealfs_write,78.298
sealfs_write,64.639
sealfs_write,67.659
sealfs_write,64.752
sealfs_write,79.759
sealfs_write,66.533
sealfs_write,66.159
sealfs_write,67.795
sealfs_write,77.921
sealfs_write,76.683
sealfs_write,68.192
sealfs_write,67.859
sealfs_write,75.887
sealfs_write,67.487
sealfs_write,72.335
sealfs_write,67.975
sealfs_write,78.219
sealfs_write,105.999
sealfs_write,69.457
sealfs_write,69.083
sealfs_write,75.407
sealfs_write,66.345
sealfs_write,76.015
sealfs_write,65.223
sealfs_write,72.654
sealfs_write,66.386
sealfs_write,70.724
sealfs_write,79.796
sealfs_write,72.551
sealfs_write,67.809
sealfs_write,78.637
sealfs_write,69.122
sealfs_write,73.949
sealfs_write,65.636
sealfs_write,68.680
sealfs_write,65.934
sealfs_write,71.811
sealfs_write,68.575
sealfs_write,71.121
sealfs_write,71.169
sealfs_write,71.373
sealfs_write,74.613
sealfs_write,71.562
sealfs_write,62.800
sealfs_write,68.896
sealfs_write,63.172
sealfs_write,69.217
sealfs_write,64.891
sealfs_write,73.005
sealfs_write,65.215
sealfs_write,75.016
sealfs_write,65.670
sealfs_write,73.384
sealfs_write,67.736
sealfs_write,75.423
sealfs_write,70.474
sealfs_write,79.717
sealfs_write,68.758
sealfs_write,73.786
sealfs_write,76.505
sealfs_write,73.066
sealfs_write,66.521
sealfs_write,69.083
sealfs_write,65.358
sealfs_write,69.360
sealfs_write,67.754
sealfs_write,67.618
sealfs_write,71.451
sealfs_write,68.232
sealfs_write,69.378
sealfs_write,69.164
sealfs_write,71.435
sealfs_write,72.434
sealfs_write,59.450
sealfs_write,72.077
sealfs_write,65.051
sealfs_write,77.169
sealfs_write,63.893
sealfs_write,74.126
sealfs_write,84.388
sealfs_write,72.394
sealfs_write,71.994
sealfs_write,74.488
sealfs_write,67.333
sealfs_write,73.316
sealfs_write,65.834
sealfs_write,69.868
sealfs_write,66.432
sealfs_write,69.382
sealfs_write,66.160
sealfs_write,68.801
sealfs_write,69.908
sealfs_write,72.853
sealfs_write,72.510
sealfs_write,71.142
sealfs_write,72.693
sealfs_write,73.437
sealfs_write,70.546
sealfs_write,74.806
sealfs_write,75.337
sealfs_write,74.088
sealfs_write,71.357
sealfs_write,76.817
sealfs_write,69.333
sealfs_write,76.536
sealfs_write,65.566
sealfs_write,68.919
sealfs_write,66.633
sealfs_write,70.069
sealfs_write,62.982
sealfs_write,82.562
sealfs_write,69.245
sealfs_write,71.063
sealfs_write,61.273
sealfs_write,68.423
sealfs_write,64.439
sealfs_write,78.454
sealfs_write,67.870
sealfs_write,76.723
sealfs_write,68.450
sealfs_write,68.072
sealfs_write,69.945
sealfs_write,69.210
sealfs_write,114.309
sealfs_write,71.769
sealfs_write,68.786
sealfs_write,68.369
sealfs_write,67.842
sealfs_write,72.215
sealfs_write,66.709
sealfs_write,68.385
sealfs_write,68.828
sealfs_write,71.962
sealfs_write,68.594
sealfs_write,78.036
sealfs_write,71.650
sealfs_write,80.064
sealfs_write,67.715
sealfs_write,79.065
sealfs_write,65.702
sealfs_write,78.656
sealfs_write,61.869
sealfs_write,80.847
sealfs_write,70.371
sealfs_write,102.703
sealfs_write,67.334
sealfs_write,69.936
sealfs_write,67.480
sealfs_write,84.392
sealfs_write,67.993
sealfs_write,80.920
sealfs_write,68.732
sealfs_write,74.857
sealfs_write,68.920
sealfs_write,77.488
sealfs_write,72.328
sealfs_write,78.118
sealfs_write,80.322
sealfs_write,69.304
sealfs_write,68.655
sealfs_write,89.776
sealfs_write,69.606
sealfs_write,71.646
sealfs_write,69.441
sealfs_write,76.812
sealfs_write,68.329
sealfs_write,71.122
sealfs_write,67.704
sealfs_write,78.203
sealfs_write,61.441
sealfs_write,76.249
sealfs_write,66.005
sealfs_write,82.486
sealfs_write,66.653
sealfs_write,85.964
sealfs_write,67.561
sealfs_write,75.738
sealfs_write,73.564
sealfs_write,85.160
sealfs_write,6745.129
sealfs_write,75.093
sealfs_write,68.012
sealfs_write,90.975
sealfs_write,70.424
sealfs_write,87.021
sealfs_write,69.798
sealfs_write,68.988
sealfs_write,77.281
sealfs_write,72.374
sealfs_write,63.945
sealfs_write,83.822
sealfs_write,67.119
sealfs_write,74.163
sealfs_write,69.247
sealfs_write,85.442
sealfs_write,69.379
sealfs_write,74.681
sealfs_write,71.731
sealfs_write,73.210
sealfs_write,69.505
sealfs_write,72.930
sealfs_write,63.920
sealfs_write,73.728
sealfs_write,67.998
sealfs_write,74.050
sealfs_write,67.485
sealfs_write,69.465
sealfs_write,69.430
sealfs_write,67.313
sealfs_write,68.732
sealfs_write,66.878
sealfs_write,67.239
sealfs_write,74.386
sealfs_write,67.154
sealfs_write,70.602
sealfs_write,70.475
sealfs_write,75.534
sealfs_write,70.422
sealfs_write,80.573
sealfs_write,68.958
sealfs_write,78.430
sealfs_write,65.956
sealfs_write,93.317
sealfs_write,65.174
sealfs_write,81.742
sealfs_write,68.150
sealfs_write,73.927
sealfs_write,71.692
sealfs_write,80.803
sealfs_write,75.149
sealfs_write,74.726
sealfs_write,71.670
sealfs_write,81.334
sealfs_write,74.481
sealfs_write,83.148
sealfs_write,67.807
sealfs_write,69.366
sealfs_write,78.658
sealfs_write,67.871
sealfs_write,72.742
sealfs_write,71.899
sealfs_write,75.272
sealfs_write,67.682
sealfs_write,67.623
sealfs_write,72.683
sealfs_write,64.258
sealfs_write,69.949
sealfs_write,71.937
sealfs_write,66.326
sealfs_write,65.737
sealfs_write,70.962
sealfs_write,66.930
sealfs_write,80.733
sealfs_write,63.580
sealfs_write,69.852
sealfs_write,67.337
sealfs_write,73.708
sealfs_write,64.691
sealfs_write,80.278
sealfs_write,64.512
sealfs_write,78.318
sealfs_write,73.015
sealfs_write,71.892
sealfs_write,67.671
sealfs_write,72.729
sealfs_write,71.514
sealfs_write,73.230
sealfs_write,71.153
sealfs_write,75.788
sealfs_write,67.436
sealfs_write,69.334
sealfs_write,75.333
sealfs_write,75.637
sealfs_write,69.803
sealfs_write,82.449
sealfs_write,72.183
sealfs_write,81.570
sealfs_write,67.459
sealfs_write,77.443
sealfs_write,6721.314
sealfs_write,70.915
sealfs_write,66.762
sealfs_write,75.331
sealfs_write,68.791
sealfs_write,72.670
sealfs_write,66.981
sealfs_write,70.497
sealfs_write,70.271
sealfs_write,70.660
sealfs_write,66.317
sealfs_write,73.202
sealfs_write,65.556
sealfs_write,73.373
sealfs_write,71.775
sealfs_write,73.212
sealfs_write,69.443
sealfs_write,74.267
sealfs_write,77.355
sealfs_write,68.718
sealfs_write,67.954
sealfs_write,73.832
sealfs_write,68.785
sealfs_write,72.131
sealfs_write,70.952
sealfs_write,73.049
sealfs_write,66.953
sealfs_write,72.963
sealfs_write,69.507
sealfs_write,70.751
sealfs_write,65.061
sealfs_write,70.547
sealfs_write,67.976
sealfs_write,72.784
sealfs_write,70.365
sealfs_write,75.917
sealfs_write,71.967
sealfs_write,76.047
sealfs_write,70.077
sealfs_write,73.074
sealfs_write,68.639
sealfs_write,72.025
sealfs_write,65.540
sealfs_write,74.484
sealfs_write,67.145
sealfs_write,70.470
sealfs_write,65.630
sealfs_write,71.631
sealfs_write,69.194
sealfs_write,72.019
sealfs_write,71.763
sealfs_write,70.618
sealfs_write,70.058
sealfs_write,72.826
sealfs_write,70.869
sealfs_write,76.039
sealfs_write,69.563
sealfs_write,71.596
sealfs_write,72.171
sealfs_write,72.208
sealfs_write,69.575
sealfs_write,74.614
sealfs_write,67.010
sealfs_write,73.590
sealfs_write,67.609
sealfs_write,73.505
sealfs_write,66.598
sealfs_write,77.257
sealfs_write,66.475
sealfs_write,74.666
sealfs_write,70.880
sealfs_write,73.406
sealfs_write,65.474
sealfs_write,78.640
sealfs_write,66.020
sealfs_write,70.926
sealfs_write,72.816
sealfs_write,73.128
sealfs_write,70.578
sealfs_write,71.784
sealfs_write,73.527
sealfs_write,72.878
sealfs_write,68.190
sealfs_write,70.877
sealfs_write,69.919
sealfs_write,72.303
sealfs_write,65.247
sealfs_write,67.020
sealfs_write,68.318
sealfs_write,70.826
sealfs_write,68.621
sealfs_write,73.047
sealfs_write,66.541
sealfs_write,71.861
sealfs_write,68.425
sealfs_write,74.195
sealfs_write,67.876
sealfs_write,73.211
sealfs_write,69.962
sealfs_write,71.505
sealfs_write,6686.353
sealfs_write,69.196
sealfs_write,65.218
sealfs_write,74.810
sealfs_write,70.584
sealfs_write,69.725
sealfs_write,84.543
sealfs_write,76.558
sealfs_write,83.359
sealfs_write,70.668
sealfs_write,68.299
sealfs_write,72.215
sealfs_write,72.491
sealfs_write,71.153
sealfs_write,66.806
sealfs_write,66.896
sealfs_write,66.621
sealfs_write,72.579
sealfs_write,68.494
sealfs_write,72.760
sealfs_write,68.277
sealfs_write,73.655
sealfs_write,65.064
sealfs_write,71.503
sealfs_write,65.170
sealfs_write,72.866
sealfs_write,67.125
sealfs_write,77.885
sealfs_write,68.729
sealfs_write,71.442
sealfs_write,62.756
sealfs_write,70.540
sealfs_write,67.555
sealfs_write,88.241
sealfs_write,70.255
sealfs_write,86.716
sealfs_write,69.568
sealfs_write,76.600
sealfs_write,67.076
sealfs_write,93.988
sealfs_write,71.639
sealfs_write,85.574
sealfs_write,69.775
sealfs_write,70.646
sealfs_write,67.076
sealfs_write,72.635
sealfs_write,68.138
sealfs_write,70.865
sealfs_write,68.019
sealfs_write,85.781
sealfs_write,61.289
sealfs_write,69.932
sealfs_write,65.154
sealfs_write,73.843
sealfs_write,66.273
sealfs_write,72.691
sealfs_write,68.064
sealfs_write,76.462
sealfs_write,67.534
sealfs_write,77.457
sealfs_write,68.236
sealfs_write,79.670
sealfs_write,67.165
sealfs_write,80.388
sealfs_write,70.661
sealfs_write,71.228
sealfs_write,68.108
sealfs_write,67.928
sealfs_write,70.086
sealfs_write,73.351
sealfs_write,67.717
sealfs_write,70.850
sealfs_write,70.996
sealfs_write,91.926
sealfs_write,75.911
sealfs_write,76.942
sealfs_write,69.530
sealfs_write,80.154
sealfs_write,68.425
sealfs_write,79.670
sealfs_write,68.903
sealfs_write,81.065
sealfs_write,67.621
sealfs_write,75.388
sealfs_write,67.167
sealfs_write,70.792
sealfs_write,64.526
sealfs_write,71.948
sealfs_write,68.230
sealfs_write,71.181
sealfs_write,64.107
sealfs_write,81.109
sealfs_write,62.179
sealfs_write,71.900
sealfs_write,66.523
sealfs_write,80.414
sealfs_write,72.965
sealfs_write,75.059
sealfs_write,70.286
sealfs_write,78.786
sealfs_write,85.781
sealfs_write,75.319
sealfs_write,66.605
sealfs_write,72.317
sealfs_write,75.410
sealfs_write,67.544
sealfs_write,62.882
sealfs_write,68.384
sealfs_write,61.827
sealfs_write,75.394
sealfs_write,58.764
sealfs_write,68.991
sealfs_write,64.599
sealfs_write,72.929
sealfs_write,66.179
sealfs_write,72.247
sealfs_write,72.967
sealfs_write,76.318
sealfs_write,70.351
sealfs_write,81.292
sealfs_write,71.550
sealfs_write,74.425
sealfs_write,66.432
sealfs_write,71.631
sealfs_write,97.695
sealfs_write,71.100
sealfs_write,64.692
sealfs_write,71.837
sealfs_write,66.343
sealfs_write,68.179
sealfs_write,64.863
sealfs_write,66.948
sealfs_write,66.575
sealfs_write,70.705
sealfs_write,67.163
sealfs_write,106.591
sealfs_write,69.856
sealfs_write,76.592
sealfs_write,69.110
sealfs_write,73.687
sealfs_write,67.846
sealfs_write,71.662
sealfs_write,65.337
sealfs_write,75.109
sealfs_write,69.017
sealfs_write,79.134
sealfs_write,80.539
sealfs_write,72.918
sealfs_write,69.106
sealfs_write,74.819
sealfs_write,66.682
sealfs_write,74.432
sealfs_write,71.453
sealfs_write,72.956
sealfs_write,67.131
sealfs_write,69.160
sealfs_write,72.465
sealfs_write,70.934
sealfs_write,71.239
sealfs_write,70.533
sealfs_write,77.425
sealfs_write,67.763
sealfs_write,65.000
sealfs_write,67.837
sealfs_write,68.670
sealfs_write,70.093
sealfs_write,66.877
sealfs_write,72.961
sealfs_write,67.170
sealfs_write,72.804
sealfs_write,76.973
sealfs_write,81.645
sealfs_write,65.024
sealfs_write,73.583
sealfs_write,68.129
sealfs_write,70.155
sealfs_write,106.462
sealfs_write,77.986
sealfs_write,68.132
sealfs_write,74.010
sealfs_write,75.190
sealfs_write,69.814
sealfs_write,59.956
sealfs_write,66.977
sealfs_write,67.047
sealfs_write,69.227
sealfs_write,64.746
sealfs_write,65.435
sealfs_write,71.702
sealfs_write,69.546
sealfs_write,64.186
sealfs_write,67.477
sealfs_write,66.498
sealfs_write,68.911
sealfs_write,63.792
sealfs_write,70.424
sealfs_write,68.080
sealfs_write,74.502
sealfs_write,69.533
sealfs_write,75.896
sealfs_write,6498.116
sealfs_write,72.695
sealfs_write,65.588
sealfs_write,72.262
sealfs_write,67.092
sealfs_write,75.485
sealfs_write,65.994
sealfs_write,72.724
sealfs_write,64.501
sealfs_write,69.266
sealfs_write,63.831
sealfs_write,75.210
sealfs_write,67.531
sealfs_write,70.204
sealfs_write,66.020
sealfs_write,67.923
sealfs_write,71.112
sealfs_write,70.991
sealfs_write,68.837
sealfs_write,72.628
sealfs_write,68.583
sealfs_write,71.831
sealfs_write,66.906
sealfs_write,70.375
sealfs_write,69.949
sealfs_write,74.494
sealfs_write,62.712
sealfs_write,72.992
sealfs_write,65.252
sealfs_write,67.943
sealfs_write,68.940
sealfs_write,77.249
sealfs_write,67.550
sealfs_write,73.128
sealfs_write,68.917
sealfs_write,72.868
sealfs_write,71.560
sealfs_write,72.735
sealfs_write,65.791
sealfs_write,73.191
sealfs_write,68.964
sealfs_write,71.846
sealfs_write,71.738
sealfs_write,74.273
sealfs_write,74.323
sealfs_write,71.587
sealfs_write,69.527
sealfs_write,70.344
sealfs_write,71.190
sealfs_write,72.608
sealfs_write,67.877
sealfs_write,71.179
sealfs_write,74.248
sealfs_write,70.722
sealfs_write,70.900
sealfs_write,70.107
sealfs_write,69.615
sealfs_write,75.729
sealfs_write,72.850
sealfs_write,74.831
sealfs_write,69.064
sealfs_write,74.167
sealfs_write,68.395
sealfs_write,72.091
sealfs_write,68.623
sealfs_write,74.395
sealfs_write,66.628
sealfs_write,74.064
sealfs_write,68.193
sealfs_write,80.088
sealfs_write,65.294
sealfs_write,71.346
sealfs_write,72.542
sealfs_write,71.567
sealfs_write,69.568
sealfs_write,69.918
sealfs_write,68.559
sealfs_write,73.771
sealfs_write,67.867
sealfs_write,76.300
sealfs_write,72.234
sealfs_write,73.539
sealfs_write,69.180
sealfs_write,76.501
sealfs_write,68.896
sealfs_write,73.273
sealfs_write,75.600
sealfs_write,71.189
sealfs_write,72.486
sealfs_write,73.879
sealfs_write,68.758
sealfs_write,68.349
sealfs_write,62.368
sealfs_write,68.970
sealfs_write,68.671
sealfs_write,69.036
sealfs_write,69.253
sealfs_write,73.750
sealfs_write,67.785
sealfs_write,69.900
sealfs_write,75.032
sealfs_write,70.093
sealfs_write,70.457
sealfs_write,69.125
sealfs_write,71.837
sealfs_write,73.668
sealfs_write,66.077
sealfs_write,67.016
sealfs_write,69.859
sealfs_write,70.028
sealfs_write,67.579
sealfs_write,69.586
sealfs_write,68.726
sealfs_write,66.118
sealfs_write,74.783
sealfs_write,74.411
sealfs_write,69.172
sealfs_write,73.593
sealfs_write,68.910
sealfs_write,73.629
sealfs_write,68.412
sealfs_write,73.679
sealfs_write,66.464
sealfs_write,74.593
sealfs_write,75.858
sealfs_write,68.444
sealfs_write,64.162
sealfs_write,65.958
sealfs_write,70.144
sealfs_write,71.421
sealfs_write,66.757
sealfs_write,65.191
sealfs_write,67.876
sealfs_write,69.171
sealfs_write,65.537
sealfs_write,74.093
sealfs_write,72.427
sealfs_write,73.772
sealfs_write,72.118
sealfs_write,72.239
sealfs_write,71.175
sealfs_write,71.609
sealfs_write,68.584
sealfs_write,79.210
sealfs_write,70.143
sealfs_write,80.292
sealfs_write,70.204
sealfs_write,76.386
sealfs_write,68.636
sealfs_write,73.136
sealfs_write,65.732
sealfs_write,71.952
sealfs_write,65.361
sealfs_write,72.083
sealfs_write,66.340
sealfs_write,71.224
sealfs_write,68.362
sealfs_write,78.084
sealfs_write,68.946
sealfs_write,80.459
sealfs_write,69.240
sealfs_write,71.541
sealfs_write,66.620
sealfs_write,69.922
sealfs_write,69.123
sealfs_write,68.933
sealfs_write,74.179
sealfs_write,70.741
sealfs_write,70.882
sealfs_write,71.675
sealfs_write,67.016
sealfs_write,67.741
sealfs_write,67.647
sealfs_write,71.283
sealfs_write,66.728
sealfs_write,73.474
sealfs_write,66.092
sealfs_write,75.615
sealfs_write,67.734
sealfs_write,75.005
sealfs_write,70.324
sealfs_write,73.448
sealfs_write,71.076
sealfs_write,72.342
sealfs_write,69.036
sealfs_write,74.472
sealfs_write,65.665
sealfs_write,83.185
sealfs_write,80.621
sealfs_write,79.350
sealfs_write,76.178
sealfs_write,88.821
sealfs_write,68.883
sealfs_write,72.623
sealfs_write,69.951
sealfs_write,75.286
sealfs_write,79.386
sealfs_write,74.055
sealfs_write,74.446
sealfs_write,69.861
sealfs_write,6711.190
sealfs_write,68.165
sealfs_write,68.756
sealfs_write,71.989
sealfs_write,68.883
sealfs_write,75.134
sealfs_write,66.914
sealfs_write,72.354
sealfs_write,68.758
sealfs_write,75.907
sealfs_write,67.073
sealfs_write,73.664
sealfs_write,66.720
sealfs_write,72.878
sealfs_write,65.370
sealfs_write,72.485
sealfs_write,68.400
sealfs_write,74.324
sealfs_write,73.818
sealfs_write,75.713
sealfs_write,70.207
sealfs_write,70.426
sealfs_write,65.922
sealfs_write,71.017
sealfs_write,66.815
sealfs_write,72.271
sealfs_write,66.076
sealfs_write,71.301
sealfs_write,69.670
sealfs_write,69.243
sealfs_write,71.676
sealfs_write,72.615
sealfs_write,66.709
sealfs_write,75.950
sealfs_write,63.705
sealfs_write,71.943
sealfs_write,67.285
sealfs_write,74.368
sealfs_write,67.298
sealfs_write,78.127
sealfs_write,66.667
sealfs_write,73.368
sealfs_write,71.565
sealfs_write,75.558
sealfs_write,65.704
sealfs_write,73.555
sealfs_write,67.076
sealfs_write,72.433
sealfs_write,69.413
sealfs_write,73.657
sealfs_write,83.073
sealfs_write,69.304
sealfs_write,66.561
sealfs_write,70.768
sealfs_write,66.159
sealfs_write,68.471
sealfs_write,66.103
sealfs_write,75.009
sealfs_write,72.052
sealfs_write,76.072
sealfs_write,66.598
sealfs_write,73.982
sealfs_write,70.198
sealfs_write,76.941
sealfs_write,66.334
sealfs_write,69.652
sealfs_write,71.549
sealfs_write,72.859
sealfs_write,68.417
sealfs_write,72.071
sealfs_write,71.105
sealfs_write,70.302
sealfs_write,60.627
sealfs_write,73.174
sealfs_write,61.875
sealfs_write,68.110
sealfs_write,74.193
sealfs_write,73.609
sealfs_write,70.671
sealfs_write,70.647
sealfs_write,71.162
sealfs_write,72.860
sealfs_write,68.825
sealfs_write,71.080
sealfs_write,69.997
sealfs_write,72.971
sealfs_write,67.179
sealfs_write,72.571
sealfs_write,72.594
sealfs_write,71.490
sealfs_write,66.615
sealfs_write,85.086
sealfs_write,64.317
sealfs_write,73.853
sealfs_write,65.408
sealfs_write,71.399
sealfs_write,62.656
sealfs_write,72.801
sealfs_write,68.968
sealfs_write,73.024
sealfs_write,88.026
sealfs_write,73.318
sealfs_write,69.011
sealfs_write,73.585
sealfs_write,69.168
sealfs_write,71.822
sealfs_write,66.525
sealfs_write,65.921
sealfs_write,70.568
sealfs_write,68.380
sealfs_write,65.684
sealfs_write,72.060
sealfs_write,69.426
sealfs_write,67.589
sealfs_write,70.648
sealfs_write,67.894
sealfs_write,72.750
sealfs_write,72.491
sealfs_write,74.458
sealfs_write,72.540
sealfs_write,71.451
sealfs_write,74.516
sealfs_write,68.620
sealfs_write,72.609
sealfs_write,69.430
sealfs_write,72.567
sealfs_write,70.483
sealfs_write,73.256
sealfs_write,69.736
sealfs_write,73.336
sealfs_write,69.477
sealfs_write,73.373
sealfs_write,70.526
sealfs_write,72.541
sealfs_write,67.094
sealfs_write,72.873
sealfs_write,71.088
sealfs_write,72.343
sealfs_write,73.991
sealfs_write,74.316
sealfs_write,66.063
sealfs_write,73.279
sealfs_write,70.498
sealfs_write,70.459
sealfs_write,70.831
sealfs_write,72.282
sealfs_write,70.193
sealfs_write,71.518
sealfs_write,68.625
sealfs_write,82.757
sealfs_write,65.840
sealfs_write,73.379
sealfs_write,67.207
sealfs_write,75.002
sealfs_write,68.109
sealfs_write,73.698
sealfs_write,68.417
sealfs_write,76.689
sealfs_write,70.537
sealfs_write,72.205
sealfs_write,67.596
sealfs_write,73.485
sealfs_write,65.652
sealfs_write,70.927
sealfs_write,69.569
sealfs_write,70.120
sealfs_write,66.316
sealfs_write,111.762
sealfs_write,74.023
sealfs_write,71.062
sealfs_write,65.823
sealfs_write,71.212
sealfs_write,67.906
sealfs_write,73.368
sealfs_write,75.476
sealfs_write,70.132
sealfs_write,69.122
sealfs_write,71.456
sealfs_write,73.236
sealfs_write,72.988
sealfs_write,67.787
sealfs_write,71.851
sealfs_write,64.102
sealfs_write,71.563
sealfs_write,67.453
sealfs_write,76.993
sealfs_write,64.384
sealfs_write,70.797
sealfs_write,67.756
sealfs_write,71.758
sealfs_write,65.086
sealfs_write,71.838
sealfs_write,65.262
sealfs_write,69.752
sealfs_write,66.516
sealfs_write,72.319
sealfs_write,71.465
sealfs_write,69.409
sealfs_write,67.923
sealfs_write,70.917
sealfs_write,6710.615
sealfs_write,71.098
sealfs_write,66.466
sealfs_write,71.407
sealfs_write,72.743
sealfs_write,72.550
sealfs_write,69.601
sealfs_write,71.153
sealfs_write,66.930
sealfs_write,80.062
sealfs_write,68.645
sealfs_write,74.113
sealfs_write,67.066
sealfs_write,71.526
sealfs_write,68.403
sealfs_write,72.510
sealfs_write,69.253
sealfs_write,75.811
sealfs_write,70.929
sealfs_write,74.136
sealfs_write,70.953
sealfs_write,73.736
sealfs_write,65.960
sealfs_write,69.385
sealfs_write,68.045
sealfs_write,69.572
sealfs_write,65.942
sealfs_write,71.777
sealfs_write,75.577
sealfs_write,80.310
sealfs_write,72.628
sealfs_write,70.908
sealfs_write,72.134
sealfs_write,70.203
sealfs_write,68.053
sealfs_write,70.968
sealfs_write,72.428
sealfs_write,73.005
sealfs_write,67.360
sealfs_write,74.037
sealfs_write,69.720
sealfs_write,80.392
sealfs_write,65.917
sealfs_write,76.021
sealfs_write,69.077
sealfs_write,82.127
sealfs_write,63.369
sealfs_write,71.354
sealfs_write,65.453
sealfs_write,75.002
sealfs_write,67.244
sealfs_write,73.443
sealfs_write,69.653
sealfs_write,73.915
sealfs_write,67.271
sealfs_write,69.025
sealfs_write,71.848
sealfs_write,72.904
sealfs_write,67.633
sealfs_write,72.070
sealfs_write,69.411
sealfs_write,71.827
sealfs_write,69.784
sealfs_write,71.656
sealfs_write,69.090
sealfs_write,70.379
sealfs_write,70.503
sealfs_write,74.955
sealfs_write,69.306
sealfs_write,76.572
sealfs_write,66.339
sealfs_write,73.184
sealfs_write,67.474
sealfs_write,72.060
sealfs_write,71.433
sealfs_write,71.946
sealfs_write,74.389
sealfs_write,75.082
sealfs_write,67.700
sealfs_write,74.569
sealfs_write,67.883
sealfs_write,78.085
sealfs_write,67.931
sealfs_write,77.599
sealfs_write,81.630
sealfs_write,70.421
sealfs_write,72.549
sealfs_write,69.972
sealfs_write,69.183
sealfs_write,69.191
sealfs_write,66.777
sealfs_write,69.988
sealfs_write,68.657
sealfs_write,70.892
sealfs_write,71.682
sealfs_write,69.888
sealfs_write,101.207
sealfs_write,74.612
sealfs_write,64.379
sealfs_write,73.121
sealfs_write,75.960
sealfs_write,72.282
sealfs_write,65.819
sealfs_write,74.276
sealfs_write,71.511
sealfs_write,73.156
sealfs_write,65.182
sealfs_write,72.804
sealfs_write,67.565
sealfs_write,72.111
sealfs_write,65.898
sealfs_write,70.527
sealfs_write,68.228
sealfs_write,70.641
sealfs_write,67.701
sealfs_write,68.300
sealfs_write,72.943
sealfs_write,71.251
sealfs_write,67.637
sealfs_write,72.315
sealfs_write,70.141
sealfs_write,71.919
sealfs_write,71.014
sealfs_write,82.313
sealfs_write,75.240
sealfs_write,79.220
sealfs_write,76.424
sealfs_write,78.554
sealfs_write,73.523
sealfs_write,71.041
sealfs_write,70.560
sealfs_write,72.985
sealfs_write,67.284
sealfs_write,74.197
sealfs_write,64.319
sealfs_write,72.414
sealfs_write,68.726
sealfs_write,73.494
sealfs_write,63.402
sealfs_write,72.885
sealfs_write,69.236
sealfs_write,75.262
sealfs_write,64.977
sealfs_write,72.515
sealfs_write,66.230
sealfs_write,69.033
sealfs_write,68.688
sealfs_write,70.966
sealfs_write,68.017
sealfs_write,69.478
sealfs_write,64.137
sealfs_write,69.495
sealfs_write,69.108
sealfs_write,75.720
sealfs_write,67.213
sealfs_write,70.331
sealfs_write,65.482
sealfs_write,71.362
sealfs_write,68.361
sealfs_write,69.688
sealfs_write,66.347
sealfs_write,75.098
sealfs_write,66.977
sealfs_write,73.030
sealfs_write,66.499
sealfs_write,72.720
sealfs_write,65.377
sealfs_write,75.205
sealfs_write,67.018
sealfs_write,71.151
sealfs_write,67.584
sealfs_write,71.187
sealfs_write,77.914
sealfs_write,71.981
sealfs_write,67.198
sealfs_write,72.315
sealfs_write,70.203
sealfs_write,73.015
sealfs_write,68.499
sealfs_write,70.289
sealfs_write,69.577
sealfs_write,71.222
sealfs_write,70.991
sealfs_write,71.516
sealfs_write,66.990
sealfs_write,80.086
sealfs_write,64.966
sealfs_write,71.339
sealfs_write,68.675
sealfs_write,72.593
sealfs_write,62.977
sealfs_write,71.615
sealfs_write,66.214
sealfs_write,72.997
sealfs_write,66.176
sealfs_write,71.942
sealfs_write,67.272
sealfs_write,78.555
sealfs_write,65.312
sealfs_write,70.357
sealfs_write,80.768
sealfs_write,70.894
sealfs_write,67.081
sealfs_write,70.419
sealfs_write,73.410
sealfs_write,73.259
sealfs_write,65.973
sealfs_write,71.694
sealfs_write,72.499
sealfs_write,71.231
sealfs_write,68.122
sealfs_write,71.491
sealfs_write,70.474
sealfs_write,70.853
sealfs_write,63.343
sealfs_write,71.465
sealfs_write,69.725
sealfs_write,73.606
sealfs_write,63.603
sealfs_write,76.092
sealfs_write,67.739
sealfs_write,71.008
sealfs_write,69.335
sealfs_write,75.423
sealfs_write,68.342
sealfs_write,85.180
sealfs_write,64.402
sealfs_write,75.318
sealfs_write,69.317
sealfs_write,70.916
sealfs_write,68.931
sealfs_write,69.706
sealfs_write,67.632
sealfs_write,71.365
sealfs_write,65.628
sealfs_write,69.233
sealfs_write,64.281
sealfs_write,72.083
sealfs_write,65.053
sealfs_write,70.226
sealfs_write,69.353
sealfs_write,70.527
sealfs_write,71.096
sealfs_write,73.201
sealfs_write,78.519
sealfs_write,83.828
sealfs_write,72.491
sealfs_write,82.764
sealfs_write,66.604
sealfs_write,72.825
sealfs_write,64.614
sealfs_write,73.108
sealfs_write,67.237
sealfs_write,75.460
sealfs_write,65.484
sealfs_write,69.056
sealfs_write,60.455
sealfs_write,75.916
sealfs_write,65.008
sealfs_write,74.157
sealfs_write,70.516
sealfs_write,67.831
sealfs_write,69.541
sealfs_write,69.818
sealfs_write,75.145
sealfs_write,71.721
sealfs_write,70.316
sealfs_write,69.484
sealfs_write,70.671
sealfs_write,69.322
sealfs_write,65.885
sealfs_write,71.890
sealfs_write,68.210
sealfs_write,73.433
sealfs_write,66.315
sealfs_write,72.280
sealfs_write,63.134
sealfs_write,75.103
sealfs_write,70.947
sealfs_write,72.789
sealfs_write,67.229
sealfs_write,70.782
sealfs_write,65.491
sealfs_write,83.568
sealfs_write,76.182
sealfs_write,84.909
sealfs_write,85.258
sealfs_write,71.017
sealfs_write,69.850
sealfs_write,78.861
sealfs_write,65.887
sealfs_write,70.553
sealfs_write,67.804
sealfs_write,72.223
sealfs_write,69.861
sealfs_write,64.293
sealfs_write,66.577
sealfs_write,72.469
sealfs_write,71.900
sealfs_write,72.234
sealfs_write,6691.563
sealfs_write,67.835
sealfs_write,63.991
sealfs_write,73.586
sealfs_write,67.125
sealfs_write,74.170
sealfs_write,69.706
sealfs_write,73.359
sealfs_write,69.028
sealfs_write,81.091
sealfs_write,64.264
sealfs_write,73.413
sealfs_write,67.643
sealfs_write,74.709
sealfs_write,73.040
sealfs_write,72.592
sealfs_write,66.664
sealfs_write,110.228
sealfs_write,67.554
sealfs_write,77.188
sealfs_write,70.511
sealfs_write,66.187
sealfs_write,66.196
sealfs_write,71.767
sealfs_write,68.708
sealfs_write,69.534
sealfs_write,76.556
sealfs_write,68.994
sealfs_write,69.293
sealfs_write,71.440
sealfs_write,66.814
sealfs_write,70.969
sealfs_write,69.120
sealfs_write,72.517
sealfs_write,66.836
sealfs_write,110.473
sealfs_write,65.422
sealfs_write,74.518
sealfs_write,68.653
sealfs_write,74.162
sealfs_write,66.436
sealfs_write,71.606
sealfs_write,64.888
sealfs_write,71.459
sealfs_write,67.064
sealfs_write,73.949
sealfs_write,73.029
sealfs_write,72.219
sealfs_write,73.692
sealfs_write,70.111
sealfs_write,65.808
sealfs_write,68.692
sealfs_write,67.809
sealfs_write,68.250
sealfs_write,69.435
sealfs_write,69.662
sealfs_write,75.307
sealfs_write,70.678
sealfs_write,70.408
sealfs_write,67.477
sealfs_write,69.312
sealfs_write,64.812
sealfs_write,65.388
sealfs_write,71.929
sealfs_write,68.520
sealfs_write,72.297
sealfs_write,67.701
sealfs_write,73.023
sealfs_write,75.429
sealfs_write,73.458
sealfs_write,67.418
sealfs_write,76.696
sealfs_write,71.057
sealfs_write,71.720
sealfs_write,64.696
sealfs_write,75.413
sealfs_write,69.337
sealfs_write,74.144
sealfs_write,74.123
sealfs_write,64.674
sealfs_write,64.473
sealfs_write,68.318
sealfs_write,66.091
sealfs_write,67.917
sealfs_write,72.901
sealfs_write,65.859
sealfs_write,66.097
sealfs_write,68.666
sealfs_write,67.944
sealfs_write,66.535
sealfs_write,70.085
sealfs_write,72.067
sealfs_write,66.303
sealfs_write,77.911
sealfs_write,68.308
sealfs_write,72.084
sealfs_write,68.963
sealfs_write,86.212
sealfs_write,79.843
sealfs_write,84.171
sealfs_write,83.117
sealfs_write,70.608
sealfs_write,65.285
sealfs_write,73.446
sealfs_write,69.160
sealfs_write,69.362
sealfs_write,68.798
sealfs_write,69.806
sealfs_write,71.562
sealfs_write,70.708
sealfs_write,71.743
sealfs_write,68.113
sealfs_write,72.288
sealfs_write,69.372
sealfs_write,70.657
sealfs_write,69.204
sealfs_write,69.031
sealfs_write,71.445
sealfs_write,71.691
sealfs_write,68.592
sealfs_write,64.413
sealfs_write,73.707
sealfs_write,64.739
sealfs_write,74.146
sealfs_write,67.328
sealfs_write,74.639
sealfs_write,65.580
sealfs_write,71.877
sealfs_write,71.338
sealfs_write,73.772
sealfs_write,69.035
sealfs_write,74.540
sealfs_write,69.819
sealfs_write,75.093
sealfs_write,68.287
sealfs_write,71.100
sealfs_write,71.260
sealfs_write,73.216
sealfs_write,70.022
sealfs_write,66.530
sealfs_write,77.041
sealfs_write,71.301
sealfs_write,66.839
sealfs_write,69.567
sealfs_write,69.125
sealfs_write,67.982
sealfs_write,68.198
sealfs_write,71.092
sealfs_write,68.323
sealfs_write,69.330
sealfs_write,65.198
sealfs_write,77.359
sealfs_write,69.375
sealfs_write,76.463
sealfs_write,69.709
sealfs_write,71.289
sealfs_write,74.131
sealfs_write,71.387
sealfs_write,71.035
sealfs_write,71.464
sealfs_write,67.123
sealfs_write,76.268
sealfs_write,64.456
sealfs_write,75.124
sealfs_write,78.105
sealfs_write,71.994
sealfs_write,69.157
sealfs_write,67.707
sealfs_write,70.810
sealfs_write,72.461
sealfs_write,67.680
sealfs_write,73.840
sealfs_write,74.755
sealfs_write,72.402
sealfs_write,71.371
sealfs_write,71.812
sealfs_write,105.096
sealfs_write,74.181
sealfs_write,69.630
sealfs_write,68.158
sealfs_write,67.927
sealfs_write,73.091
sealfs_write,65.832
sealfs_write,72.396
sealfs_write,67.175
sealfs_write,87.316
sealfs_write,62.736
sealfs_write,72.563
sealfs_write,65.283
sealfs_write,73.951
sealfs_write,63.552
sealfs_write,76.330
sealfs_write,68.097
sealfs_write,77.625
sealfs_write,69.883
sealfs_write,69.302
sealfs_write,71.743
sealfs_write,70.508
sealfs_write,69.359
sealfs_write,69.364
sealfs_write,73.060
sealfs_write,71.034
sealfs_write,64.499
sealfs_write,68.265
sealfs_write,68.610
sealfs_write,85.727
sealfs_write,68.477
sealfs_write,70.979
sealfs_write,66.897
sealfs_write,75.593
sealfs_write,65.374
sealfs_write,73.740
sealfs_write,67.970
sealfs_write,73.828
sealfs_write,69.239
sealfs_write,74.531
sealfs_write,110.174
sealfs_write,71.010
sealfs_write,67.333
sealfs_write,70.994
sealfs_write,61.302
sealfs_write,84.108
sealfs_write,64.353
sealfs_write,73.226
sealfs_write,67.646
sealfs_write,71.066
sealfs_write,68.744
sealfs_write,71.308
sealfs_write,69.013
sealfs_write,72.395
sealfs_write,66.161
sealfs_write,72.591
sealfs_write,70.489
sealfs_write,72.025
sealfs_write,70.805
sealfs_write,71.481
sealfs_write,70.485
sealfs_write,107.291
sealfs_write,69.493
sealfs_write,74.863
sealfs_write,66.921
sealfs_write,75.665
sealfs_write,64.959
sealfs_write,70.274
sealfs_write,64.857
sealfs_write,72.171
sealfs_write,66.167
sealfs_write,73.642
sealfs_write,69.301
sealfs_write,73.672
sealfs_write,66.568
sealfs_write,73.748
sealfs_write,68.870
sealfs_write,72.461
sealfs_write,69.482
sealfs_write,73.475
sealfs_write,114.315
sealfs_write,72.026
sealfs_write,67.995
sealfs_write,69.945
sealfs_write,70.443
sealfs_write,73.385
sealfs_write,65.907
sealfs_write,68.553
sealfs_write,68.566
sealfs_write,71.354
sealfs_write,66.664
sealfs_write,70.406
sealfs_write,67.290
sealfs_write,76.291
sealfs_write,65.648
sealfs_write,73.547
sealfs_write,67.322
sealfs_write,72.017
sealfs_write,66.501
sealfs_write,75.186
sealfs_write,72.180
sealfs_write,78.625
sealfs_write,65.539
sealfs_write,72.391
sealfs_write,66.931
sealfs_write,73.867
sealfs_write,63.747
sealfs_write,71.426
sealfs_write,70.734
sealfs_write,71.056
sealfs_write,68.199
sealfs_write,71.493
sealfs_write,67.125
sealfs_write,73.478
sealfs_write,66.463
sealfs_write,69.137
sealfs_write,70.860
sealfs_write,70.155
sealfs_write,67.503
sealfs_write,71.754
sealfs_write,70.852
sealfs_write,71.847
sealfs_write,73.403
sealfs_write,75.482
sealfs_write,62.450
sealfs_write,77.353
sealfs_write,69.008
sealfs_write,85.368
sealfs_write,64.129
sealfs_write,71.705
sealfs_write,71.944
sealfs_write,78.317
sealfs_write,73.106
sealfs_write,83.143
sealfs_write,71.309
sealfs_write,77.503
sealfs_write,75.439
sealfs_write,82.098
sealfs_write,74.283
sealfs_write,77.369
sealfs_write,75.722
sealfs_write,80.202
sealfs_write,84.116
sealfs_write,76.061
sealfs_write,76.795
sealfs_write,6715.338
sealfs_write,75.812
sealfs_write,76.120
sealfs_write,76.144
sealfs_write,71.251
sealfs_write,62.726
sealfs_write,73.315
sealfs_write,68.095
sealfs_write,74.503
sealfs_write,65.741
sealfs_write,73.611
sealfs_write,69.773
sealfs_write,74.188
sealfs_write,66.542
sealfs_write,76.053
sealfs_write,67.037
sealfs_write,76.061
sealfs_write,69.307
sealfs_write,73.314
sealfs_write,64.406
sealfs_write,69.822
sealfs_write,69.462
sealfs_write,69.479
sealfs_write,75.401
sealfs_write,75.062
sealfs_write,74.196
sealfs_write,70.758
sealfs_write,72.843
sealfs_write,73.044
sealfs_write,66.932
sealfs_write,71.267
sealfs_write,68.052
sealfs_write,73.988
sealfs_write,67.322
sealfs_write,72.937
sealfs_write,65.371
sealfs_write,78.022
sealfs_write,68.540
sealfs_write,79.525
sealfs_write,70.145
sealfs_write,73.076
sealfs_write,64.386
sealfs_write,77.716
sealfs_write,105.580
sealfs_write,72.262
sealfs_write,65.592
sealfs_write,73.098
sealfs_write,66.450
sealfs_write,75.219
sealfs_write,65.177
sealfs_write,69.823
sealfs_write,69.645
sealfs_write,73.344
sealfs_write,70.013
sealfs_write,72.559
sealfs_write,71.609
sealfs_write,72.604
sealfs_write,70.108
sealfs_write,73.325
sealfs_write,68.198
sealfs_write,68.793
sealfs_write,75.130
sealfs_write,68.338
sealfs_write,66.306
sealfs_write,71.341
sealfs_write,69.699
sealfs_write,73.888
sealfs_write,67.495
sealfs_write,82.721
sealfs_write,69.844
sealfs_write,74.402
sealfs_write,68.644
sealfs_write,74.663
sealfs_write,65.892
sealfs_write,71.724
sealfs_write,67.619
sealfs_write,78.453
sealfs_write,69.472
sealfs_write,74.001
sealfs_write,67.021
sealfs_write,66.476
sealfs_write,68.991
sealfs_write,69.347
sealfs_write,65.543
sealfs_write,67.703
sealfs_write,70.755
sealfs_write,72.166
sealfs_write,72.482
sealfs_write,69.904
sealfs_write,66.558
sealfs_write,64.865
sealfs_write,72.202
sealfs_write,72.190
sealfs_write,71.867
sealfs_write,71.185
sealfs_write,66.151
sealfs_write,78.267
sealfs_write,69.079
sealfs_write,71.368
sealfs_write,64.372
sealfs_write,904.602
sealfs_write,64.775
sealfs_write,68.496
sealfs_write,61.601
sealfs_write,70.114
sealfs_write,61.589
sealfs_write,81.470
sealfs_write,78.669
sealfs_write,69.827
sealfs_write,74.670
sealfs_write,75.819
sealfs_write,77.517
sealfs_write,75.283
sealfs_write,75.614
sealfs_write,72.521
sealfs_write,79.680
sealfs_write,70.178
sealfs_write,80.035
sealfs_write,69.418
sealfs_write,69.102
sealfs_write,67.016
sealfs_write,72.654
sealfs_write,70.676
sealfs_write,71.572
sealfs_write,70.486
sealfs_write,62.819
sealfs_write,75.465
sealfs_write,69.654
sealfs_write,77.472
sealfs_write,71.673
sealfs_write,72.273
sealfs_write,70.018
sealfs_write,72.698
sealfs_write,66.608
sealfs_write,72.747
sealfs_write,70.600
sealfs_write,75.297
sealfs_write,66.235
sealfs_write,75.184
sealfs_write,70.533
sealfs_write,70.205
sealfs_write,65.449
sealfs_write,70.656
sealfs_write,70.071
sealfs_write,72.311
sealfs_write,68.614
sealfs_write,69.947
sealfs_write,74.968
sealfs_write,73.828
sealfs_write,72.268
sealfs_write,72.290
sealfs_write,74.036
sealfs_write,68.358
sealfs_write,71.244
sealfs_write,85.199
sealfs_write,70.665
sealfs_write,73.582
sealfs_write,67.194
sealfs_write,80.331
sealfs_write,67.785
sealfs_write,70.829
sealfs_write,64.765
sealfs_write,81.867
sealfs_write,69.234
sealfs_write,78.473
sealfs_write,65.852
sealfs_write,73.628
sealfs_write,68.531
sealfs_write,71.314
sealfs_write,70.852
sealfs_write,77.611
sealfs_write,81.163
sealfs_write,67.215
sealfs_write,69.096
sealfs_write,66.782
sealfs_write,78.094
sealfs_write,72.183
sealfs_write,74.065
sealfs_write,72.539
sealfs_write,71.553
sealfs_write,71.816
sealfs_write,69.085
sealfs_write,72.236
sealfs_write,78.792
sealfs_write,72.060
sealfs_write,73.126
sealfs_write,80.669
sealfs_write,78.322
sealfs_write,81.608
sealfs_write,71.732
sealfs_write,75.671
sealfs_write,69.565
sealfs_write,73.600
sealfs_write,68.741
sealfs_write,70.021
sealfs_write,67.795
sealfs_write,80.695
sealfs_write,68.033
sealfs_write,68.154
sealfs_write,71.596
sealfs_write,878.023
sealfs_write,76.099
sealfs_write,74.380
sealfs_write,67.828
sealfs_write,65.373
sealfs_write,73.213
sealfs_write,70.395
sealfs_write,68.273
sealfs_write,68.217
sealfs_write,72.948
sealfs_write,72.173
sealfs_write,71.915
sealfs_write,71.248
sealfs_write,69.232
sealfs_write,76.017
sealfs_write,70.192
sealfs_write,74.070
sealfs_write,68.079
sealfs_write,77.953
sealfs_write,72.174
sealfs_write,85.939
sealfs_write,63.874
sealfs_write,70.714
sealfs_write,65.505
sealfs_write,76.028
sealfs_write,69.067
sealfs_write,72.905
sealfs_write,69.986
sealfs_write,89.865
sealfs_write,68.961
sealfs_write,96.581
sealfs_write,71.560
sealfs_write,76.773
sealfs_write,69.807
sealfs_write,69.724
sealfs_write,70.740
sealfs_write,69.127
sealfs_write,71.365
sealfs_write,71.060
sealfs_write,70.310
sealfs_write,69.731
sealfs_write,65.626
sealfs_write,70.586
sealfs_write,65.623
sealfs_write,71.777
sealfs_write,67.692
sealfs_write,70.390
sealfs_write,66.368
sealfs_write,74.576
sealfs_write,67.412
sealfs_write,71.209
sealfs_write,65.901
sealfs_write,71.979
sealfs_write,67.972
sealfs_write,70.341
sealfs_write,68.685
sealfs_write,70.810
sealfs_write,70.758
sealfs_write,70.896
sealfs_write,64.992
sealfs_write,69.291
sealfs_write,67.981
sealfs_write,80.947
sealfs_write,71.492
sealfs_write,68.532
sealfs_write,66.516
sealfs_write,70.467
sealfs_write,69.920
sealfs_write,79.218
sealfs_write,68.313
sealfs_write,71.139
sealfs_write,67.867
sealfs_write,74.632
sealfs_write,68.663
sealfs_write,83.185
sealfs_write,68.362
sealfs_write,73.894
sealfs_write,70.193
sealfs_write,72.610
sealfs_write,66.693
sealfs_write,88.352
sealfs_write,65.933
sealfs_write,77.465
sealfs_write,67.103
sealfs_write,73.174
sealfs_write,66.982
sealfs_write,71.011
sealfs_write,71.007
sealfs_write,71.507
sealfs_write,67.460
sealfs_write,73.382
sealfs_write,68.999
sealfs_write,71.603
sealfs_write,69.478
sealfs_write,71.715
sealfs_write,70.989
sealfs_write,73.512
sealfs_write,71.773
sealfs_write,73.685
sealfs_write,69.311
sealfs_write,72.995
sealfs_write,63.457
sealfs_write,70.313
sealfs_write,64.959
sealfs_write,83.126
sealfs_write,66.203
sealfs_write,72.933
sealfs_write,69.841
sealfs_write,70.967
sealfs_write,66.446
sealfs_write,71.088
sealfs_write,67.138
sealfs_write,71.300
sealfs_write,64.795
sealfs_write,73.800
sealfs_write,68.840
sealfs_write,73.182
sealfs_write,75.448
sealfs_write,75.977
sealfs_write,74.870
sealfs_write,71.589
sealfs_write,67.577
sealfs_write,73.484
sealfs_write,66.792
sealfs_write,70.354
sealfs_write,64.391
sealfs_write,68.768
sealfs_write,69.455
sealfs_write,83.698
sealfs_write,69.749
sealfs_write,71.875
sealfs_write,68.436
sealfs_write,72.961
sealfs_write,67.109
sealfs_write,73.628
sealfs_write,66.722
sealfs_write,78.895
sealfs_write,69.503
sealfs_write,76.213
sealfs_write,76.810
sealfs_write,73.486
sealfs_write,62.858
sealfs_write,101.187
sealfs_write,68.602
sealfs_write,81.454
sealfs_write,63.224
sealfs_write,62.618
sealfs_write,67.117
sealfs_write,73.998
sealfs_write,75.194
sealfs_write,75.180
sealfs_write,69.708
sealfs_write,72.727
sealfs_write,69.405
sealfs_write,70.730
sealfs_write,73.600
sealfs_write,75.074
sealfs_write,70.978
sealfs_write,72.479
sealfs_write,71.588
sealfs_write,71.153
sealfs_write,68.941
sealfs_write,75.025
sealfs_write,69.316
sealfs_write,73.851
sealfs_write,64.191
sealfs_write,72.246
sealfs_write,69.342
sealfs_write,72.674
sealfs_write,64.378
sealfs_write,74.541
sealfs_write,69.105
sealfs_write,73.839
sealfs_write,67.183
sealfs_write,70.380
sealfs_write,74.291
sealfs_write,75.838
sealfs_write,69.432
sealfs_write,73.119
sealfs_write,74.949
sealfs_write,71.228
sealfs_write,70.759
sealfs_write,71.826
sealfs_write,68.674
sealfs_write,70.622
sealfs_write,68.818
sealfs_write,77.761
sealfs_write,70.608
sealfs_write,70.296
sealfs_write,65.246
sealfs_write,75.016
sealfs_write,68.786
sealfs_write,76.854
sealfs_write,67.038
sealfs_write,74.140
sealfs_write,69.195
sealfs_write,78.663
sealfs_write,67.575
sealfs_write,74.332
sealfs_write,69.039
sealfs_write,881.795
sealfs_write,64.726
sealfs_write,108.008
sealfs_write,69.445
sealfs_write,70.163
sealfs_write,65.103
sealfs_write,69.331
sealfs_write,66.130
sealfs_write,68.782
sealfs_write,68.832
sealfs_write,71.938
sealfs_write,77.142
sealfs_write,74.217
sealfs_write,73.747
sealfs_write,77.443
sealfs_write,72.371
sealfs_write,73.136
sealfs_write,68.932
sealfs_write,70.458
sealfs_write,69.459
sealfs_write,81.957
sealfs_write,64.329
sealfs_write,70.964
sealfs_write,68.395
sealfs_write,70.963
sealfs_write,65.954
sealfs_write,71.503
sealfs_write,65.081
sealfs_write,72.190
sealfs_write,65.674
sealfs_write,78.714
sealfs_write,68.137
sealfs_write,76.214
sealfs_write,72.834
sealfs_write,70.795
sealfs_write,75.133
sealfs_write,79.436
sealfs_write,71.121
sealfs_write,71.418
sealfs_write,68.832
sealfs_write,69.013
sealfs_write,63.108
sealfs_write,73.909
sealfs_write,69.106
sealfs_write,68.446
sealfs_write,76.137
sealfs_write,69.859
sealfs_write,67.642
sealfs_write,79.541
sealfs_write,68.137
sealfs_write,72.063
sealfs_write,69.839
sealfs_write,74.106
sealfs_write,78.380
sealfs_write,79.002
sealfs_write,69.503
sealfs_write,86.934
sealfs_write,76.424
sealfs_write,70.641
sealfs_write,65.620
sealfs_write,71.979
sealfs_write,66.699
sealfs_write,74.131
sealfs_write,71.687
sealfs_write,69.720
sealfs_write,69.711
sealfs_write,69.554
sealfs_write,72.601
sealfs_write,77.232
sealfs_write,68.312
sealfs_write,68.966
sealfs_write,68.669
sealfs_write,71.309
sealfs_write,73.490
sealfs_write,80.457
sealfs_write,108.083
sealfs_write,71.850
sealfs_write,67.928
sealfs_write,69.849
sealfs_write,65.333
sealfs_write,73.619
sealfs_write,66.903
sealfs_write,72.525
sealfs_write,66.767
sealfs_write,75.993
sealfs_write,63.850
sealfs_write,71.289
sealfs_write,69.498
sealfs_write,74.192
sealfs_write,70.197
sealfs_write,71.069
sealfs_write,67.129
sealfs_write,72.909
sealfs_write,70.470
sealfs_write,71.818
sealfs_write,80.132
sealfs_write,71.181
sealfs_write,69.709
sealfs_write,70.355
sealfs_write,71.721
sealfs_write,918.104
sealfs_write,65.463
sealfs_write,68.216
sealfs_write,66.766
sealfs_write,68.367
sealfs_write,65.958
sealfs_write,67.428
sealfs_write,63.294
sealfs_write,70.901
sealfs_write,71.180
sealfs_write,73.129
sealfs_write,65.918
sealfs_write,73.271
sealfs_write,65.408
sealfs_write,75.704
sealfs_write,68.294
sealfs_write,73.364
sealfs_write,70.730
sealfs_write,75.470
sealfs_write,67.052
sealfs_write,73.024
sealfs_write,65.277
sealfs_write,69.214
sealfs_write,69.511
sealfs_write,69.161
sealfs_write,66.429
sealfs_write,68.791
sealfs_write,70.921
sealfs_write,68.855
sealfs_write,72.080
sealfs_write,68.456
sealfs_write,72.050
sealfs_write,70.936
sealfs_write,71.738
sealfs_write,81.758
sealfs_write,73.275
sealfs_write,84.425
sealfs_write,67.590
sealfs_write,74.793
sealfs_write,65.363
sealfs_write,72.715
sealfs_write,65.978
sealfs_write,71.616
sealfs_write,68.040
sealfs_write,73.599
sealfs_write,64.702
sealfs_write,74.530
sealfs_write,69.643
sealfs_write,71.592
sealfs_write,66.737
sealfs_write,69.238
sealfs_write,72.817
sealfs_write,72.085
sealfs_write,70.849
sealfs_write,71.321
sealfs_write,73.799
sealfs_write,72.984
sealfs_write,79.591
sealfs_write,78.736
sealfs_write,75.260
sealfs_write,71.365
sealfs_write,67.112
sealfs_write,68.145
sealfs_write,67.510
sealfs_write,70.044
sealfs_write,66.251
sealfs_write,69.469
sealfs_write,62.627
sealfs_write,73.153
sealfs_write,62.607
sealfs_write,73.222
sealfs_write,103.424
sealfs_write,73.655
sealfs_write,69.390
sealfs_write,74.625
sealfs_write,69.718
sealfs_write,83.206
sealfs_write,70.139
sealfs_write,76.041
sealfs_write,68.753
sealfs_write,71.210
sealfs_write,65.566
sealfs_write,70.725
sealfs_write,69.377
sealfs_write,71.450
sealfs_write,70.032
sealfs_write,70.051
sealfs_write,68.456
sealfs_write,70.877
sealfs_write,68.366
sealfs_write,71.639
sealfs_write,71.325
sealfs_write,77.012
sealfs_write,70.843
sealfs_write,72.025
sealfs_write,70.241
sealfs_write,85.242
sealfs_write,69.353
sealfs_write,84.021
sealfs_write,67.622
sealfs_write,77.059
sealfs_write,65.370
sealfs_write,69.623
sealfs_write,72.356
sealfs_write,70.628
sealfs_write,64.060
sealfs_write,70.951
sealfs_write,65.501
sealfs_write,67.692
sealfs_write,63.515
sealfs_write,69.219
sealfs_write,69.907
sealfs_write,67.634
sealfs_write,67.730
sealfs_write,69.245
sealfs_write,70.336
sealfs_write,74.830
sealfs_write,68.676
sealfs_write,79.096
sealfs_write,69.060
sealfs_write,70.680
sealfs_write,67.461
sealfs_write,68.240
sealfs_write,69.944
sealfs_write,68.752
sealfs_write,65.624
sealfs_write,71.277
sealfs_write,64.711
sealfs_write,69.904
sealfs_write,64.930
sealfs_write,69.483
sealfs_write,66.855
sealfs_write,72.329
sealfs_write,64.691
sealfs_write,72.040
sealfs_write,70.547
sealfs_write,76.233
sealfs_write,77.613
sealfs_write,74.344
sealfs_write,70.324
sealfs_write,67.986
sealfs_write,73.165
sealfs_write,68.451
sealfs_write,68.910
sealfs_write,75.051
sealfs_write,66.386
sealfs_write,70.696
sealfs_write,70.285
sealfs_write,70.156
sealfs_write,66.538
sealfs_write,69.069
sealfs_write,69.879
sealfs_write,71.461
sealfs_write,69.686
sealfs_write,69.354
sealfs_write,66.468
sealfs_write,95.646
sealfs_write,71.018
sealfs_write,70.295
sealfs_write,64.986
sealfs_write,77.041
sealfs_write,67.266
sealfs_write,71.747
sealfs_write,66.111
sealfs_write,70.838
sealfs_write,61.974
sealfs_write,71.280
sealfs_write,65.358
sealfs_write,70.593
sealfs_write,66.292
sealfs_write,71.284
sealfs_write,67.227
sealfs_write,69.778
sealfs_write,69.118
sealfs_write,72.055
sealfs_write,68.437
sealfs_write,80.777
sealfs_write,72.154
sealfs_write,67.874
sealfs_write,71.322
sealfs_write,72.080
sealfs_write,71.139
sealfs_write,69.142
sealfs_write,66.409
sealfs_write,76.104
sealfs_write,61.894
sealfs_write,70.333
sealfs_write,63.668
sealfs_write,72.207
sealfs_write,64.380
sealfs_write,71.497
sealfs_write,67.139
sealfs_write,72.623
sealfs_write,65.908
sealfs_write,73.528
sealfs_write,66.986
sealfs_write,73.241
sealfs_write,67.509
sealfs_write,67.998
sealfs_write,71.802
sealfs_write,75.557
sealfs_write,68.580
sealfs_write,70.054
sealfs_write,69.310
sealfs_write,77.550
sealfs_write,65.087
sealfs_write,67.087
sealfs_write,65.915
sealfs_write,69.798
sealfs_write,69.196
sealfs_write,69.284
sealfs_write,67.628
sealfs_write,71.258
sealfs_write,65.217
sealfs_write,78.349
sealfs_write,67.703
sealfs_write,76.364
sealfs_write,69.514
sealfs_write,74.622
sealfs_write,69.273
sealfs_write,68.800
sealfs_write,67.201
sealfs_write,77.423
sealfs_write,66.733
sealfs_write,68.890
sealfs_write,63.317
sealfs_write,73.211
sealfs_write,63.330
sealfs_write,69.971
sealfs_write,64.183
sealfs_write,69.426
sealfs_write,67.198
sealfs_write,70.827
sealfs_write,68.602
sealfs_write,69.806
sealfs_write,71.382
sealfs_write,72.649
sealfs_write,68.116
sealfs_write,69.383
sealfs_write,67.854
sealfs_write,69.209
sealfs_write,74.926
sealfs_write,71.293
sealfs_write,77.430
sealfs_write,72.987
sealfs_write,63.040
sealfs_write,67.864
sealfs_write,67.819
sealfs_write,72.620
sealfs_write,64.381
sealfs_write,71.650
sealfs_write,67.642
sealfs_write,74.123
sealfs_write,66.861
sealfs_write,73.557
sealfs_write,66.329
sealfs_write,75.942
sealfs_write,68.358
sealfs_write,72.645
sealfs_write,70.292
sealfs_write,71.585
sealfs_write,69.350
sealfs_write,70.456
sealfs_write,72.319
sealfs_write,68.928
sealfs_write,66.282
sealfs_write,69.456
sealfs_write,72.242
sealfs_write,68.334
sealfs_write,61.610
sealfs_write,69.289
sealfs_write,72.756
sealfs_write,76.281
sealfs_write,66.705
sealfs_write,91.100
sealfs_write,67.886
sealfs_write,71.733
sealfs_write,70.293
sealfs_write,73.948
sealfs_write,66.049
sealfs_write,71.223
sealfs_write,64.690
sealfs_write,71.777
sealfs_write,68.273
sealfs_write,75.012
sealfs_write,65.157
sealfs_write,70.543
sealfs_write,69.200
sealfs_write,67.468
sealfs_write,66.104
sealfs_write,68.799
sealfs_write,66.751
sealfs_write,72.327
sealfs_write,69.049
sealfs_write,70.869
sealfs_write,68.706
sealfs_write,67.289
sealfs_write,73.195
sealfs_write,108.139
sealfs_write,71.933
sealfs_write,6713.437
sealfs_write,64.325
sealfs_write,72.456
sealfs_write,68.026
sealfs_write,103.981
sealfs_write,70.817
sealfs_write,72.188
sealfs_write,66.127
sealfs_write,70.151
sealfs_write,62.442
sealfs_write,72.635
sealfs_write,66.984
sealfs_write,72.773
sealfs_write,67.323
sealfs_write,73.969
sealfs_write,69.214
sealfs_write,72.641
sealfs_write,68.565
sealfs_write,74.183
sealfs_write,75.881
sealfs_write,77.364
sealfs_write,68.442
sealfs_write,76.896
sealfs_write,69.926
sealfs_write,76.440
sealfs_write,73.896
sealfs_write,71.010
sealfs_write,70.251
sealfs_write,66.941
sealfs_write,65.255
sealfs_write,74.636
sealfs_write,67.906
sealfs_write,80.412
sealfs_write,68.660
sealfs_write,72.512
sealfs_write,69.197
sealfs_write,75.307
sealfs_write,69.640
sealfs_write,73.410
sealfs_write,65.118
sealfs_write,74.775
sealfs_write,65.948
sealfs_write,76.739
sealfs_write,69.079
sealfs_write,83.192
sealfs_write,67.057
sealfs_write,69.374
sealfs_write,68.669
sealfs_write,70.125
sealfs_write,67.018
sealfs_write,69.834
sealfs_write,71.555
sealfs_write,71.983
sealfs_write,70.555
sealfs_write,70.848
sealfs_write,72.284
sealfs_write,71.002
sealfs_write,109.574
sealfs_write,70.827
sealfs_write,70.657
sealfs_write,70.771
sealfs_write,64.035
sealfs_write,74.160
sealfs_write,67.092
sealfs_write,72.877
sealfs_write,64.546
sealfs_write,74.627
sealfs_write,66.962
sealfs_write,71.408
sealfs_write,69.490
sealfs_write,71.076
sealfs_write,63.727
sealfs_write,72.395
sealfs_write,67.718
sealfs_write,72.615
sealfs_write,69.052
sealfs_write,72.815
sealfs_write,71.962
sealfs_write,72.737
sealfs_write,69.342
sealfs_write,71.520
sealfs_write,67.013
sealfs_write,78.408
sealfs_write,73.616
sealfs_write,70.554
sealfs_write,66.771
sealfs_write,67.701
sealfs_write,67.848
sealfs_write,104.256
sealfs_write,68.836
sealfs_write,73.407
sealfs_write,65.644
sealfs_write,73.719
sealfs_write,64.669
sealfs_write,71.784
sealfs_write,70.525
sealfs_write,74.970
sealfs_write,65.469
sealfs_write,72.735
sealfs_write,67.376
sealfs_write,6646.288
sealfs_write,63.718
sealfs_write,75.816
sealfs_write,70.457
sealfs_write,69.478
sealfs_write,66.571
sealfs_write,70.399
sealfs_write,68.411
sealfs_write,68.199
sealfs_write,70.391
sealfs_write,105.597
sealfs_write,70.954
sealfs_write,70.626
sealfs_write,65.794
sealfs_write,70.212
sealfs_write,71.688
sealfs_write,70.625
sealfs_write,70.849
sealfs_write,70.430
sealfs_write,67.027
sealfs_write,70.458
sealfs_write,65.626
sealfs_write,75.283
sealfs_write,73.888
sealfs_write,70.945
sealfs_write,64.376
sealfs_write,69.745
sealfs_write,64.591
sealfs_write,68.350
sealfs_write,67.042
sealfs_write,71.361
sealfs_write,69.417
sealfs_write,76.194
sealfs_write,65.522
sealfs_write,74.364
sealfs_write,71.893
sealfs_write,71.375
sealfs_write,67.685
sealfs_write,69.081
sealfs_write,68.062
sealfs_write,70.259
sealfs_write,70.937
sealfs_write,72.631
sealfs_write,69.175
sealfs_write,74.209
sealfs_write,70.275
sealfs_write,70.644
sealfs_write,69.973
sealfs_write,70.554
sealfs_write,70.434
sealfs_write,76.402
sealfs_write,69.009
sealfs_write,71.874
sealfs_write,68.904
sealfs_write,71.569
sealfs_write,71.116
sealfs_write,74.737
sealfs_write,67.321
sealfs_write,77.297
sealfs_write,67.952
sealfs_write,72.040
sealfs_write,62.808
sealfs_write,70.603
sealfs_write,66.947
sealfs_write,76.558
sealfs_write,65.580
sealfs_write,70.296
sealfs_write,72.667
sealfs_write,74.281
sealfs_write,67.284
sealfs_write,70.493
sealfs_write,68.844
sealfs_write,79.840
sealfs_write,75.093
sealfs_write,71.010
sealfs_write,78.379
sealfs_write,73.543
sealfs_write,67.288
sealfs_write,74.925
sealfs_write,68.037
sealfs_write,74.540
sealfs_write,70.195
sealfs_write,72.864
sealfs_write,68.338
sealfs_write,77.330
sealfs_write,66.274
sealfs_write,73.189
sealfs_write,65.308
sealfs_write,69.166
sealfs_write,59.870
sealfs_write,72.016
sealfs_write,64.892
sealfs_write,72.084
sealfs_write,63.800
sealfs_write,105.252
sealfs_write,73.745
sealfs_write,75.097
sealfs_write,67.494
sealfs_write,72.289
sealfs_write,66.890
sealfs_write,6689.328
sealfs_write,72.477
sealfs_write,69.874
sealfs_write,68.869
sealfs_write,76.500
sealfs_write,67.370
sealfs_write,70.937
sealfs_write,67.378
sealfs_write,72.572
sealfs_write,62.999
sealfs_write,69.962
sealfs_write,63.826
sealfs_write,72.623
sealfs_write,64.479
sealfs_write,73.498
sealfs_write,67.395
sealfs_write,75.351
sealfs_write,68.905
sealfs_write,74.393
sealfs_write,66.474
sealfs_write,72.516
sealfs_write,63.239
sealfs_write,70.143
sealfs_write,69.031
sealfs_write,69.543
sealfs_write,76.257
sealfs_write,72.912
sealfs_write,65.955
sealfs_write,66.933
sealfs_write,64.519
sealfs_write,69.097
sealfs_write,66.543
sealfs_write,71.278
sealfs_write,69.165
sealfs_write,67.879
sealfs_write,77.093
sealfs_write,72.807
sealfs_write,68.536
sealfs_write,72.203
sealfs_write,69.753
sealfs_write,73.101
sealfs_write,65.278
sealfs_write,72.637
sealfs_write,66.872
sealfs_write,70.890
sealfs_write,63.086
sealfs_write,71.816
sealfs_write,74.592
sealfs_write,71.952
sealfs_write,61.901
sealfs_write,70.624
sealfs_write,66.950
sealfs_write,73.992
sealfs_write,66.967
sealfs_write,70.855
sealfs_write,79.533
sealfs_write,77.988
sealfs_write,66.218
sealfs_write,111.739
sealfs_write,78.853
sealfs_write,72.544
sealfs_write,67.044
sealfs_write,72.195
sealfs_write,73.381
sealfs_write,72.525
sealfs_write,70.552
sealfs_write,69.582
sealfs_write,68.137
sealfs_write,72.712
sealfs_write,70.550
sealfs_write,70.437
sealfs_write,72.248
sealfs_write,75.669
sealfs_write,65.846
sealfs_write,82.667
sealfs_write,69.115
sealfs_write,75.510
sealfs_write,69.429
sealfs_write,73.177
sealfs_write,69.799
sealfs_write,76.116
sealfs_write,65.913
sealfs_write,72.335
sealfs_write,69.188
sealfs_write,71.799
sealfs_write,67.422
sealfs_write,76.277
sealfs_write,72.297
sealfs_write,72.140
sealfs_write,69.241
sealfs_write,72.968
sealfs_write,71.052
sealfs_write,71.606
sealfs_write,69.294
sealfs_write,71.717
sealfs_write,72.080
sealfs_write,74.873
sealfs_write,64.517
sealfs_write,73.136
sealfs_write,70.025
sealfs_write,6654.723
sealfs_write,70.540
sealfs_write,73.769
sealfs_write,67.152
sealfs_write,73.248
sealfs_write,64.416
sealfs_write,71.788
sealfs_write,68.707
sealfs_write,72.345
sealfs_write,64.406
sealfs_write,70.508
sealfs_write,82.057
sealfs_write,70.223
sealfs_write,67.461
sealfs_write,72.353
sealfs_write,70.081
sealfs_write,71.909
sealfs_write,73.580
sealfs_write,72.310
sealfs_write,67.301
sealfs_write,73.018
sealfs_write,68.964
sealfs_write,73.305
sealfs_write,67.901
sealfs_write,74.852
sealfs_write,65.427
sealfs_write,75.909
sealfs_write,67.773
sealfs_write,80.196
sealfs_write,65.565
sealfs_write,74.463
sealfs_write,66.727
sealfs_write,80.202
sealfs_write,64.333
sealfs_write,77.140
sealfs_write,68.865
sealfs_write,80.303
sealfs_write,68.382
sealfs_write,75.236
sealfs_write,70.165
sealfs_write,78.701
sealfs_write,71.848
sealfs_write,71.584
sealfs_write,72.915
sealfs_write,73.301
sealfs_write,67.434
sealfs_write,69.835
sealfs_write,71.152
sealfs_write,70.435
sealfs_write,65.570
sealfs_write,69.537
sealfs_write,68.377
sealfs_write,71.624
sealfs_write,67.186
sealfs_write,72.972
sealfs_write,69.758
sealfs_write,74.744
sealfs_write,73.362
sealfs_write,71.414
sealfs_write,65.852
sealfs_write,74.062
sealfs_write,66.236
sealfs_write,73.945
sealfs_write,67.017
sealfs_write,76.233
sealfs_write,66.134
sealfs_write,74.534
sealfs_write,68.388
sealfs_write,72.860
sealfs_write,64.493
sealfs_write,69.376
sealfs_write,68.026
sealfs_write,76.903
sealfs_write,71.172
sealfs_write,72.310
sealfs_write,69.143
sealfs_write,70.915
sealfs_write,70.661
sealfs_write,75.017
sealfs_write,72.310
sealfs_write,71.739
sealfs_write,66.348
sealfs_write,73.697
sealfs_write,68.732
sealfs_write,69.405
sealfs_write,69.443
sealfs_write,79.470
sealfs_write,73.497
sealfs_write,81.320
sealfs_write,60.961
sealfs_write,79.761
sealfs_write,65.092
sealfs_write,74.997
sealfs_write,65.025
sealfs_write,70.099
sealfs_write,69.066
sealfs_write,73.941
sealfs_write,70.147
sealfs_write,75.260
sealfs_write,70.535
sealfs_write,84.531
sealfs_write,65.571
sealfs_write,82.413
sealfs_write,77.133
sealfs_write,80.867
sealfs_write,67.581
sealfs_write,70.165
sealfs_write,69.252
sealfs_write,72.470
sealfs_write,62.386
sealfs_write,74.396
sealfs_write,64.672
sealfs_write,79.071
sealfs_write,62.262
sealfs_write,75.682
sealfs_write,61.319
sealfs_write,75.387
sealfs_write,66.526
sealfs_write,80.562
sealfs_write,73.375
sealfs_write,73.564
sealfs_write,66.477
sealfs_write,76.654
sealfs_write,66.157
sealfs_write,74.674
sealfs_write,64.090
sealfs_write,69.652
sealfs_write,67.922
sealfs_write,74.135
sealfs_write,82.715
sealfs_write,69.669
sealfs_write,75.911
sealfs_write,74.966
sealfs_write,68.678
sealfs_write,74.368
sealfs_write,69.604
sealfs_write,74.172
sealfs_write,73.667
sealfs_write,74.126
sealfs_write,68.835
sealfs_write,79.739
sealfs_write,71.253
sealfs_write,78.144
sealfs_write,68.344
sealfs_write,76.616
sealfs_write,64.078
sealfs_write,69.434
sealfs_write,69.458
sealfs_write,80.100
sealfs_write,73.839
sealfs_write,75.979
sealfs_write,68.597
sealfs_write,69.632
sealfs_write,66.808
sealfs_write,74.739
sealfs_write,68.977
sealfs_write,79.793
sealfs_write,74.270
sealfs_write,71.032
sealfs_write,68.576
sealfs_write,81.852
sealfs_write,82.884
sealfs_write,73.818
sealfs_write,73.051
sealfs_write,72.006
sealfs_write,68.088
sealfs_write,83.234
sealfs_write,70.123
sealfs_write,71.882
sealfs_write,69.074
sealfs_write,68.913
sealfs_write,69.025
sealfs_write,71.992
sealfs_write,65.677
sealfs_write,70.670
sealfs_write,65.096
sealfs_write,78.403
sealfs_write,70.459
sealfs_write,75.847
sealfs_write,70.200
sealfs_write,89.953
sealfs_write,62.644
sealfs_write,69.097
sealfs_write,66.469
sealfs_write,81.517
sealfs_write,65.692
sealfs_write,74.877
sealfs_write,66.074
sealfs_write,75.113
sealfs_write,63.089
sealfs_write,72.064
sealfs_write,70.218
sealfs_write,74.259
sealfs_write,68.183
sealfs_write,71.613
sealfs_write,69.293
sealfs_write,75.584
sealfs_write,68.943
sealfs_write,72.701
sealfs_write,66.717
sealfs_write,6696.371
sealfs_write,64.373
sealfs_write,73.456
sealfs_write,68.949
sealfs_write,75.256
sealfs_write,66.329
sealfs_write,70.962
sealfs_write,65.970
sealfs_write,73.793
sealfs_write,61.341
sealfs_write,69.325
sealfs_write,103.431
sealfs_write,73.796
sealfs_write,65.438
sealfs_write,75.993
sealfs_write,74.599
sealfs_write,88.864
sealfs_write,77.868
sealfs_write,79.525
sealfs_write,67.418
sealfs_write,74.544
sealfs_write,67.087
sealfs_write,78.937
sealfs_write,73.846
sealfs_write,75.684
sealfs_write,68.232
sealfs_write,74.918
sealfs_write,69.993
sealfs_write,72.448
sealfs_write,66.292
sealfs_write,68.287
sealfs_write,66.954
sealfs_write,70.376
sealfs_write,72.019
sealfs_write,78.758
sealfs_write,71.213
sealfs_write,75.895
sealfs_write,69.161
sealfs_write,75.096
sealfs_write,65.684
sealfs_write,74.205
sealfs_write,65.226
sealfs_write,73.543
sealfs_write,77.906
sealfs_write,77.294
sealfs_write,71.344
sealfs_write,68.712
sealfs_write,68.998
sealfs_write,72.956
sealfs_write,66.306
sealfs_write,74.506
sealfs_write,63.964
sealfs_write,79.467
sealfs_write,68.207
sealfs_write,69.596
sealfs_write,71.115
sealfs_write,69.181
sealfs_write,67.107
sealfs_write,72.022
sealfs_write,68.407
sealfs_write,69.168
sealfs_write,64.581
sealfs_write,76.363
sealfs_write,67.206
sealfs_write,75.603
sealfs_write,71.121
sealfs_write,73.588
sealfs_write,73.813
sealfs_write,73.108
sealfs_write,64.608
sealfs_write,77.532
sealfs_write,65.904
sealfs_write,77.033
sealfs_write,63.233
sealfs_write,70.045
sealfs_write,68.124
sealfs_write,78.543
sealfs_write,70.707
sealfs_write,73.573
sealfs_write,70.154
sealfs_write,72.937
sealfs_write,66.696
sealfs_write,81.925
sealfs_write,69.144
sealfs_write,72.496
sealfs_write,66.543
sealfs_write,69.753
sealfs_write,69.938
sealfs_write,79.058
sealfs_write,66.028
sealfs_write,73.050
sealfs_write,66.231
sealfs_write,75.493
sealfs_write,65.414
sealfs_write,74.910
sealfs_write,67.217
sealfs_write,74.613
sealfs_write,67.410
sealfs_write,75.379
sealfs_write,67.753
sealfs_write,6733.324
sealfs_write,63.261
sealfs_write,74.249
sealfs_write,64.910
sealfs_write,76.667
sealfs_write,63.907
sealfs_write,76.995
sealfs_write,71.552
sealfs_write,75.861
sealfs_write,67.537
sealfs_write,78.355
sealfs_write,65.206
sealfs_write,87.030
sealfs_write,68.798
sealfs_write,92.853
sealfs_write,78.781
sealfs_write,90.454
sealfs_write,114.010
sealfs_write,92.280
sealfs_write,69.963
sealfs_write,69.997
sealfs_write,64.815
sealfs_write,77.757
sealfs_write,67.264
sealfs_write,80.454
sealfs_write,65.134
sealfs_write,72.533
sealfs_write,72.229
sealfs_write,75.208
sealfs_write,66.090
sealfs_write,81.289
sealfs_write,67.649
sealfs_write,93.392
sealfs_write,66.293
sealfs_write,77.550
sealfs_write,72.484
sealfs_write,79.596
sealfs_write,69.051
sealfs_write,70.366
sealfs_write,83.202
sealfs_write,73.225
sealfs_write,68.600
sealfs_write,70.358
sealfs_write,71.010
sealfs_write,72.406
sealfs_write,65.817
sealfs_write,71.355
sealfs_write,68.336
sealfs_write,76.532
sealfs_write,66.867
sealfs_write,77.796
sealfs_write,63.555
sealfs_write,69.091
sealfs_write,67.913
sealfs_write,74.192
sealfs_write,66.163
sealfs_write,78.377
sealfs_write,66.973
sealfs_write,73.810
sealfs_write,101.450
sealfs_write,83.386
sealfs_write,72.979
sealfs_write,72.430
sealfs_write,66.937
sealfs_write,79.894
sealfs_write,67.276
sealfs_write,68.265
sealfs_write,69.128
sealfs_write,78.888
sealfs_write,68.562
sealfs_write,77.259
sealfs_write,81.111
sealfs_write,79.504
sealfs_write,76.159
sealfs_write,68.010
sealfs_write,77.224
sealfs_write,73.894
sealfs_write,67.262
sealfs_write,74.498
sealfs_write,68.298
sealfs_write,102.904
sealfs_write,66.578
sealfs_write,76.463
sealfs_write,66.011
sealfs_write,77.465
sealfs_write,65.926
sealfs_write,73.509
sealfs_write,70.967
sealfs_write,76.663
sealfs_write,68.519
sealfs_write,78.358
sealfs_write,68.456
sealfs_write,80.823
sealfs_write,67.335
sealfs_write,74.000
sealfs_write,73.299
sealfs_write,74.925
sealfs_write,67.331
sealfs_write,70.542
sealfs_write,70.163
sealfs_write,94.270
sealfs_write,70.582
sealfs_write,78.768
sealfs_write,68.501
sealfs_write,73.931
sealfs_write,66.497
sealfs_write,69.035
sealfs_write,67.161
sealfs_write,73.157
sealfs_write,65.225
sealfs_write,77.428
sealfs_write,66.582
sealfs_write,75.670
sealfs_write,72.980
sealfs_write,78.978
sealfs_write,64.208
sealfs_write,78.466
sealfs_write,66.056
sealfs_write,76.153
sealfs_write,67.183
sealfs_write,71.887
sealfs_write,70.080
sealfs_write,70.704
sealfs_write,72.931
sealfs_write,75.751
sealfs_write,68.554
sealfs_write,72.533
sealfs_write,73.628
sealfs_write,73.572
sealfs_write,67.288
sealfs_write,72.435
sealfs_write,74.771
sealfs_write,79.751
sealfs_write,66.390
sealfs_write,68.563
sealfs_write,78.549
sealfs_write,100.132
sealfs_write,70.114
sealfs_write,68.602
sealfs_write,67.952
sealfs_write,73.585
sealfs_write,68.064
sealfs_write,82.053
sealfs_write,85.971
sealfs_write,83.763
sealfs_write,69.197
sealfs_write,82.500
sealfs_write,75.500
sealfs_write,75.254
sealfs_write,66.215
sealfs_write,71.975
sealfs_write,66.276
sealfs_write,68.968
sealfs_write,66.647
sealfs_write,71.271
sealfs_write,72.096
sealfs_write,75.172
sealfs_write,69.346
sealfs_write,68.723
sealfs_write,73.133
sealfs_write,71.427
sealfs_write,65.845
sealfs_write,77.704
sealfs_write,67.724
sealfs_write,70.123
sealfs_write,71.822
sealfs_write,69.251
sealfs_write,69.632
sealfs_write,73.352
sealfs_write,65.808
sealfs_write,77.903
sealfs_write,66.557
sealfs_write,74.948
sealfs_write,66.926
sealfs_write,73.772
sealfs_write,67.891
sealfs_write,73.797
sealfs_write,65.250
sealfs_write,68.345
sealfs_write,68.832
sealfs_write,72.949
sealfs_write,66.062
sealfs_write,79.841
sealfs_write,73.943
sealfs_write,74.062
sealfs_write,66.251
sealfs_write,67.946
sealfs_write,68.910
sealfs_write,73.700
sealfs_write,67.022
sealfs_write,70.756
sealfs_write,69.026
sealfs_write,71.460
sealfs_write,69.587
sealfs_write,67.772
sealfs_write,69.502
sealfs_write,75.278
sealfs_write,68.508
sealfs_write,80.712
sealfs_write,75.937
sealfs_write,6660.343
sealfs_write,72.886
sealfs_write,77.861
sealfs_write,64.488
sealfs_write,75.129
sealfs_write,62.854
sealfs_write,78.680
sealfs_write,107.025
sealfs_write,76.473
sealfs_write,67.213
sealfs_write,74.194
sealfs_write,68.212
sealfs_write,73.053
sealfs_write,68.719
sealfs_write,69.814
sealfs_write,74.215
sealfs_write,72.986
sealfs_write,73.369
sealfs_write,70.532
sealfs_write,69.049
sealfs_write,69.468
sealfs_write,68.084
sealfs_write,69.886
sealfs_write,72.037
sealfs_write,70.593
sealfs_write,82.164
sealfs_write,70.701
sealfs_write,73.438
sealfs_write,75.499
sealfs_write,69.426
sealfs_write,69.809
sealfs_write,66.777
sealfs_write,82.763
sealfs_write,62.396
sealfs_write,80.610
sealfs_write,68.958
sealfs_write,74.565
sealfs_write,66.441
sealfs_write,70.361
sealfs_write,66.804
sealfs_write,71.933
sealfs_write,67.930
sealfs_write,69.171
sealfs_write,70.536
sealfs_write,68.771
sealfs_write,70.508
sealfs_write,68.811
sealfs_write,72.984
sealfs_write,71.286
sealfs_write,106.774
sealfs_write,74.036
sealfs_write,69.011
sealfs_write,69.967
sealfs_write,74.107
sealfs_write,72.922
sealfs_write,79.013
sealfs_write,69.968
sealfs_write,72.523
sealfs_write,67.217
sealfs_write,68.914
sealfs_write,75.882
sealfs_write,66.573
sealfs_write,72.249
sealfs_write,67.662
sealfs_write,70.922
sealfs_write,73.522
sealfs_write,76.679
sealfs_write,63.292
sealfs_write,76.678
sealfs_write,66.651
sealfs_write,105.574
sealfs_write,71.497
sealfs_write,68.845
sealfs_write,64.918
sealfs_write,65.571
sealfs_write,65.260
sealfs_write,74.232
sealfs_write,73.800
sealfs_write,67.441
sealfs_write,76.056
sealfs_write,79.272
sealfs_write,82.434
sealfs_write,70.392
sealfs_write,69.318
sealfs_write,72.133
sealfs_write,68.490
sealfs_write,73.854
sealfs_write,68.101
sealfs_write,70.199
sealfs_write,65.840
sealfs_write,71.895
sealfs_write,70.290
sealfs_write,72.210
sealfs_write,67.831
sealfs_write,70.501
sealfs_write,67.720
sealfs_write,75.022
sealfs_write,68.425
sealfs_write,71.969
sealfs_write,67.113
sealfs_write,6700.320
sealfs_write,68.901
sealfs_write,71.054
sealfs_write,67.654
sealfs_write,68.165
sealfs_write,66.996
sealfs_write,66.902
sealfs_write,72.488
sealfs_write,67.972
sealfs_write,65.193
sealfs_write,70.815
sealfs_write,67.473
sealfs_write,69.039
sealfs_write,72.737
sealfs_write,68.821
sealfs_write,104.380
sealfs_write,77.762
sealfs_write,70.561
sealfs_write,73.231
sealfs_write,70.021
sealfs_write,71.105
sealfs_write,66.621
sealfs_write,72.329
sealfs_write,67.466
sealfs_write,75.866
sealfs_write,70.336
sealfs_write,70.251
sealfs_write,64.602
sealfs_write,68.311
sealfs_write,61.943
sealfs_write,69.243
sealfs_write,69.290
sealfs_write,69.681
sealfs_write,74.001
sealfs_write,69.330
sealfs_write,76.086
sealfs_write,73.489
sealfs_write,68.864
sealfs_write,81.689
sealfs_write,84.877
sealfs_write,69.518
sealfs_write,67.807
sealfs_write,68.618
sealfs_write,66.462
sealfs_write,71.728
sealfs_write,65.711
sealfs_write,73.564
sealfs_write,65.176
sealfs_write,69.990
sealfs_write,64.405
sealfs_write,70.897
sealfs_write,66.582
sealfs_write,71.224
sealfs_write,66.511
sealfs_write,72.801
sealfs_write,71.638
sealfs_write,74.313
sealfs_write,72.274
sealfs_write,75.715
sealfs_write,66.094
sealfs_write,72.474
sealfs_write,68.154
sealfs_write,72.204
sealfs_write,70.177
sealfs_write,68.780
sealfs_write,69.303
sealfs_write,70.228
sealfs_write,69.824
sealfs_write,71.210
sealfs_write,70.837
sealfs_write,75.677
sealfs_write,70.891
sealfs_write,72.130
sealfs_write,69.355
sealfs_write,73.505
sealfs_write,88.794
sealfs_write,72.793
sealfs_write,73.327
sealfs_write,68.980
sealfs_write,66.943
sealfs_write,78.408
sealfs_write,63.534
sealfs_write,76.434
sealfs_write,66.474
sealfs_write,74.304
sealfs_write,66.599
sealfs_write,72.016
sealfs_write,69.280
sealfs_write,79.589
sealfs_write,81.655
sealfs_write,77.772
sealfs_write,72.377
sealfs_write,71.343
sealfs_write,69.611
sealfs_write,68.853
sealfs_write,66.356
sealfs_write,70.537
sealfs_write,104.979
sealfs_write,77.500
sealfs_write,70.137
sealfs_write,6693.668
sealfs_write,71.158
sealfs_write,71.705
sealfs_write,69.106
sealfs_write,74.723
sealfs_write,66.920
sealfs_write,71.348
sealfs_write,68.372
sealfs_write,76.996
sealfs_write,66.073
sealfs_write,72.431
sealfs_write,68.956
sealfs_write,75.095
sealfs_write,66.590
sealfs_write,68.422
sealfs_write,61.832
sealfs_write,75.173
sealfs_write,64.057
sealfs_write,69.636
sealfs_write,70.426
sealfs_write,69.740
sealfs_write,75.243
sealfs_write,72.304
sealfs_write,69.504
sealfs_write,90.730
sealfs_write,68.735
sealfs_write,69.158
sealfs_write,68.750
sealfs_write,70.930
sealfs_write,68.667
sealfs_write,70.512
sealfs_write,71.369
sealfs_write,72.192
sealfs_write,69.067
sealfs_write,68.896
sealfs_write,66.704
sealfs_write,73.135
sealfs_write,68.705
sealfs_write,76.142
sealfs_write,68.978
sealfs_write,75.292
sealfs_write,66.676
sealfs_write,72.159
sealfs_write,70.753
sealfs_write,73.923
sealfs_write,65.559
sealfs_write,72.481
sealfs_write,67.934
sealfs_write,74.026
sealfs_write,70.374
sealfs_write,71.978
sealfs_write,71.505
sealfs_write,72.416
sealfs_write,69.283
sealfs_write,68.711
sealfs_write,75.001
sealfs_write,73.051
sealfs_write,68.871
sealfs_write,68.941
sealfs_write,71.266
sealfs_write,96.663
sealfs_write,72.071
sealfs_write,70.553
sealfs_write,68.277
sealfs_write,71.821
sealfs_write,63.934
sealfs_write,73.930
sealfs_write,63.763
sealfs_write,76.462
sealfs_write,65.283
sealfs_write,81.735
sealfs_write,66.942
sealfs_write,85.001
sealfs_write,74.348
sealfs_write,69.792
sealfs_write,63.418
sealfs_write,77.432
sealfs_write,73.744
sealfs_write,71.044
sealfs_write,68.671
sealfs_write,74.516
sealfs_write,71.143
sealfs_write,73.209
sealfs_write,74.317
sealfs_write,71.545
sealfs_write,68.133
sealfs_write,69.759
sealfs_write,71.423
sealfs_write,70.868
sealfs_write,67.818
sealfs_write,70.232
sealfs_write,69.109
sealfs_write,73.350
sealfs_write,68.706
sealfs_write,73.801
sealfs_write,67.185
sealfs_write,75.871
sealfs_write,70.198
sealfs_write,73.939
sealfs_write,68.000
sealfs_write,6701.428
sealfs_write,67.452
sealfs_write,71.391
sealfs_write,70.789
sealfs_write,77.822
sealfs_write,69.611
sealfs_write,71.844
sealfs_write,72.286
sealfs_write,70.729
sealfs_write,69.584
sealfs_write,70.835
sealfs_write,73.632
sealfs_write,74.069
sealfs_write,69.832
sealfs_write,71.011
sealfs_write,70.615
sealfs_write,72.848
sealfs_write,72.438
sealfs_write,70.554
sealfs_write,65.733
sealfs_write,77.227
sealfs_write,64.683
sealfs_write,78.745
sealfs_write,67.302
sealfs_write,73.828
sealfs_write,69.770
sealfs_write,74.413
sealfs_write,66.231
sealfs_write,72.473
sealfs_write,68.286
sealfs_write,70.391
sealfs_write,69.190
sealfs_write,76.401
sealfs_write,62.709
sealfs_write,76.081
sealfs_write,61.950
sealfs_write,74.843
sealfs_write,68.984
sealfs_write,66.148
sealfs_write,71.684
sealfs_write,67.342
sealfs_write,67.143
sealfs_write,66.659
sealfs_write,73.109
sealfs_write,72.079
sealfs_write,70.723
sealfs_write,70.657
sealfs_write,70.284
sealfs_write,76.131
sealfs_write,67.636
sealfs_write,72.786
sealfs_write,67.698
sealfs_write,78.443
sealfs_write,67.802
sealfs_write,74.505
sealfs_write,68.077
sealfs_write,73.295
sealfs_write,68.252
sealfs_write,70.524
sealfs_write,62.816
sealfs_write,75.812
sealfs_write,62.645
sealfs_write,73.203
sealfs_write,66.785
sealfs_write,81.076
sealfs_write,70.847
sealfs_write,83.499
sealfs_write,80.462
sealfs_write,74.288
sealfs_write,66.083
sealfs_write,82.157
sealfs_write,68.420
sealfs_write,70.768
sealfs_write,67.819
sealfs_write,84.438
sealfs_write,72.752
sealfs_write,74.084
sealfs_write,72.351
sealfs_write,71.381
sealfs_write,69.703
sealfs_write,70.155
sealfs_write,63.890
sealfs_write,69.051
sealfs_write,66.028
sealfs_write,78.725
sealfs_write,74.077
sealfs_write,81.139
sealfs_write,69.754
sealfs_write,74.208
sealfs_write,65.124
sealfs_write,72.588
sealfs_write,67.039
sealfs_write,75.124
sealfs_write,65.764
sealfs_write,72.004
sealfs_write,70.329
sealfs_write,75.364
