ext4_write,19.416
ext4_write,11.483
ext4_write,19.031
ext4_write,18.964
ext4_write,18.509
ext4_write,21.763
ext4_write,20.973
ext4_write,17.677
ext4_write,17.456
ext4_write,18.921
ext4_write,21.260
ext4_write,18.415
ext4_write,14.470
ext4_write,21.695
ext4_write,14.429
ext4_write,21.031
ext4_write,16.581
ext4_write,10.994
ext4_write,19.201
ext4_write,15.775
ext4_write,20.114
ext4_write,16.182
ext4_write,20.360
ext4_write,9.476
ext4_write,20.901
ext4_write,24.302
ext4_write,17.287
ext4_write,17.195
ext4_write,15.972
ext4_write,17.421
ext4_write,25.918
ext4_write,14.823
ext4_write,26.135
ext4_write,25.742
ext4_write,10.787
ext4_write,23.022
ext4_write,17.004
ext4_write,21.599
ext4_write,18.030
ext4_write,23.630
ext4_write,18.787
ext4_write,18.218
ext4_write,18.390
ext4_write,18.596
ext4_write,16.715
ext4_write,19.653
ext4_write,16.359
ext4_write,16.619
ext4_write,10.803
ext4_write,18.916
ext4_write,10.641
ext4_write,10.903
ext4_write,19.881
ext4_write,14.099
ext4_write,18.477
ext4_write,19.283
ext4_write,14.463
ext4_write,19.522
ext4_write,21.260
ext4_write,18.004
ext4_write,17.439
ext4_write,19.046
ext4_write,19.216
ext4_write,17.326
ext4_write,16.501
ext4_write,10.170
ext4_write,29.093
ext4_write,29.463
ext4_write,18.050
ext4_write,23.198
ext4_write,20.990
ext4_write,22.342
ext4_write,13.184
ext4_write,20.080
ext4_write,22.183
ext4_write,19.864
ext4_write,16.394
ext4_write,18.971
ext4_write,16.210
ext4_write,10.034
ext4_write,16.572
ext4_write,13.229
ext4_write,16.194
ext4_write,19.896
ext4_write,18.556
ext4_write,19.801
ext4_write,17.761
ext4_write,20.897
ext4_write,19.298
ext4_write,20.681
ext4_write,13.347
ext4_write,17.142
ext4_write,9.394
ext4_write,18.976
ext4_write,18.236
ext4_write,23.742
ext4_write,18.940
ext4_write,20.709
ext4_write,17.700
ext4_write,15.088
ext4_write,19.822
ext4_write,18.286
ext4_write,22.231
ext4_write,19.700
ext4_write,18.786
ext4_write,15.596
ext4_write,15.158
ext4_write,14.325
ext4_write,12.109
ext4_write,15.127
ext4_write,14.874
ext4_write,18.476
ext4_write,16.140
ext4_write,19.712
ext4_write,14.829
ext4_write,26.163
ext4_write,21.420
ext4_write,13.268
ext4_write,18.406
ext4_write,25.304
ext4_write,18.609
ext4_write,16.975
ext4_write,26.570
ext4_write,17.513
ext4_write,17.909
ext4_write,24.007
ext4_write,26.584
ext4_write,17.496
ext4_write,18.199
ext4_write,16.180
ext4_write,18.093
ext4_write,9.420
ext4_write,14.888
ext4_write,13.532
ext4_write,13.748
ext4_write,15.121
ext4_write,11.589
ext4_write,11.850
ext4_write,19.511
ext4_write,14.589
ext4_write,20.584
ext4_write,23.970
ext4_write,20.359
ext4_write,19.324
ext4_write,10.159
ext4_write,16.146
ext4_write,25.188
ext4_write,19.184
ext4_write,15.216
ext4_write,19.172
ext4_write,27.072
ext4_write,19.818
ext4_write,15.923
ext4_write,18.131
ext4_write,16.744
ext4_write,18.228
ext4_write,17.242
ext4_write,29.897
ext4_write,26.746
ext4_write,19.272
ext4_write,19.580
ext4_write,18.589
ext4_write,18.375
ext4_write,10.603
ext4_write,16.991
ext4_write,17.372
ext4_write,17.047
ext4_write,18.445
ext4_write,17.570
ext4_write,18.412
ext4_write,20.506
ext4_write,21.743
ext4_write,18.048
ext4_write,19.051
ext4_write,17.615
ext4_write,17.773
ext4_write,19.197
ext4_write,20.250
ext4_write,14.666
ext4_write,15.254
ext4_write,17.790
ext4_write,20.581
ext4_write,20.012
ext4_write,20.381
ext4_write,20.391
ext4_write,22.008
ext4_write,22.349
ext4_write,16.676
ext4_write,27.638
ext4_write,15.513
ext4_write,27.520
ext4_write,24.462
ext4_write,17.127
ext4_write,30.278
ext4_write,28.397
ext4_write,16.317
ext4_write,17.077
ext4_write,28.856
ext4_write,16.298
ext4_write,15.647
ext4_write,17.206
ext4_write,13.510
ext4_write,24.615
ext4_write,18.303
ext4_write,12.385
ext4_write,27.892
ext4_write,24.165
ext4_write,19.333
ext4_write,20.347
ext4_write,19.845
ext4_write,14.643
ext4_write,10.782
ext4_write,16.889
ext4_write,16.835
ext4_write,21.388
ext4_write,15.323
ext4_write,20.005
ext4_write,15.650
ext4_write,19.746
ext4_write,15.846
ext4_write,20.400
ext4_write,15.238
ext4_write,25.070
ext4_write,13.662
ext4_write,20.071
ext4_write,16.179
ext4_write,10.566
ext4_write,9.550
ext4_write,18.659
ext4_write,14.896
ext4_write,9.158
ext4_write,15.713
ext4_write,18.320
ext4_write,18.334
ext4_write,16.877
ext4_write,15.584
ext4_write,19.133
ext4_write,17.968
ext4_write,16.881
ext4_write,16.047
ext4_write,19.400
ext4_write,14.903
ext4_write,19.873
ext4_write,16.079
ext4_write,20.104
ext4_write,15.052
ext4_write,22.913
ext4_write,11.893
ext4_write,9.042
ext4_write,12.983
ext4_write,11.711
ext4_write,14.751
ext4_write,22.791
ext4_write,16.144
ext4_write,19.406
ext4_write,14.076
ext4_write,17.639
ext4_write,17.561
ext4_write,17.868
ext4_write,18.227
ext4_write,21.410
ext4_write,16.931
ext4_write,29.049
ext4_write,15.995
ext4_write,19.620
ext4_write,24.569
ext4_write,17.296
ext4_write,25.060
ext4_write,18.570
ext4_write,22.319
ext4_write,10.528
ext4_write,9.909
ext4_write,20.818
ext4_write,11.945
ext4_write,12.491
ext4_write,15.940
ext4_write,22.615
ext4_write,16.131
ext4_write,21.866
ext4_write,17.404
ext4_write,9.774
ext4_write,17.550
ext4_write,15.746
ext4_write,19.393
ext4_write,15.346
ext4_write,21.164
ext4_write,16.537
ext4_write,22.883
ext4_write,14.908
ext4_write,33.865
ext4_write,15.641
ext4_write,14.907
ext4_write,16.862
ext4_write,18.452
ext4_write,19.448
ext4_write,19.309
ext4_write,9.015
ext4_write,13.388
ext4_write,13.379
ext4_write,31.461
ext4_write,16.600
ext4_write,13.781
ext4_write,32.963
ext4_write,20.162
ext4_write,18.882
ext4_write,27.828
ext4_write,16.762
ext4_write,16.260
ext4_write,16.691
ext4_write,15.431
ext4_write,16.523
ext4_write,16.042
ext4_write,16.979
ext4_write,23.056
ext4_write,19.223
ext4_write,18.453
ext4_write,34.495
ext4_write,14.520
ext4_write,29.882
ext4_write,14.336
ext4_write,9.108
ext4_write,13.063
ext4_write,11.679
ext4_write,14.609
ext4_write,11.214
ext4_write,12.387
ext4_write,10.749
ext4_write,15.356
ext4_write,29.287
ext4_write,23.568
ext4_write,22.150
ext4_write,16.124
ext4_write,14.335
ext4_write,25.764
ext4_write,15.813
ext4_write,21.371
ext4_write,15.115
ext4_write,17.344
ext4_write,19.380
ext4_write,18.547
ext4_write,17.150
ext4_write,20.991
ext4_write,20.774
ext4_write,18.569
ext4_write,21.558
ext4_write,18.471
ext4_write,19.609
ext4_write,17.642
ext4_write,9.044
ext4_write,11.587
ext4_write,11.506
ext4_write,29.588
ext4_write,17.671
ext4_write,22.085
ext4_write,13.047
ext4_write,17.139
ext4_write,16.260
ext4_write,14.629
ext4_write,15.888
ext4_write,11.257
ext4_write,15.617
ext4_write,17.128
ext4_write,17.814
ext4_write,17.443
ext4_write,16.525
ext4_write,24.489
ext4_write,18.619
ext4_write,17.353
ext4_write,20.909
ext4_write,16.223
ext4_write,22.715
ext4_write,9.692
ext4_write,15.404
ext4_write,12.334
ext4_write,17.078
ext4_write,14.813
ext4_write,14.375
ext4_write,13.210
ext4_write,11.545
ext4_write,15.758
ext4_write,12.069
ext4_write,13.643
ext4_write,20.132
ext4_write,19.470
ext4_write,18.073
ext4_write,13.700
ext4_write,21.505
ext4_write,16.319
ext4_write,20.714
ext4_write,16.116
ext4_write,23.877
ext4_write,22.913
ext4_write,30.131
ext4_write,21.864
ext4_write,19.805
ext4_write,15.186
ext4_write,32.002
ext4_write,14.506
ext4_write,18.569
ext4_write,14.339
ext4_write,33.944
ext4_write,13.593
ext4_write,17.711
ext4_write,14.566
ext4_write,17.643
ext4_write,9.260
ext4_write,14.299
ext4_write,19.319
ext4_write,13.055
ext4_write,22.063
ext4_write,24.216
ext4_write,16.560
ext4_write,18.833
ext4_write,17.727
ext4_write,20.468
ext4_write,16.873
ext4_write,19.961
ext4_write,16.642
ext4_write,21.822
ext4_write,16.981
ext4_write,19.239
ext4_write,17.883
ext4_write,18.235
ext4_write,17.245
ext4_write,18.508
ext4_write,9.149
ext4_write,21.086
ext4_write,19.831
ext4_write,19.316
ext4_write,14.431
ext4_write,16.160
ext4_write,22.659
ext4_write,19.220
ext4_write,11.323
ext4_write,18.640
ext4_write,20.153
ext4_write,19.360
ext4_write,20.676
ext4_write,17.018
ext4_write,16.840
ext4_write,18.837
ext4_write,16.886
ext4_write,9.369
ext4_write,15.250
ext4_write,18.213
ext4_write,20.420
ext4_write,16.610
ext4_write,17.855
ext4_write,19.334
ext4_write,17.043
ext4_write,20.182
ext4_write,22.264
ext4_write,18.617
ext4_write,10.865
ext4_write,13.954
ext4_write,17.123
ext4_write,17.289
ext4_write,16.493
ext4_write,21.190
ext4_write,14.623
ext4_write,28.365
ext4_write,14.348
ext4_write,20.229
ext4_write,16.693
ext4_write,19.683
ext4_write,18.422
ext4_write,34.817
ext4_write,16.746
ext4_write,22.893
ext4_write,17.858
ext4_write,18.563
ext4_write,19.628
ext4_write,16.834
ext4_write,9.568
ext4_write,17.517
ext4_write,16.006
ext4_write,11.875
ext4_write,9.546
ext4_write,16.690
ext4_write,19.431
ext4_write,17.376
ext4_write,27.390
ext4_write,27.321
ext4_write,16.782
ext4_write,18.186
ext4_write,25.821
ext4_write,17.862
ext4_write,19.394
ext4_write,17.698
ext4_write,14.645
ext4_write,29.171
ext4_write,17.523
ext4_write,18.467
ext4_write,24.845
ext4_write,19.992
ext4_write,27.189
ext4_write,9.274
ext4_write,16.657
ext4_write,21.860
ext4_write,20.496
ext4_write,12.788
ext4_write,12.842
ext4_write,12.987
ext4_write,23.884
ext4_write,19.763
ext4_write,25.333
ext4_write,28.931
ext4_write,22.437
ext4_write,20.278
ext4_write,17.508
ext4_write,16.832
ext4_write,16.960
ext4_write,16.996
ext4_write,18.120
ext4_write,19.461
ext4_write,20.791
ext4_write,20.496
ext4_write,20.314
ext4_write,19.163
ext4_write,10.220
ext4_write,17.430
ext4_write,19.436
ext4_write,17.360
ext4_write,18.714
ext4_write,15.796
ext4_write,17.210
ext4_write,26.846
ext4_write,10.345
ext4_write,17.860
ext4_write,19.981
ext4_write,16.470
ext4_write,19.275
ext4_write,16.571
ext4_write,20.082
ext4_write,15.355
ext4_write,9.835
ext4_write,17.749
ext4_write,17.411
ext4_write,19.719
ext4_write,18.161
ext4_write,19.132
ext4_write,16.398
ext4_write,19.191
ext4_write,21.449
ext4_write,9.510
ext4_write,16.758
ext4_write,19.771
ext4_write,19.570
ext4_write,17.577
ext4_write,15.321
ext4_write,10.483
ext4_write,9.156
ext4_write,10.242
ext4_write,16.715
ext4_write,20.793
ext4_write,18.164
ext4_write,18.149
ext4_write,27.873
ext4_write,17.677
ext4_write,29.366
ext4_write,26.621
ext4_write,15.575
ext4_write,28.509
ext4_write,23.944
ext4_write,20.654
ext4_write,15.362
ext4_write,29.409
ext4_write,15.716
ext4_write,20.465
ext4_write,15.427
ext4_write,14.354
ext4_write,17.840
ext4_write,9.216
ext4_write,28.170
ext4_write,13.550
ext4_write,13.156
ext4_write,14.047
ext4_write,16.782
ext4_write,17.081
ext4_write,28.360
ext4_write,25.280
ext4_write,28.083
ext4_write,24.713
ext4_write,20.607
ext4_write,17.721
ext4_write,16.775
ext4_write,29.946
ext4_write,19.157
ext4_write,19.151
ext4_write,28.148
ext4_write,29.238
ext4_write,9.263
ext4_write,9.105
ext4_write,15.466
ext4_write,13.656
ext4_write,16.234
ext4_write,15.015
ext4_write,19.404
ext4_write,14.589
ext4_write,12.178
ext4_write,13.368
ext4_write,21.106
ext4_write,16.427
ext4_write,19.978
ext4_write,15.246
ext4_write,21.439
ext4_write,15.738
ext4_write,19.080
ext4_write,17.418
ext4_write,17.158
ext4_write,16.832
ext4_write,19.758
ext4_write,18.450
ext4_write,27.971
ext4_write,25.346
ext4_write,14.784
ext4_write,13.264
ext4_write,16.814
ext4_write,15.665
ext4_write,17.348
ext4_write,17.078
ext4_write,18.873
ext4_write,9.678
ext4_write,14.133
ext4_write,12.313
ext4_write,14.212
ext4_write,11.523
ext4_write,11.739
ext4_write,16.878
ext4_write,29.592
ext4_write,17.991
ext4_write,19.950
ext4_write,26.070
ext4_write,19.392
ext4_write,24.189
ext4_write,32.174
ext4_write,28.761
ext4_write,30.548
ext4_write,29.019
ext4_write,31.984
ext4_write,15.103
ext4_write,20.497
ext4_write,13.461
ext4_write,30.550
ext4_write,17.355
ext4_write,15.173
ext4_write,28.204
ext4_write,9.852
ext4_write,16.461
ext4_write,9.427
ext4_write,14.632
ext4_write,11.322
ext4_write,13.683
ext4_write,14.737
ext4_write,26.697
ext4_write,28.060
ext4_write,17.097
ext4_write,16.663
ext4_write,29.765
ext4_write,18.277
ext4_write,28.379
ext4_write,17.355
ext4_write,19.321
ext4_write,16.476
ext4_write,15.844
ext4_write,19.559
ext4_write,10.229
ext4_write,14.703
ext4_write,15.221
ext4_write,11.188
ext4_write,16.139
ext4_write,20.676
ext4_write,14.870
ext4_write,18.701
ext4_write,23.432
ext4_write,27.034
ext4_write,16.959
ext4_write,19.200
ext4_write,28.892
ext4_write,18.050
ext4_write,17.119
ext4_write,26.405
ext4_write,10.368
ext4_write,13.488
ext4_write,13.325
ext4_write,13.738
ext4_write,13.932
ext4_write,10.770
ext4_write,11.401
ext4_write,26.312
ext4_write,35.889
ext4_write,17.272
ext4_write,17.021
ext4_write,25.802
ext4_write,27.783
ext4_write,17.902
ext4_write,15.389
ext4_write,12.667
ext4_write,16.188
ext4_write,13.986
ext4_write,14.978
ext4_write,11.797
ext4_write,15.138
ext4_write,25.263
ext4_write,24.318
ext4_write,18.534
ext4_write,14.944
ext4_write,31.834
ext4_write,16.677
ext4_write,30.483
ext4_write,13.286
ext4_write,18.776
ext4_write,12.287
ext4_write,29.827
ext4_write,13.965
ext4_write,19.155
ext4_write,19.320
ext4_write,20.235
ext4_write,19.492
ext4_write,18.934
ext4_write,19.945
ext4_write,20.945
ext4_write,17.725
ext4_write,15.224
ext4_write,18.911
ext4_write,16.012
ext4_write,18.268
ext4_write,16.851
ext4_write,15.928
ext4_write,20.847
ext4_write,17.904
ext4_write,21.645
ext4_write,16.710
ext4_write,19.508
ext4_write,13.527
ext4_write,26.901
ext4_write,21.223
ext4_write,16.820
ext4_write,27.051
ext4_write,30.077
ext4_write,15.978
ext4_write,22.530
ext4_write,17.340
ext4_write,16.103
ext4_write,28.363
ext4_write,16.187
ext4_write,29.859
ext4_write,28.693
ext4_write,25.204
ext4_write,15.628
ext4_write,10.117
ext4_write,9.075
ext4_write,14.627
ext4_write,14.773
ext4_write,17.126
ext4_write,30.336
ext4_write,18.598
ext4_write,30.667
ext4_write,15.620
ext4_write,17.738
ext4_write,12.371
ext4_write,18.430
ext4_write,23.263
ext4_write,27.716
ext4_write,14.994
ext4_write,9.524
ext4_write,18.938
ext4_write,15.140
ext4_write,18.776
ext4_write,25.574
ext4_write,19.020
ext4_write,13.466
ext4_write,31.393
ext4_write,21.047
ext4_write,17.853
ext4_write,9.769
ext4_write,26.613
ext4_write,26.156
ext4_write,19.049
ext4_write,22.446
ext4_write,18.169
ext4_write,14.548
ext4_write,30.687
ext4_write,15.851
ext4_write,21.239
ext4_write,26.183
ext4_write,12.511
ext4_write,15.687
ext4_write,13.691
ext4_write,13.947
ext4_write,9.124
ext4_write,12.853
ext4_write,18.233
ext4_write,18.151
ext4_write,21.571
ext4_write,16.313
ext4_write,19.454
ext4_write,15.024
ext4_write,20.815
ext4_write,14.888
ext4_write,18.597
ext4_write,15.766
ext4_write,20.353
ext4_write,15.485
ext4_write,17.463
ext4_write,17.850
ext4_write,18.406
ext4_write,18.291
ext4_write,18.990
ext4_write,18.695
ext4_write,19.729
ext4_write,23.951
ext4_write,20.734
ext4_write,11.554
ext4_write,11.881
ext4_write,10.080
ext4_write,13.357
ext4_write,13.076
ext4_write,14.201
ext4_write,16.908
ext4_write,18.499
ext4_write,14.670
ext4_write,17.979
ext4_write,18.751
ext4_write,20.136
ext4_write,15.706
ext4_write,19.692
ext4_write,17.252
ext4_write,23.579
ext4_write,17.485
ext4_write,19.243
ext4_write,14.853
ext4_write,21.899
ext4_write,18.093
ext4_write,22.114
ext4_write,16.550
ext4_write,22.129
ext4_write,13.748
ext4_write,17.078
ext4_write,13.269
ext4_write,10.807
ext4_write,13.757
ext4_write,25.967
ext4_write,14.763
ext4_write,18.043
ext4_write,16.063
ext4_write,21.731
ext4_write,15.768
ext4_write,21.171
ext4_write,14.605
ext4_write,12.106
ext4_write,15.782
ext4_write,15.231
ext4_write,20.230
ext4_write,20.986
ext4_write,18.862
ext4_write,18.407
ext4_write,19.443
ext4_write,21.923
ext4_write,19.035
ext4_write,18.458
ext4_write,16.200
ext4_write,17.469
ext4_write,15.140
ext4_write,19.973
ext4_write,19.447
ext4_write,14.327
ext4_write,18.273
ext4_write,15.843
ext4_write,17.799
ext4_write,15.397
ext4_write,21.261
ext4_write,17.562
ext4_write,24.914
ext4_write,18.955
ext4_write,21.999
ext4_write,17.529
ext4_write,21.386
ext4_write,19.271
ext4_write,23.280
ext4_write,16.439
ext4_write,17.146
ext4_write,18.925
ext4_write,17.277
ext4_write,9.146
ext4_write,14.990
ext4_write,13.017
ext4_write,13.926
ext4_write,16.811
ext4_write,18.552
ext4_write,15.144
ext4_write,19.757
ext4_write,16.162
ext4_write,21.184
ext4_write,16.915
ext4_write,6637.471
ext4_write,15.991
ext4_write,20.177
ext4_write,17.287
ext4_write,25.834
ext4_write,17.685
ext4_write,18.818
ext4_write,18.205
ext4_write,18.497
ext4_write,17.149
ext4_write,17.720
ext4_write,17.528
ext4_write,18.341
ext4_write,18.247
ext4_write,11.783
ext4_write,15.405
ext4_write,16.061
ext4_write,11.527
ext4_write,15.391
ext4_write,14.446
ext4_write,16.262
ext4_write,20.743
ext4_write,15.890
ext4_write,15.493
ext4_write,16.269
ext4_write,18.220
ext4_write,21.985
ext4_write,18.815
ext4_write,16.239
ext4_write,22.203
ext4_write,17.971
ext4_write,23.239
ext4_write,16.611
ext4_write,19.784
ext4_write,16.150
ext4_write,20.251
ext4_write,17.950
ext4_write,19.609
ext4_write,16.593
ext4_write,21.776
ext4_write,9.339
ext4_write,18.354
ext4_write,12.802
ext4_write,16.687
ext4_write,20.510
ext4_write,17.674
ext4_write,16.356
ext4_write,15.159
ext4_write,18.180
ext4_write,18.596
ext4_write,20.155
ext4_write,13.270
ext4_write,19.244
ext4_write,20.643
ext4_write,18.907
ext4_write,19.388
ext4_write,22.531
ext4_write,18.943
ext4_write,19.292
ext4_write,17.990
ext4_write,15.225
ext4_write,19.770
ext4_write,14.422
ext4_write,22.172
ext4_write,14.419
ext4_write,19.312
ext4_write,13.377
ext4_write,18.017
ext4_write,18.701
ext4_write,18.287
ext4_write,18.004
ext4_write,19.371
ext4_write,18.544
ext4_write,16.879
ext4_write,17.648
ext4_write,21.821
ext4_write,16.089
ext4_write,16.293
ext4_write,16.215
ext4_write,15.841
ext4_write,18.680
ext4_write,17.246
ext4_write,9.677
ext4_write,9.183
ext4_write,14.522
ext4_write,16.134
ext4_write,16.427
ext4_write,14.693
ext4_write,17.686
ext4_write,19.604
ext4_write,14.929
ext4_write,19.415
ext4_write,20.358
ext4_write,9.191
ext4_write,22.237
ext4_write,16.746
ext4_write,19.725
ext4_write,17.264
ext4_write,22.569
ext4_write,16.117
ext4_write,19.646
ext4_write,10.180
ext4_write,11.075
ext4_write,11.374
ext4_write,13.492
ext4_write,17.612
ext4_write,12.879
ext4_write,23.748
ext4_write,17.418
ext4_write,17.516
ext4_write,19.699
ext4_write,12.813
ext4_write,17.473
ext4_write,19.414
ext4_write,17.965
ext4_write,19.572
ext4_write,20.210
ext4_write,14.273
ext4_write,17.922
ext4_write,15.526
ext4_write,18.376
ext4_write,13.551
ext4_write,19.141
ext4_write,15.786
ext4_write,20.181
ext4_write,14.146
ext4_write,19.521
ext4_write,14.185
ext4_write,15.683
ext4_write,11.108
ext4_write,16.611
ext4_write,16.571
ext4_write,10.512
ext4_write,12.836
ext4_write,19.985
ext4_write,14.445
ext4_write,14.904
ext4_write,11.458
ext4_write,21.304
ext4_write,16.007
ext4_write,21.714
ext4_write,18.935
ext4_write,21.089
ext4_write,16.922
ext4_write,18.601
ext4_write,15.869
ext4_write,19.559
ext4_write,15.276
ext4_write,18.412
ext4_write,14.596
ext4_write,18.100
ext4_write,17.150
ext4_write,16.877
ext4_write,20.065
ext4_write,18.525
ext4_write,17.036
ext4_write,18.253
ext4_write,16.952
ext4_write,12.625
ext4_write,15.864
ext4_write,16.995
ext4_write,13.568
ext4_write,23.852
ext4_write,19.668
ext4_write,23.303
ext4_write,24.645
ext4_write,17.427
ext4_write,19.240
ext4_write,15.811
ext4_write,19.318
ext4_write,16.873
ext4_write,20.647
ext4_write,16.302
ext4_write,20.291
ext4_write,15.045
ext4_write,17.065
ext4_write,13.700
ext4_write,19.741
ext4_write,14.652
ext4_write,21.610
ext4_write,15.893
ext4_write,18.572
ext4_write,23.189
ext4_write,11.086
ext4_write,19.921
ext4_write,20.420
ext4_write,19.350
ext4_write,9.325
ext4_write,13.751
ext4_write,11.444
ext4_write,19.717
ext4_write,22.014
ext4_write,18.019
ext4_write,10.288
ext4_write,19.165
ext4_write,15.528
ext4_write,20.254
ext4_write,17.997
ext4_write,18.056
ext4_write,15.577
ext4_write,17.849
ext4_write,19.495
ext4_write,17.897
ext4_write,18.610
ext4_write,17.992
ext4_write,17.027
ext4_write,17.946
ext4_write,19.460
ext4_write,19.098
ext4_write,18.477
ext4_write,20.043
ext4_write,19.890
ext4_write,14.237
ext4_write,10.387
ext4_write,16.133
ext4_write,17.446
ext4_write,11.342
ext4_write,11.660
ext4_write,16.155
ext4_write,20.923
ext4_write,16.273
ext4_write,22.268
ext4_write,15.907
ext4_write,20.653
ext4_write,14.965
ext4_write,21.575
ext4_write,16.090
ext4_write,22.686
ext4_write,15.114
ext4_write,20.298
ext4_write,15.461
ext4_write,21.702
ext4_write,16.955
ext4_write,16.553
ext4_write,25.816
ext4_write,21.932
ext4_write,20.345
ext4_write,18.524
ext4_write,13.631
ext4_write,17.779
ext4_write,13.924
ext4_write,18.580
ext4_write,10.261
ext4_write,15.945
ext4_write,17.979
ext4_write,17.846
ext4_write,21.977
ext4_write,18.112
ext4_write,17.916
ext4_write,19.735
ext4_write,19.292
ext4_write,17.152
ext4_write,20.954
ext4_write,18.730
ext4_write,14.077
ext4_write,19.664
ext4_write,16.218
ext4_write,30.489
ext4_write,14.796
ext4_write,10.823
ext4_write,23.008
ext4_write,15.054
ext4_write,24.198
ext4_write,22.645
ext4_write,17.435
ext4_write,11.762
ext4_write,19.182
ext4_write,19.550
ext4_write,17.792
ext4_write,19.278
ext4_write,22.713
ext4_write,19.990
ext4_write,15.927
ext4_write,17.290
ext4_write,19.056
ext4_write,18.761
ext4_write,18.895
ext4_write,20.306
ext4_write,18.719
ext4_write,19.046
ext4_write,23.100
ext4_write,12.633
ext4_write,14.715
ext4_write,17.057
ext4_write,23.204
ext4_write,19.069
ext4_write,22.536
ext4_write,10.235
ext4_write,12.349
ext4_write,11.018
ext4_write,15.371
ext4_write,21.321
ext4_write,19.209
ext4_write,10.178
ext4_write,13.220
ext4_write,11.303
ext4_write,12.648
ext4_write,11.543
ext4_write,24.438
ext4_write,15.819
ext4_write,21.616
ext4_write,21.386
ext4_write,22.038
ext4_write,15.301
ext4_write,24.265
ext4_write,14.842
ext4_write,21.373
ext4_write,17.760
ext4_write,16.401
ext4_write,19.782
ext4_write,19.769
ext4_write,19.008
ext4_write,18.334
ext4_write,20.949
ext4_write,18.404
ext4_write,19.466
ext4_write,9.600
ext4_write,12.899
ext4_write,18.848
ext4_write,10.289
ext4_write,22.936
ext4_write,14.687
ext4_write,17.431
ext4_write,23.807
ext4_write,18.398
ext4_write,20.972
ext4_write,19.293
ext4_write,15.633
ext4_write,21.723
ext4_write,21.224
ext4_write,21.629
ext4_write,18.743
ext4_write,19.365
ext4_write,15.188
ext4_write,26.959
ext4_write,14.950
ext4_write,19.621
ext4_write,16.417
ext4_write,21.820
ext4_write,15.105
ext4_write,16.597
ext4_write,16.502
ext4_write,15.205
ext4_write,12.412
ext4_write,14.280
ext4_write,12.186
ext4_write,11.755
ext4_write,9.889
ext4_write,14.878
ext4_write,16.842
ext4_write,18.139
ext4_write,19.901
ext4_write,19.242
ext4_write,15.681
ext4_write,17.828
ext4_write,16.578
ext4_write,17.651
ext4_write,22.999
ext4_write,17.096
ext4_write,16.082
ext4_write,21.106
ext4_write,14.137
ext4_write,13.643
ext4_write,21.069
ext4_write,15.768
ext4_write,20.753
ext4_write,14.146
ext4_write,18.714
ext4_write,16.243
ext4_write,10.158
ext4_write,18.751
ext4_write,14.270
ext4_write,15.523
ext4_write,20.654
ext4_write,16.545
ext4_write,21.041
ext4_write,16.049
ext4_write,18.992
ext4_write,15.271
ext4_write,18.149
ext4_write,19.603
ext4_write,19.563
ext4_write,20.395
ext4_write,21.827
ext4_write,18.954
ext4_write,20.581
ext4_write,21.567
ext4_write,18.856
ext4_write,16.620
ext4_write,18.553
ext4_write,19.596
ext4_write,17.641
ext4_write,20.617
ext4_write,13.455
ext4_write,14.818
ext4_write,16.452
ext4_write,23.162
ext4_write,14.504
ext4_write,20.137
ext4_write,14.998
ext4_write,23.460
ext4_write,15.076
ext4_write,20.088
ext4_write,14.244
ext4_write,21.887
ext4_write,20.060
ext4_write,9.914
ext4_write,20.882
ext4_write,15.383
ext4_write,21.951
ext4_write,18.316
ext4_write,17.904
ext4_write,17.211
ext4_write,18.616
ext4_write,17.491
ext4_write,11.768
ext4_write,15.167
ext4_write,10.961
ext4_write,14.719
ext4_write,21.202
ext4_write,19.628
ext4_write,17.422
ext4_write,18.378
ext4_write,17.883
ext4_write,19.841
ext4_write,18.827
ext4_write,14.965
ext4_write,24.375
ext4_write,22.825
ext4_write,9.080
ext4_write,23.768
ext4_write,17.632
ext4_write,20.273
ext4_write,15.948
ext4_write,19.857
ext4_write,15.978
ext4_write,20.065
ext4_write,15.491
ext4_write,18.278
ext4_write,10.771
ext4_write,13.965
ext4_write,18.984
ext4_write,12.523
ext4_write,11.333
ext4_write,14.113
ext4_write,17.011
ext4_write,16.890
ext4_write,18.736
ext4_write,18.688
ext4_write,18.979
ext4_write,18.478
ext4_write,19.992
ext4_write,16.142
ext4_write,18.598
ext4_write,20.824
ext4_write,19.334
ext4_write,20.093
ext4_write,18.273
ext4_write,17.471
ext4_write,20.380
ext4_write,18.778
ext4_write,16.593
ext4_write,15.256
ext4_write,17.095
ext4_write,17.430
ext4_write,15.388
ext4_write,14.926
ext4_write,14.995
ext4_write,13.156
ext4_write,14.177
ext4_write,13.170
ext4_write,18.996
ext4_write,14.949
ext4_write,22.680
ext4_write,15.853
ext4_write,19.561
ext4_write,16.462
ext4_write,20.501
ext4_write,19.638
ext4_write,28.465
ext4_write,13.694
ext4_write,19.381
ext4_write,16.744
ext4_write,17.643
ext4_write,17.711
ext4_write,24.454
ext4_write,16.955
ext4_write,21.450
ext4_write,19.020
ext4_write,19.708
ext4_write,14.500
ext4_write,17.000
ext4_write,10.078
ext4_write,19.038
ext4_write,12.141
ext4_write,15.984
ext4_write,13.694
ext4_write,12.242
ext4_write,18.280
ext4_write,10.760
ext4_write,16.148
ext4_write,16.809
ext4_write,20.394
ext4_write,16.264
ext4_write,19.903
ext4_write,19.012
ext4_write,22.057
ext4_write,15.974
ext4_write,20.703
ext4_write,13.766
ext4_write,18.806
ext4_write,17.070
ext4_write,19.453
ext4_write,15.478
ext4_write,19.944
ext4_write,13.881
ext4_write,17.359
ext4_write,13.825
ext4_write,16.810
ext4_write,18.790
ext4_write,18.746
ext4_write,19.372
ext4_write,17.418
ext4_write,12.959
ext4_write,16.249
ext4_write,18.192
ext4_write,17.317
ext4_write,17.277
ext4_write,9.235
ext4_write,17.952
ext4_write,20.146
ext4_write,17.728
ext4_write,17.848
ext4_write,10.621
ext4_write,10.999
ext4_write,18.336
ext4_write,14.533
ext4_write,13.186
ext4_write,16.238
ext4_write,13.800
ext4_write,19.276
ext4_write,14.708
ext4_write,17.084
ext4_write,15.166
ext4_write,19.993
ext4_write,15.287
ext4_write,18.220
ext4_write,21.183
ext4_write,11.816
ext4_write,20.150
ext4_write,21.485
ext4_write,15.358
ext4_write,19.253
ext4_write,18.740
ext4_write,19.181
ext4_write,19.106
ext4_write,10.319
ext4_write,15.643
ext4_write,17.189
ext4_write,17.093
ext4_write,21.397
ext4_write,18.898
ext4_write,21.355
ext4_write,19.439
ext4_write,16.299
ext4_write,17.898
ext4_write,17.195
ext4_write,18.937
ext4_write,19.734
ext4_write,21.613
ext4_write,9.479
ext4_write,9.864
ext4_write,16.323
ext4_write,9.461
ext4_write,13.162
ext4_write,20.131
ext4_write,16.985
ext4_write,20.665
ext4_write,18.131
ext4_write,20.833
ext4_write,16.981
ext4_write,19.594
ext4_write,14.002
ext4_write,18.402
ext4_write,18.332
ext4_write,19.593
ext4_write,16.354
ext4_write,10.097
ext4_write,17.160
ext4_write,13.090
ext4_write,16.808
ext4_write,15.955
ext4_write,18.197
ext4_write,10.106
ext4_write,20.215
ext4_write,18.071
ext4_write,20.206
ext4_write,17.696
ext4_write,9.855
ext4_write,14.504
ext4_write,12.194
ext4_write,17.892
ext4_write,12.133
ext4_write,12.662
ext4_write,19.439
ext4_write,18.691
ext4_write,18.848
ext4_write,18.374
ext4_write,17.965
ext4_write,11.185
ext4_write,15.586
ext4_write,18.262
ext4_write,15.116
ext4_write,24.968
ext4_write,17.601
ext4_write,24.354
ext4_write,12.823
ext4_write,19.206
ext4_write,16.230
ext4_write,19.682
ext4_write,16.812
ext4_write,17.519
ext4_write,15.176
ext4_write,19.194
ext4_write,15.454
ext4_write,9.863
ext4_write,13.405
ext4_write,16.328
ext4_write,9.377
ext4_write,18.500
ext4_write,11.657
ext4_write,18.965
ext4_write,22.095
ext4_write,16.969
ext4_write,17.732
ext4_write,15.752
ext4_write,19.600
ext4_write,20.834
ext4_write,17.829
ext4_write,19.349
ext4_write,16.482
ext4_write,15.937
ext4_write,17.455
ext4_write,20.602
ext4_write,20.970
ext4_write,17.892
ext4_write,18.848
ext4_write,9.151
ext4_write,16.358
ext4_write,22.302
ext4_write,18.693
ext4_write,19.846
ext4_write,15.361
ext4_write,10.115
ext4_write,16.604
ext4_write,9.209
ext4_write,18.203
ext4_write,15.355
ext4_write,18.387
ext4_write,15.127
ext4_write,9.073
ext4_write,24.191
ext4_write,17.247
ext4_write,19.128
ext4_write,15.203
ext4_write,21.151
ext4_write,14.185
ext4_write,17.257
ext4_write,17.228
ext4_write,20.296
ext4_write,14.908
ext4_write,20.382
ext4_write,20.392
ext4_write,13.398
ext4_write,21.207
ext4_write,6631.404
ext4_write,16.546
ext4_write,19.143
ext4_write,11.579
ext4_write,9.607
ext4_write,14.195
ext4_write,11.612
ext4_write,16.058
ext4_write,17.314
ext4_write,18.111
ext4_write,17.610
ext4_write,16.615
ext4_write,16.487
ext4_write,20.101
ext4_write,15.583
ext4_write,19.178
ext4_write,14.569
ext4_write,19.300
ext4_write,19.250
ext4_write,18.674
ext4_write,14.968
ext4_write,18.693
ext4_write,18.518
ext4_write,12.111
ext4_write,17.210
ext4_write,16.206
ext4_write,18.360
ext4_write,22.442
ext4_write,19.427
ext4_write,9.720
ext4_write,12.149
ext4_write,16.610
ext4_write,15.877
ext4_write,15.551
ext4_write,19.186
ext4_write,17.630
ext4_write,18.443
ext4_write,18.141
ext4_write,17.168
ext4_write,16.964
ext4_write,18.618
ext4_write,18.007
ext4_write,16.613
ext4_write,15.571
ext4_write,19.772
ext4_write,16.571
ext4_write,20.241
ext4_write,16.258
ext4_write,19.712
ext4_write,16.947
ext4_write,22.863
ext4_write,17.314
ext4_write,22.219
ext4_write,12.531
ext4_write,15.494
ext4_write,11.152
ext4_write,12.025
ext4_write,15.799
ext4_write,11.268
ext4_write,20.429
ext4_write,15.326
ext4_write,11.918
ext4_write,19.326
ext4_write,15.760
ext4_write,17.608
ext4_write,14.854
ext4_write,16.793
ext4_write,17.112
ext4_write,17.245
ext4_write,19.560
ext4_write,17.463
ext4_write,17.964
ext4_write,9.670
ext4_write,14.299
ext4_write,19.304
ext4_write,10.194
ext4_write,18.201
ext4_write,18.079
ext4_write,18.857
ext4_write,16.796
ext4_write,17.208
ext4_write,16.334
ext4_write,12.795
ext4_write,10.822
ext4_write,17.882
ext4_write,17.579
ext4_write,19.178
ext4_write,19.362
ext4_write,21.582
ext4_write,13.921
ext4_write,22.350
ext4_write,14.374
ext4_write,20.003
ext4_write,17.776
ext4_write,18.638
ext4_write,15.536
ext4_write,19.707
ext4_write,15.571
ext4_write,11.991
ext4_write,20.529
ext4_write,19.289
ext4_write,19.255
ext4_write,14.791
ext4_write,15.070
ext4_write,21.073
ext4_write,18.216
ext4_write,10.409
ext4_write,28.920
ext4_write,21.609
ext4_write,19.347
ext4_write,10.058
ext4_write,18.017
ext4_write,12.875
ext4_write,20.242
ext4_write,9.698
ext4_write,12.594
ext4_write,12.165
ext4_write,9.055
ext4_write,18.335
ext4_write,17.923
ext4_write,20.283
ext4_write,16.737
ext4_write,14.977
ext4_write,16.944
ext4_write,16.687
ext4_write,19.352
ext4_write,16.689
ext4_write,25.264
ext4_write,17.637
ext4_write,24.340
ext4_write,12.173
ext4_write,14.007
ext4_write,24.198
ext4_write,19.358
ext4_write,19.616
ext4_write,14.862
ext4_write,19.091
ext4_write,15.770
ext4_write,9.572
ext4_write,10.135
ext4_write,21.304
ext4_write,17.013
ext4_write,17.334
ext4_write,17.742
ext4_write,16.590
ext4_write,16.346
ext4_write,16.451
ext4_write,16.902
ext4_write,15.780
ext4_write,17.428
ext4_write,16.736
ext4_write,16.946
ext4_write,19.752
ext4_write,20.104
ext4_write,21.697
ext4_write,9.437
ext4_write,18.166
ext4_write,15.449
ext4_write,23.277
ext4_write,15.150
ext4_write,23.225
ext4_write,16.662
ext4_write,21.170
ext4_write,9.459
ext4_write,13.680
ext4_write,16.957
ext4_write,15.120
ext4_write,14.585
ext4_write,11.607
ext4_write,20.341
ext4_write,15.363
ext4_write,19.517
ext4_write,12.622
ext4_write,18.073
ext4_write,15.371
ext4_write,25.731
ext4_write,23.241
ext4_write,14.989
ext4_write,16.231
ext4_write,17.243
ext4_write,17.990
ext4_write,20.115
ext4_write,18.680
ext4_write,19.526
ext4_write,12.603
ext4_write,18.424
ext4_write,16.938
ext4_write,17.026
ext4_write,17.188
ext4_write,17.653
ext4_write,17.239
ext4_write,19.067
ext4_write,9.582
ext4_write,13.699
ext4_write,19.065
ext4_write,13.040
ext4_write,16.755
ext4_write,18.519
ext4_write,14.343
ext4_write,19.003
ext4_write,14.892
ext4_write,18.734
ext4_write,17.614
ext4_write,19.095
ext4_write,17.202
ext4_write,27.080
ext4_write,16.316
ext4_write,23.302
ext4_write,10.281
ext4_write,14.406
ext4_write,24.701
ext4_write,16.488
ext4_write,19.832
ext4_write,16.974
ext4_write,18.352
ext4_write,17.416
ext4_write,16.648
ext4_write,15.623
ext4_write,12.587
ext4_write,11.400
ext4_write,18.356
ext4_write,13.168
ext4_write,14.844
ext4_write,16.433
ext4_write,15.123
ext4_write,16.614
ext4_write,21.187
ext4_write,16.889
ext4_write,15.418
ext4_write,19.463
ext4_write,21.378
ext4_write,17.702
ext4_write,17.387
ext4_write,9.075
ext4_write,21.574
ext4_write,14.997
ext4_write,19.936
ext4_write,14.399
ext4_write,11.800
ext4_write,16.699
ext4_write,14.590
ext4_write,26.689
ext4_write,18.563
ext4_write,23.101
ext4_write,13.148
ext4_write,18.080
ext4_write,23.899
ext4_write,16.159
ext4_write,23.307
ext4_write,15.636
ext4_write,20.609
ext4_write,25.766
ext4_write,6640.495
ext4_write,18.948
ext4_write,21.131
ext4_write,17.692
ext4_write,18.718
ext4_write,9.285
ext4_write,18.047
ext4_write,20.167
ext4_write,18.836
ext4_write,18.817
ext4_write,19.179
ext4_write,18.198
ext4_write,27.961
ext4_write,11.426
ext4_write,15.287
ext4_write,14.936
ext4_write,9.606
ext4_write,13.284
ext4_write,15.241
ext4_write,9.935
ext4_write,16.781
ext4_write,11.734
ext4_write,16.631
ext4_write,20.813
ext4_write,18.972
ext4_write,19.636
ext4_write,15.584
ext4_write,23.509
ext4_write,18.367
ext4_write,23.593
ext4_write,23.491
ext4_write,19.582
ext4_write,11.375
ext4_write,15.518
ext4_write,20.720
ext4_write,16.078
ext4_write,19.039
ext4_write,17.413
ext4_write,17.776
ext4_write,17.559
ext4_write,17.472
ext4_write,9.023
ext4_write,18.413
ext4_write,16.270
ext4_write,16.430
ext4_write,9.336
ext4_write,19.227
ext4_write,17.899
ext4_write,18.455
ext4_write,18.567
ext4_write,20.504
ext4_write,19.926
ext4_write,20.603
ext4_write,16.894
ext4_write,20.385
ext4_write,16.144
ext4_write,9.059
ext4_write,21.473
ext4_write,16.600
ext4_write,20.238
ext4_write,15.493
ext4_write,19.611
ext4_write,15.384
ext4_write,20.434
ext4_write,16.270
ext4_write,17.732
ext4_write,15.753
ext4_write,11.970
ext4_write,18.678
ext4_write,16.467
ext4_write,18.371
ext4_write,9.887
ext4_write,17.764
ext4_write,9.946
ext4_write,16.038
ext4_write,18.325
ext4_write,21.309
ext4_write,19.855
ext4_write,18.804
ext4_write,18.072
ext4_write,18.492
ext4_write,21.270
ext4_write,23.212
ext4_write,14.342
ext4_write,18.171
ext4_write,20.012
ext4_write,17.013
ext4_write,24.038
ext4_write,17.196
ext4_write,20.156
ext4_write,14.060
ext4_write,24.317
ext4_write,13.794
ext4_write,22.544
ext4_write,18.019
ext4_write,12.370
ext4_write,10.992
ext4_write,13.348
ext4_write,21.737
ext4_write,15.747
ext4_write,27.102
ext4_write,18.757
ext4_write,20.909
ext4_write,15.419
ext4_write,20.420
ext4_write,15.987
ext4_write,18.090
ext4_write,22.776
ext4_write,18.528
ext4_write,16.104
ext4_write,9.439
ext4_write,12.026
ext4_write,10.873
ext4_write,17.245
ext4_write,18.843
ext4_write,19.376
ext4_write,16.311
ext4_write,16.828
ext4_write,18.554
ext4_write,16.737
ext4_write,18.682
ext4_write,9.342
ext4_write,13.198
ext4_write,14.810
ext4_write,11.691
ext4_write,20.866
ext4_write,33.770
ext4_write,20.000
ext4_write,21.810
ext4_write,16.395
ext4_write,20.775
ext4_write,17.236
ext4_write,19.643
ext4_write,20.282
ext4_write,13.085
ext4_write,21.828
ext4_write,15.838
ext4_write,19.112
ext4_write,20.916
ext4_write,20.109
ext4_write,15.319
ext4_write,19.381
ext4_write,15.815
ext4_write,18.085
ext4_write,18.012
ext4_write,16.851
ext4_write,9.614
ext4_write,16.703
ext4_write,16.395
ext4_write,15.731
ext4_write,13.588
ext4_write,13.655
ext4_write,20.281
ext4_write,22.548
ext4_write,19.350
ext4_write,19.791
ext4_write,17.283
ext4_write,18.149
ext4_write,19.278
ext4_write,17.401
ext4_write,18.900
ext4_write,18.244
ext4_write,16.665
ext4_write,14.924
ext4_write,22.362
ext4_write,14.257
ext4_write,20.197
ext4_write,15.258
ext4_write,22.192
ext4_write,18.610
ext4_write,15.325
ext4_write,18.953
ext4_write,16.262
ext4_write,21.646
ext4_write,12.319
ext4_write,15.221
ext4_write,22.791
ext4_write,13.483
ext4_write,17.367
ext4_write,16.777
ext4_write,17.458
ext4_write,16.785
ext4_write,19.141
ext4_write,22.043
ext4_write,18.331
ext4_write,18.446
ext4_write,17.972
ext4_write,15.354
ext4_write,18.230
ext4_write,15.918
ext4_write,16.680
ext4_write,16.387
ext4_write,17.103
ext4_write,16.305
ext4_write,23.444
ext4_write,19.934
ext4_write,18.802
ext4_write,14.303
ext4_write,14.022
ext4_write,18.734
ext4_write,14.605
ext4_write,14.097
ext4_write,9.946
ext4_write,16.200
ext4_write,19.638
ext4_write,15.898
ext4_write,17.045
ext4_write,14.849
ext4_write,22.296
ext4_write,16.238
ext4_write,10.668
ext4_write,17.604
ext4_write,20.785
ext4_write,19.757
ext4_write,17.899
ext4_write,22.958
ext4_write,18.271
ext4_write,18.317
ext4_write,17.527
ext4_write,18.166
ext4_write,17.382
ext4_write,20.900
ext4_write,23.366
ext4_write,17.046
ext4_write,16.950
ext4_write,13.370
ext4_write,18.265
ext4_write,20.677
ext4_write,13.496
ext4_write,20.692
ext4_write,20.620
ext4_write,19.589
ext4_write,20.193
ext4_write,23.975
ext4_write,19.396
ext4_write,15.536
ext4_write,22.954
ext4_write,14.978
ext4_write,21.966
ext4_write,15.148
ext4_write,20.298
ext4_write,15.085
ext4_write,16.369
ext4_write,9.752
ext4_write,14.031
ext4_write,19.928
ext4_write,16.307
ext4_write,22.360
ext4_write,19.022
ext4_write,22.484
ext4_write,15.369
ext4_write,25.082
ext4_write,10.540
ext4_write,14.535
ext4_write,10.587
ext4_write,13.703
ext4_write,20.340
ext4_write,16.726
ext4_write,18.958
ext4_write,18.754
ext4_write,17.880
ext4_write,16.870
ext4_write,21.211
ext4_write,17.613
ext4_write,19.677
ext4_write,17.974
ext4_write,19.685
ext4_write,17.183
ext4_write,16.875
ext4_write,15.248
ext4_write,17.218
ext4_write,18.210
ext4_write,15.690
ext4_write,21.330
ext4_write,17.922
ext4_write,18.605
ext4_write,15.727
ext4_write,20.023
ext4_write,16.550
ext4_write,11.177
ext4_write,23.293
ext4_write,15.963
ext4_write,20.968
ext4_write,15.104
ext4_write,20.412
ext4_write,16.378
ext4_write,11.790
ext4_write,18.068
ext4_write,16.776
ext4_write,17.718
ext4_write,18.357
ext4_write,19.308
ext4_write,17.733
ext4_write,20.672
ext4_write,17.852
ext4_write,21.361
ext4_write,20.135
ext4_write,20.628
ext4_write,17.813
ext4_write,19.064
ext4_write,18.828
ext4_write,9.317
ext4_write,17.966
ext4_write,12.078
ext4_write,14.696
ext4_write,11.892
ext4_write,15.961
ext4_write,24.193
ext4_write,22.774
ext4_write,19.858
ext4_write,23.554
ext4_write,17.983
ext4_write,19.669
ext4_write,10.402
ext4_write,13.763
ext4_write,19.872
ext4_write,14.673
ext4_write,18.036
ext4_write,13.300
ext4_write,10.448
ext4_write,17.311
ext4_write,12.922
ext4_write,20.867
ext4_write,19.552
ext4_write,19.094
ext4_write,17.872
ext4_write,11.288
ext4_write,17.899
ext4_write,18.727
ext4_write,17.646
ext4_write,9.214
ext4_write,17.370
ext4_write,10.779
ext4_write,13.982
ext4_write,13.643
ext4_write,12.617
ext4_write,14.494
ext4_write,14.973
ext4_write,18.689
ext4_write,18.399
ext4_write,21.568
ext4_write,19.087
ext4_write,19.021
ext4_write,17.131
ext4_write,17.703
ext4_write,19.792
ext4_write,15.145
ext4_write,20.765
ext4_write,14.797
ext4_write,20.976
ext4_write,18.374
ext4_write,21.434
ext4_write,15.079
ext4_write,22.699
ext4_write,16.008
ext4_write,21.041
ext4_write,16.380
ext4_write,20.343
ext4_write,13.250
ext4_write,11.991
ext4_write,12.862
ext4_write,12.281
ext4_write,13.715
ext4_write,9.434
ext4_write,12.960
ext4_write,27.688
ext4_write,22.103
ext4_write,13.986
ext4_write,16.443
ext4_write,9.268
ext4_write,15.055
ext4_write,15.679
ext4_write,18.049
ext4_write,15.847
ext4_write,16.503
ext4_write,9.095
ext4_write,17.379
ext4_write,19.154
ext4_write,16.202
ext4_write,9.158
ext4_write,17.972
ext4_write,17.906
ext4_write,20.028
ext4_write,18.197
ext4_write,19.945
ext4_write,18.586
ext4_write,18.841
ext4_write,18.048
ext4_write,18.082
ext4_write,15.186
ext4_write,20.163
ext4_write,14.685
ext4_write,9.514
ext4_write,23.832
ext4_write,21.523
ext4_write,25.327
ext4_write,16.310
ext4_write,25.417
ext4_write,17.522
ext4_write,21.920
ext4_write,9.912
ext4_write,15.938
ext4_write,22.224
ext4_write,15.286
ext4_write,19.343
ext4_write,15.862
ext4_write,22.851
ext4_write,17.642
ext4_write,19.582
ext4_write,17.064
ext4_write,18.676
ext4_write,20.661
ext4_write,17.878
ext4_write,18.421
ext4_write,18.878
ext4_write,17.277
ext4_write,18.102
ext4_write,18.026
ext4_write,15.652
ext4_write,16.079
ext4_write,19.414
ext4_write,17.021
ext4_write,19.802
ext4_write,23.854
ext4_write,12.158
ext4_write,23.080
ext4_write,20.762
ext4_write,17.905
ext4_write,20.140
ext4_write,15.650
ext4_write,16.613
ext4_write,15.530
ext4_write,18.708
ext4_write,20.168
ext4_write,25.306
ext4_write,18.376
ext4_write,20.987
ext4_write,15.483
ext4_write,20.270
ext4_write,14.785
ext4_write,18.750
ext4_write,14.895
ext4_write,20.333
ext4_write,18.201
ext4_write,20.137
ext4_write,19.733
ext4_write,19.468
ext4_write,15.519
ext4_write,13.696
ext4_write,25.094
ext4_write,19.766
ext4_write,16.678
ext4_write,18.858
ext4_write,18.237
ext4_write,17.345
ext4_write,17.531
ext4_write,17.791
ext4_write,20.218
ext4_write,21.619
ext4_write,21.553
ext4_write,18.213
ext4_write,16.762
ext4_write,19.066
ext4_write,16.188
ext4_write,19.944
ext4_write,16.950
ext4_write,19.567
ext4_write,16.040
ext4_write,20.729
ext4_write,17.891
ext4_write,15.363
ext4_write,20.943
ext4_write,12.620
ext4_write,13.854
ext4_write,9.684
ext4_write,17.368
ext4_write,16.944
ext4_write,19.794
ext4_write,9.724
ext4_write,13.763
ext4_write,25.901
ext4_write,13.336
ext4_write,9.163
ext4_write,16.768
ext4_write,14.600
ext4_write,18.329
ext4_write,18.618
ext4_write,21.297
ext4_write,16.483
ext4_write,18.756
ext4_write,18.291
ext4_write,18.779
ext4_write,15.063
ext4_write,18.480
ext4_write,17.096
ext4_write,19.081
ext4_write,17.748
ext4_write,9.360
ext4_write,17.524
ext4_write,11.095
ext4_write,20.364
ext4_write,15.199
ext4_write,19.203
ext4_write,14.679
ext4_write,10.652
ext4_write,19.681
ext4_write,13.268
ext4_write,20.676
ext4_write,18.068
ext4_write,23.833
ext4_write,15.829
ext4_write,25.802
ext4_write,16.501
ext4_write,18.983
ext4_write,15.546
ext4_write,20.483
ext4_write,16.260
ext4_write,18.204
ext4_write,18.351
ext4_write,18.574
ext4_write,17.153
ext4_write,18.869
ext4_write,23.624
ext4_write,18.718
ext4_write,20.611
ext4_write,23.669
ext4_write,17.315
ext4_write,10.710
ext4_write,15.881
ext4_write,20.779
ext4_write,18.250
ext4_write,15.404
ext4_write,21.519
ext4_write,18.078
ext4_write,17.022
ext4_write,20.566
ext4_write,21.047
ext4_write,18.390
ext4_write,15.830
ext4_write,20.686
ext4_write,18.686
ext4_write,20.390
ext4_write,14.057
ext4_write,20.514
ext4_write,17.647
ext4_write,23.345
ext4_write,14.933
ext4_write,20.068
ext4_write,14.910
ext4_write,21.115
ext4_write,15.005
ext4_write,18.155
ext4_write,15.030
ext4_write,21.306
ext4_write,17.555
ext4_write,19.355
ext4_write,19.567
ext4_write,11.290
ext4_write,15.937
ext4_write,14.682
ext4_write,17.202
ext4_write,17.137
ext4_write,17.470
ext4_write,17.847
ext4_write,17.424
ext4_write,19.031
ext4_write,18.501
ext4_write,17.091
ext4_write,17.619
ext4_write,15.895
ext4_write,17.923
ext4_write,15.667
ext4_write,19.610
ext4_write,15.769
ext4_write,20.571
ext4_write,15.998
ext4_write,10.255
ext4_write,22.018
ext4_write,17.076
ext4_write,9.803
ext4_write,17.667
ext4_write,14.779
ext4_write,20.415
ext4_write,15.801
ext4_write,19.032
ext4_write,15.302
ext4_write,20.036
ext4_write,16.186
ext4_write,19.732
ext4_write,17.187
ext4_write,18.682
ext4_write,16.412
ext4_write,18.079
ext4_write,16.945
ext4_write,18.366
ext4_write,17.810
ext4_write,19.039
ext4_write,18.104
ext4_write,12.314
ext4_write,16.723
ext4_write,16.668
ext4_write,20.543
ext4_write,14.630
ext4_write,14.893
ext4_write,15.668
ext4_write,20.508
ext4_write,21.172
ext4_write,17.526
ext4_write,20.318
ext4_write,13.502
ext4_write,25.633
ext4_write,18.854
ext4_write,19.225
ext4_write,16.851
ext4_write,21.226
ext4_write,17.092
ext4_write,21.804
ext4_write,9.055
ext4_write,10.063
ext4_write,10.295
ext4_write,12.079
ext4_write,18.742
ext4_write,12.709
ext4_write,14.747
ext4_write,10.093
ext4_write,18.974
ext4_write,14.261
ext4_write,22.889
ext4_write,15.066
ext4_write,21.100
ext4_write,14.336
ext4_write,18.168
ext4_write,15.233
ext4_write,9.732
ext4_write,10.573
ext4_write,15.225
ext4_write,13.014
ext4_write,14.971
ext4_write,11.177
ext4_write,20.768
ext4_write,15.226
ext4_write,20.262
ext4_write,15.687
ext4_write,19.081
ext4_write,14.811
ext4_write,22.809
ext4_write,17.402
ext4_write,19.611
ext4_write,17.113
ext4_write,18.506
ext4_write,15.892
ext4_write,17.381
ext4_write,17.674
ext4_write,17.321
ext4_write,14.801
ext4_write,16.453
ext4_write,18.071
ext4_write,19.927
ext4_write,20.281
ext4_write,9.247
ext4_write,16.905
ext4_write,16.582
ext4_write,17.078
ext4_write,12.794
ext4_write,16.628
ext4_write,18.690
ext4_write,16.320
ext4_write,19.711
ext4_write,15.301
ext4_write,19.200
ext4_write,15.994
ext4_write,20.007
ext4_write,15.489
ext4_write,19.033
ext4_write,15.435
ext4_write,19.726
ext4_write,15.584
ext4_write,19.720
ext4_write,15.553
ext4_write,17.778
ext4_write,18.017
ext4_write,19.176
ext4_write,20.463
ext4_write,20.614
ext4_write,9.999
ext4_write,19.031
ext4_write,12.461
ext4_write,10.585
ext4_write,10.123
ext4_write,18.058
ext4_write,14.167
ext4_write,16.129
ext4_write,17.893
ext4_write,18.739
ext4_write,18.947
ext4_write,18.289
ext4_write,17.488
ext4_write,17.809
ext4_write,17.261
ext4_write,17.554
ext4_write,15.332
ext4_write,22.307
ext4_write,14.951
ext4_write,20.827
ext4_write,15.203
ext4_write,19.396
ext4_write,16.332
ext4_write,23.329
ext4_write,15.240
ext4_write,20.212
ext4_write,16.028
ext4_write,22.765
ext4_write,27.835
ext4_write,11.026
ext4_write,15.991
ext4_write,15.295
ext4_write,14.635
ext4_write,9.884
ext4_write,20.249
ext4_write,15.442
ext4_write,21.959
ext4_write,16.519
ext4_write,21.698
ext4_write,21.440
ext4_write,17.950
ext4_write,15.471
ext4_write,19.196
ext4_write,18.102
ext4_write,16.882
ext4_write,16.395
ext4_write,15.653
ext4_write,15.354
ext4_write,20.786
ext4_write,13.676
ext4_write,23.476
ext4_write,15.191
ext4_write,29.134
ext4_write,12.109
ext4_write,12.576
ext4_write,9.034
ext4_write,9.470
ext4_write,14.108
ext4_write,11.227
ext4_write,18.733
ext4_write,16.804
ext4_write,24.163
ext4_write,15.039
ext4_write,23.703
ext4_write,15.678
ext4_write,20.830
ext4_write,15.992
ext4_write,19.359
ext4_write,16.355
ext4_write,17.446
ext4_write,17.525
ext4_write,19.259
ext4_write,18.808
ext4_write,19.897
ext4_write,20.470
ext4_write,19.496
ext4_write,16.805
ext4_write,18.018
ext4_write,18.749
ext4_write,14.915
ext4_write,17.134
ext4_write,14.789
ext4_write,17.056
ext4_write,22.887
ext4_write,13.436
ext4_write,18.256
ext4_write,15.739
ext4_write,18.194
ext4_write,16.672
ext4_write,21.156
ext4_write,19.586
ext4_write,10.030
ext4_write,17.164
ext4_write,20.661
ext4_write,27.032
ext4_write,15.958
ext4_write,19.756
ext4_write,18.518
ext4_write,21.758
ext4_write,15.775
ext4_write,21.033
ext4_write,15.590
ext4_write,19.764
ext4_write,14.840
ext4_write,18.968
ext4_write,16.022
ext4_write,10.971
ext4_write,17.525
ext4_write,13.437
ext4_write,20.587
ext4_write,16.992
ext4_write,15.890
ext4_write,17.370
ext4_write,24.861
ext4_write,17.462
ext4_write,17.504
ext4_write,16.777
ext4_write,16.869
ext4_write,18.041
ext4_write,18.620
ext4_write,16.904
ext4_write,15.603
ext4_write,10.364
ext4_write,16.131
ext4_write,16.513
ext4_write,21.970
ext4_write,15.297
ext4_write,23.974
ext4_write,13.190
ext4_write,18.256
ext4_write,10.412
ext4_write,14.926
ext4_write,21.129
ext4_write,16.157
ext4_write,15.251
ext4_write,11.871
ext4_write,17.891
ext4_write,15.473
ext4_write,21.714
ext4_write,15.498
ext4_write,20.092
ext4_write,14.816
ext4_write,17.797
ext4_write,15.838
ext4_write,17.123
ext4_write,16.430
ext4_write,19.803
ext4_write,20.797
ext4_write,22.563
ext4_write,14.826
ext4_write,18.228
ext4_write,15.143
ext4_write,17.931
ext4_write,18.995
ext4_write,23.111
ext4_write,18.603
ext4_write,18.597
ext4_write,16.233
ext4_write,15.933
ext4_write,16.747
ext4_write,11.933
ext4_write,12.333
ext4_write,13.815
ext4_write,16.112
ext4_write,9.603
ext4_write,11.101
ext4_write,12.218
ext4_write,13.822
ext4_write,12.038
ext4_write,15.162
ext4_write,15.805
ext4_write,19.351
ext4_write,15.824
ext4_write,19.368
ext4_write,17.405
ext4_write,20.160
ext4_write,12.652
ext4_write,24.017
ext4_write,14.739
ext4_write,19.317
ext4_write,13.970
ext4_write,17.922
ext4_write,16.904
ext4_write,15.941
ext4_write,16.863
ext4_write,18.301
ext4_write,10.242
ext4_write,16.179
ext4_write,20.816
ext4_write,17.543
ext4_write,9.692
ext4_write,18.845
ext4_write,20.089
ext4_write,23.686
ext4_write,18.606
ext4_write,16.222
ext4_write,17.457
ext4_write,18.478
ext4_write,24.950
ext4_write,15.756
ext4_write,22.370
ext4_write,15.904
ext4_write,19.942
ext4_write,15.735
ext4_write,21.750
ext4_write,15.181
ext4_write,17.857
ext4_write,16.958
ext4_write,19.657
ext4_write,18.678
ext4_write,9.012
ext4_write,13.771
ext4_write,21.616
ext4_write,16.248
ext4_write,18.529
ext4_write,12.170
ext4_write,12.319
ext4_write,20.604
ext4_write,16.521
ext4_write,21.528
ext4_write,20.229
ext4_write,20.101
ext4_write,23.024
ext4_write,18.613
ext4_write,15.588
ext4_write,19.167
ext4_write,20.524
ext4_write,17.264
ext4_write,19.207
ext4_write,17.678
ext4_write,19.782
ext4_write,16.804
ext4_write,22.924
ext4_write,18.235
ext4_write,14.755
ext4_write,15.057
ext4_write,18.597
ext4_write,17.661
ext4_write,15.221
ext4_write,21.195
ext4_write,15.196
ext4_write,19.841
ext4_write,12.243
ext4_write,15.517
ext4_write,19.074
ext4_write,18.480
ext4_write,25.070
ext4_write,18.084
ext4_write,25.792
ext4_write,17.525
ext4_write,23.303
ext4_write,13.308
ext4_write,18.045
ext4_write,17.942
ext4_write,14.578
ext4_write,19.251
ext4_write,21.977
ext4_write,17.391
ext4_write,20.732
ext4_write,17.965
ext4_write,22.228
ext4_write,19.118
ext4_write,19.404
ext4_write,9.018
ext4_write,14.341
ext4_write,17.150
ext4_write,17.970
ext4_write,19.818
ext4_write,14.153
ext4_write,19.715
ext4_write,15.660
ext4_write,18.354
ext4_write,15.245
ext4_write,19.096
ext4_write,13.444
ext4_write,19.854
ext4_write,15.831
ext4_write,26.243
ext4_write,14.140
ext4_write,23.016
ext4_write,9.973
ext4_write,16.168
ext4_write,23.390
ext4_write,15.695
ext4_write,23.185
ext4_write,16.905
ext4_write,19.548
ext4_write,15.612
ext4_write,12.558
ext4_write,15.513
ext4_write,10.505
ext4_write,11.432
ext4_write,14.763
ext4_write,17.722
ext4_write,20.045
ext4_write,17.847
ext4_write,19.366
ext4_write,16.063
ext4_write,17.389
ext4_write,17.610
ext4_write,19.332
ext4_write,14.914
ext4_write,13.154
ext4_write,19.823
ext4_write,15.792
ext4_write,22.124
ext4_write,15.960
ext4_write,11.260
ext4_write,11.180
ext4_write,18.440
ext4_write,16.905
ext4_write,23.319
ext4_write,14.573
ext4_write,21.003
ext4_write,10.676
ext4_write,16.016
ext4_write,9.858
ext4_write,12.861
ext4_write,18.090
ext4_write,18.359
ext4_write,21.505
ext4_write,16.450
ext4_write,18.549
ext4_write,19.224
ext4_write,16.890
ext4_write,15.903
ext4_write,19.703
ext4_write,15.309
ext4_write,16.899
ext4_write,19.352
ext4_write,26.417
ext4_write,16.443
ext4_write,10.580
ext4_write,16.615
ext4_write,9.448
ext4_write,16.027
ext4_write,17.173
ext4_write,20.154
ext4_write,18.751
ext4_write,20.059
ext4_write,21.940
ext4_write,20.889
ext4_write,12.524
ext4_write,13.106
ext4_write,14.851
ext4_write,22.071
ext4_write,16.300
ext4_write,24.659
ext4_write,14.107
ext4_write,21.473
ext4_write,14.041
ext4_write,18.715
ext4_write,14.822
ext4_write,24.929
ext4_write,17.389
ext4_write,20.459
ext4_write,16.118
ext4_write,10.922
ext4_write,14.459
ext4_write,23.692
ext4_write,17.165
ext4_write,16.012
ext4_write,18.422
ext4_write,16.096
ext4_write,21.283
ext4_write,18.411
ext4_write,10.024
ext4_write,18.981
ext4_write,14.120
ext4_write,21.387
ext4_write,9.093
ext4_write,14.741
ext4_write,17.325
ext4_write,20.379
ext4_write,17.289
ext4_write,16.055
ext4_write,11.764
ext4_write,19.625
ext4_write,17.599
ext4_write,21.003
ext4_write,17.764
ext4_write,20.207
ext4_write,16.040
ext4_write,10.505
ext4_write,21.286
ext4_write,15.920
ext4_write,19.790
ext4_write,16.374
ext4_write,22.435
ext4_write,14.579
ext4_write,21.171
ext4_write,14.334
ext4_write,17.998
ext4_write,25.002
ext4_write,16.507
ext4_write,19.953
ext4_write,22.172
ext4_write,17.991
ext4_write,18.176
ext4_write,16.987
ext4_write,16.947
ext4_write,18.459
ext4_write,17.491
ext4_write,18.985
ext4_write,17.523
ext4_write,18.866
ext4_write,11.424
ext4_write,12.712
ext4_write,9.041
ext4_write,16.133
ext4_write,19.982
ext4_write,15.633
ext4_write,16.340
ext4_write,18.881
ext4_write,16.205
ext4_write,20.193
ext4_write,14.706
ext4_write,23.233
ext4_write,17.097
ext4_write,11.841
ext4_write,16.736
ext4_write,21.409
ext4_write,17.689
ext4_write,29.307
ext4_write,13.399
ext4_write,18.689
ext4_write,19.856
ext4_write,19.984
ext4_write,16.264
ext4_write,19.131
ext4_write,9.893
ext4_write,14.729
ext4_write,17.202
ext4_write,19.351
ext4_write,9.083
ext4_write,18.282
ext4_write,19.199
ext4_write,19.194
ext4_write,20.816
ext4_write,19.628
ext4_write,22.013
ext4_write,20.244
ext4_write,16.851
ext4_write,13.967
ext4_write,9.284
ext4_write,13.816
ext4_write,14.457
ext4_write,13.988
ext4_write,19.204
ext4_write,14.956
ext4_write,20.326
ext4_write,14.769
ext4_write,19.490
ext4_write,17.168
ext4_write,18.844
ext4_write,17.613
ext4_write,17.981
ext4_write,19.182
ext4_write,19.531
ext4_write,18.843
ext4_write,19.104
ext4_write,17.715
ext4_write,22.462
ext4_write,19.543
ext4_write,17.532
ext4_write,16.855
ext4_write,17.847
ext4_write,16.715
ext4_write,19.361
ext4_write,13.156
ext4_write,14.237
ext4_write,13.116
ext4_write,12.952
ext4_write,25.602
ext4_write,15.528
ext4_write,21.210
ext4_write,14.447
ext4_write,24.811
ext4_write,15.009
ext4_write,15.327
ext4_write,14.269
ext4_write,19.879
ext4_write,16.507
ext4_write,22.287
ext4_write,15.704
ext4_write,18.706
ext4_write,18.621
ext4_write,19.619
ext4_write,15.330
ext4_write,15.649
ext4_write,15.343
ext4_write,18.308
ext4_write,16.150
ext4_write,12.503
ext4_write,10.148
ext4_write,11.412
ext4_write,15.838
ext4_write,21.201
ext4_write,14.961
ext4_write,19.864
ext4_write,19.998
ext4_write,18.177
ext4_write,19.279
ext4_write,23.336
ext4_write,19.284
ext4_write,11.106
ext4_write,13.084
ext4_write,22.713
ext4_write,18.098
ext4_write,22.511
ext4_write,12.301
ext4_write,17.340
ext4_write,20.713
ext4_write,16.088
ext4_write,19.209
ext4_write,15.018
ext4_write,19.676
ext4_write,12.024
ext4_write,17.995
ext4_write,15.447
ext4_write,20.056
ext4_write,9.095
ext4_write,15.310
ext4_write,15.423
ext4_write,19.056
ext4_write,16.884
ext4_write,17.008
ext4_write,17.527
ext4_write,18.683
ext4_write,15.604
ext4_write,23.974
ext4_write,19.044
ext4_write,19.033
ext4_write,19.815
ext4_write,17.898
ext4_write,12.623
ext4_write,21.989
ext4_write,16.243
ext4_write,22.134
ext4_write,16.647
ext4_write,20.356
ext4_write,15.147
ext4_write,14.959
ext4_write,22.830
ext4_write,19.542
ext4_write,20.372
ext4_write,18.141
ext4_write,22.623
ext4_write,9.045
ext4_write,19.613
ext4_write,17.831
ext4_write,21.124
ext4_write,11.613
ext4_write,15.650
ext4_write,17.449
ext4_write,15.148
ext4_write,16.462
ext4_write,15.820
ext4_write,17.979
ext4_write,22.633
ext4_write,21.458
ext4_write,20.369
ext4_write,14.883
ext4_write,16.947
ext4_write,13.285
ext4_write,18.944
ext4_write,15.741
ext4_write,22.920
ext4_write,13.246
ext4_write,19.118
ext4_write,16.032
ext4_write,20.175
ext4_write,15.188
ext4_write,23.103
ext4_write,21.120
ext4_write,20.880
ext4_write,16.374
ext4_write,18.788
ext4_write,15.373
ext4_write,18.671
ext4_write,13.334
ext4_write,16.682
ext4_write,18.891
ext4_write,16.869
ext4_write,16.368
ext4_write,10.235
ext4_write,16.684
ext4_write,12.543
ext4_write,16.157
ext4_write,21.536
ext4_write,18.809
ext4_write,11.245
ext4_write,11.153
ext4_write,13.940
ext4_write,16.876
ext4_write,16.852
ext4_write,10.980
ext4_write,9.289
ext4_write,20.416
ext4_write,18.162
ext4_write,9.362
ext4_write,15.161
ext4_write,19.012
ext4_write,22.054
ext4_write,19.818
ext4_write,23.095
ext4_write,19.975
ext4_write,10.882
ext4_write,16.381
ext4_write,18.257
ext4_write,19.874
ext4_write,21.261
ext4_write,18.243
ext4_write,22.223
ext4_write,21.996
ext4_write,14.303
ext4_write,17.939
ext4_write,16.805
ext4_write,18.283
ext4_write,9.537
ext4_write,12.828
ext4_write,19.021
ext4_write,12.480
ext4_write,18.314
ext4_write,18.002
ext4_write,13.473
ext4_write,11.639
ext4_write,10.746
ext4_write,16.471
ext4_write,18.495
ext4_write,14.808
ext4_write,20.896
ext4_write,15.759
ext4_write,20.229
ext4_write,21.977
ext4_write,19.846
ext4_write,9.567
ext4_write,17.708
ext4_write,17.840
ext4_write,17.581
ext4_write,19.057
ext4_write,17.871
ext4_write,18.582
ext4_write,16.782
ext4_write,18.167
ext4_write,17.263
ext4_write,16.675
ext4_write,14.007
ext4_write,19.530
ext4_write,14.442
ext4_write,12.523
ext4_write,15.992
ext4_write,26.841
ext4_write,16.777
ext4_write,19.600
ext4_write,16.573
ext4_write,22.514
ext4_write,18.589
ext4_write,20.853
ext4_write,18.239
ext4_write,25.289
ext4_write,16.138
ext4_write,16.571
ext4_write,16.532
ext4_write,17.902
ext4_write,19.415
ext4_write,16.700
ext4_write,17.739
ext4_write,18.340
ext4_write,19.077
ext4_write,16.705
ext4_write,17.812
ext4_write,14.970
ext4_write,15.360
ext4_write,16.388
ext4_write,21.220
ext4_write,18.760
ext4_write,16.758
ext4_write,17.956
ext4_write,19.278
ext4_write,20.667
ext4_write,15.453
ext4_write,17.785
ext4_write,14.041
ext4_write,12.949
ext4_write,18.720
ext4_write,14.901
ext4_write,19.597
ext4_write,15.544
ext4_write,21.890
ext4_write,16.640
ext4_write,21.464
ext4_write,14.344
ext4_write,20.839
ext4_write,14.405
ext4_write,15.943
ext4_write,20.354
ext4_write,16.513
ext4_write,16.180
ext4_write,14.797
ext4_write,10.980
ext4_write,15.614
ext4_write,18.258
ext4_write,23.027
ext4_write,23.035
ext4_write,16.548
ext4_write,17.516
ext4_write,17.229
ext4_write,18.904
ext4_write,17.147
ext4_write,16.277
ext4_write,17.811
ext4_write,17.969
ext4_write,19.939
ext4_write,15.928
ext4_write,22.874
ext4_write,15.740
ext4_write,19.789
ext4_write,16.827
ext4_write,21.034
ext4_write,15.986
ext4_write,9.629
ext4_write,11.266
ext4_write,18.240
ext4_write,16.309
ext4_write,11.890
ext4_write,17.821
ext4_write,12.394
ext4_write,17.306
ext4_write,18.170
ext4_write,19.649
ext4_write,14.129
ext4_write,19.070
ext4_write,13.853
ext4_write,12.150
ext4_write,15.802
ext4_write,15.387
ext4_write,18.372
ext4_write,16.167
ext4_write,22.635
ext4_write,13.085
ext4_write,18.989
ext4_write,14.663
ext4_write,19.127
ext4_write,15.976
ext4_write,19.238
ext4_write,19.798
ext4_write,20.532
ext4_write,22.206
ext4_write,17.824
ext4_write,16.858
ext4_write,12.528
ext4_write,9.312
ext4_write,17.678
ext4_write,21.847
ext4_write,18.099
ext4_write,18.270
ext4_write,17.056
ext4_write,19.164
ext4_write,10.119
ext4_write,18.193
ext4_write,19.471
ext4_write,18.211
ext4_write,18.840
ext4_write,15.453
ext4_write,19.958
ext4_write,14.998
ext4_write,22.520
ext4_write,15.487
ext4_write,23.383
ext4_write,15.285
ext4_write,20.255
ext4_write,16.295
ext4_write,10.501
ext4_write,17.917
ext4_write,17.490
ext4_write,14.792
ext4_write,22.498
ext4_write,17.621
ext4_write,18.840
ext4_write,18.765
ext4_write,16.353
ext4_write,13.358
ext4_write,22.168
ext4_write,19.342
ext4_write,15.857
ext4_write,17.453
ext4_write,15.762
ext4_write,17.985
ext4_write,17.253
ext4_write,19.170
ext4_write,19.333
ext4_write,18.491
ext4_write,18.678
ext4_write,18.335
ext4_write,18.161
ext4_write,11.707
ext4_write,19.424
ext4_write,19.506
ext4_write,25.804
ext4_write,13.393
ext4_write,14.897
ext4_write,25.898
ext4_write,16.445
ext4_write,19.427
ext4_write,14.850
ext4_write,21.286
ext4_write,16.025
ext4_write,25.073
ext4_write,14.741
ext4_write,19.241
ext4_write,16.589
ext4_write,10.444
ext4_write,12.209
ext4_write,13.197
ext4_write,16.246
ext4_write,11.472
ext4_write,11.610
ext4_write,12.302
ext4_write,15.929
ext4_write,18.284
ext4_write,17.153
ext4_write,21.591
ext4_write,19.522
ext4_write,20.310
ext4_write,21.047
ext4_write,16.871
ext4_write,20.855
ext4_write,19.268
ext4_write,9.829
ext4_write,18.636
ext4_write,19.083
ext4_write,18.033
ext4_write,20.764
ext4_write,17.383
ext4_write,17.797
ext4_write,13.259
ext4_write,18.922
ext4_write,13.823
ext4_write,27.435
ext4_write,15.767
ext4_write,19.876
ext4_write,15.437
ext4_write,19.957
ext4_write,16.734
ext4_write,18.289
ext4_write,17.136
ext4_write,22.523
ext4_write,17.606
ext4_write,20.011
ext4_write,20.555
ext4_write,16.103
ext4_write,17.109
ext4_write,10.347
ext4_write,13.976
ext4_write,13.453
ext4_write,15.885
ext4_write,14.559
ext4_write,10.793
ext4_write,17.335
ext4_write,19.213
ext4_write,16.965
ext4_write,23.171
ext4_write,16.100
ext4_write,17.699
ext4_write,18.383
ext4_write,16.861
ext4_write,17.123
ext4_write,18.630
ext4_write,19.607
ext4_write,18.450
ext4_write,18.306
ext4_write,16.050
ext4_write,22.826
ext4_write,16.186
ext4_write,20.613
ext4_write,16.848
ext4_write,12.400
ext4_write,18.425
ext4_write,15.698
ext4_write,14.671
ext4_write,17.605
ext4_write,10.963
ext4_write,16.122
ext4_write,16.399
ext4_write,23.829
ext4_write,15.776
ext4_write,21.413
ext4_write,18.921
ext4_write,25.274
ext4_write,14.900
ext4_write,17.806
ext4_write,21.505
ext4_write,20.017
ext4_write,16.800
ext4_write,20.193
ext4_write,16.666
ext4_write,18.138
ext4_write,15.991
ext4_write,16.786
ext4_write,18.325
ext4_write,17.898
ext4_write,18.553
ext4_write,17.387
ext4_write,11.837
ext4_write,16.674
ext4_write,12.446
ext4_write,15.690
ext4_write,11.034
ext4_write,18.232
ext4_write,12.601
ext4_write,19.517
ext4_write,10.141
ext4_write,14.934
ext4_write,21.517
ext4_write,15.927
ext4_write,20.400
ext4_write,15.338
ext4_write,23.493
ext4_write,14.343
ext4_write,20.063
ext4_write,15.659
ext4_write,21.457
ext4_write,18.656
ext4_write,18.765
ext4_write,17.927
ext4_write,18.953
ext4_write,17.729
ext4_write,17.599
ext4_write,18.889
ext4_write,12.721
ext4_write,15.770
ext4_write,13.847
ext4_write,17.120
ext4_write,20.775
ext4_write,18.640
ext4_write,18.227
ext4_write,10.031
ext4_write,15.170
ext4_write,18.201
ext4_write,18.247
ext4_write,17.969
ext4_write,21.705
ext4_write,15.429
ext4_write,21.518
ext4_write,15.896
ext4_write,21.393
ext4_write,19.182
ext4_write,21.903
ext4_write,16.599
ext4_write,21.087
ext4_write,15.681
ext4_write,9.509
ext4_write,16.946
ext4_write,6631.290
ext4_write,18.671
ext4_write,10.538
ext4_write,9.515
ext4_write,16.761
ext4_write,17.264
ext4_write,17.663
ext4_write,18.024
ext4_write,15.745
ext4_write,16.662
ext4_write,17.837
ext4_write,16.826
ext4_write,16.666
ext4_write,18.500
ext4_write,9.468
ext4_write,16.303
ext4_write,18.224
ext4_write,16.948
ext4_write,17.931
ext4_write,15.665
ext4_write,19.620
ext4_write,14.261
ext4_write,11.002
ext4_write,10.094
ext4_write,17.109
ext4_write,17.523
ext4_write,13.310
ext4_write,14.045
ext4_write,14.920
ext4_write,13.478
ext4_write,20.638
ext4_write,19.672
ext4_write,20.537
ext4_write,20.619
ext4_write,15.190
ext4_write,20.783
ext4_write,14.568
ext4_write,25.381
ext4_write,16.811
ext4_write,21.758
ext4_write,18.161
ext4_write,20.459
ext4_write,19.609
ext4_write,17.915
ext4_write,16.978
ext4_write,17.363
ext4_write,18.027
ext4_write,18.843
ext4_write,17.566
ext4_write,17.378
ext4_write,15.755
ext4_write,17.604
ext4_write,15.217
ext4_write,13.401
ext4_write,13.435
ext4_write,13.153
ext4_write,19.054
ext4_write,11.538
ext4_write,15.653
ext4_write,17.934
ext4_write,19.328
ext4_write,17.399
ext4_write,23.024
ext4_write,15.595
ext4_write,20.989
ext4_write,17.794
ext4_write,19.407
ext4_write,15.877
ext4_write,19.161
ext4_write,15.742
ext4_write,9.012
ext4_write,16.527
ext4_write,19.006
ext4_write,14.293
ext4_write,23.375
ext4_write,15.861
ext4_write,22.837
ext4_write,14.558
ext4_write,17.913
ext4_write,17.260
ext4_write,13.263
ext4_write,16.840
ext4_write,19.833
ext4_write,17.369
ext4_write,18.323
ext4_write,17.354
ext4_write,18.142
ext4_write,18.181
ext4_write,19.761
ext4_write,21.891
ext4_write,22.662
ext4_write,15.781
ext4_write,18.967
ext4_write,14.390
ext4_write,19.858
ext4_write,13.280
ext4_write,20.855
ext4_write,15.415
ext4_write,19.417
ext4_write,14.323
ext4_write,20.971
ext4_write,12.990
ext4_write,14.789
ext4_write,15.802
ext4_write,12.782
ext4_write,19.025
ext4_write,9.064
ext4_write,9.769
ext4_write,15.360
ext4_write,25.027
ext4_write,10.624
ext4_write,11.966
ext4_write,10.857
ext4_write,12.734
ext4_write,21.627
ext4_write,16.403
ext4_write,19.564
ext4_write,15.596
ext4_write,17.739
ext4_write,20.020
ext4_write,17.749
ext4_write,18.629
ext4_write,19.383
ext4_write,20.325
ext4_write,17.780
ext4_write,25.268
ext4_write,17.491
ext4_write,15.138
ext4_write,16.279
ext4_write,20.050
ext4_write,17.838
ext4_write,16.699
ext4_write,17.172
ext4_write,11.058
ext4_write,17.005
ext4_write,15.593
ext4_write,19.515
ext4_write,17.834
ext4_write,17.128
ext4_write,19.110
ext4_write,14.909
ext4_write,19.952
ext4_write,18.278
ext4_write,22.376
ext4_write,15.960
ext4_write,20.562
ext4_write,20.364
ext4_write,20.075
ext4_write,15.892
ext4_write,9.785
ext4_write,17.383
ext4_write,15.061
ext4_write,16.193
ext4_write,18.228
ext4_write,19.644
ext4_write,18.228
ext4_write,19.856
ext4_write,18.432
ext4_write,10.744
ext4_write,10.963
ext4_write,17.838
ext4_write,16.693
ext4_write,19.839
ext4_write,15.827
ext4_write,11.385
ext4_write,17.235
ext4_write,18.270
ext4_write,17.220
ext4_write,22.119
ext4_write,20.048
ext4_write,18.839
ext4_write,17.996
ext4_write,19.197
ext4_write,19.071
ext4_write,20.486
ext4_write,16.297
ext4_write,18.915
ext4_write,14.992
ext4_write,20.174
ext4_write,15.268
ext4_write,19.457
ext4_write,14.708
ext4_write,19.715
ext4_write,16.180
ext4_write,22.117
ext4_write,10.153
ext4_write,13.421
ext4_write,15.043
ext4_write,12.567
ext4_write,19.084
ext4_write,15.490
ext4_write,18.884
ext4_write,23.428
ext4_write,18.357
ext4_write,20.832
ext4_write,18.083
ext4_write,19.236
ext4_write,18.381
ext4_write,15.237
ext4_write,15.898
ext4_write,13.780
ext4_write,14.537
ext4_write,18.000
ext4_write,18.441
ext4_write,20.690
ext4_write,16.906
ext4_write,17.101
ext4_write,17.009
ext4_write,25.022
ext4_write,17.483
ext4_write,10.942
ext4_write,17.309
ext4_write,14.617
ext4_write,16.837
ext4_write,13.874
ext4_write,21.124
ext4_write,19.511
ext4_write,20.760
ext4_write,15.506
ext4_write,20.078
ext4_write,15.633
ext4_write,19.442
ext4_write,16.644
ext4_write,17.115
ext4_write,9.117
ext4_write,15.738
ext4_write,22.964
ext4_write,22.449
ext4_write,15.493
ext4_write,18.829
ext4_write,22.254
ext4_write,15.821
ext4_write,17.681
ext4_write,16.992
ext4_write,16.051
ext4_write,9.942
ext4_write,20.292
ext4_write,13.618
ext4_write,9.360
ext4_write,16.544
ext4_write,21.077
ext4_write,20.496
ext4_write,15.925
ext4_write,19.752
ext4_write,15.291
ext4_write,18.030
ext4_write,18.103
ext4_write,19.331
ext4_write,12.319
ext4_write,19.829
ext4_write,14.840
ext4_write,18.571
ext4_write,14.006
ext4_write,18.589
ext4_write,18.131
ext4_write,19.821
ext4_write,19.269
ext4_write,18.101
ext4_write,9.914
ext4_write,14.236
ext4_write,18.351
ext4_write,12.526
ext4_write,14.932
ext4_write,17.098
ext4_write,19.796
ext4_write,18.366
ext4_write,18.731
ext4_write,15.016
ext4_write,18.593
ext4_write,18.905
ext4_write,17.740
ext4_write,15.140
ext4_write,9.039
ext4_write,15.846
ext4_write,16.218
ext4_write,16.611
ext4_write,14.683
ext4_write,19.604
ext4_write,13.847
ext4_write,18.957
ext4_write,16.369
ext4_write,20.667
ext4_write,17.715
ext4_write,21.463
ext4_write,17.677
ext4_write,14.206
ext4_write,13.236
ext4_write,19.281
ext4_write,12.300
ext4_write,14.309
ext4_write,14.275
ext4_write,20.305
ext4_write,15.757
ext4_write,18.976
ext4_write,15.611
ext4_write,18.072
ext4_write,14.559
ext4_write,13.532
ext4_write,14.564
ext4_write,17.671
ext4_write,14.775
ext4_write,17.143
ext4_write,17.343
ext4_write,17.317
ext4_write,18.560
ext4_write,17.471
ext4_write,18.850
ext4_write,21.367
ext4_write,18.673
ext4_write,20.801
ext4_write,18.566
ext4_write,9.061
ext4_write,13.854
ext4_write,15.324
ext4_write,15.229
ext4_write,24.790
ext4_write,16.182
ext4_write,18.689
ext4_write,17.358
ext4_write,10.804
ext4_write,17.091
ext4_write,14.069
ext4_write,25.802
ext4_write,15.144
ext4_write,19.222
ext4_write,13.870
ext4_write,19.204
ext4_write,14.728
ext4_write,18.853
ext4_write,17.699
ext4_write,22.386
ext4_write,16.488
ext4_write,21.320
ext4_write,18.942
ext4_write,9.821
ext4_write,16.366
ext4_write,16.929
ext4_write,9.613
ext4_write,13.518
ext4_write,16.557
ext4_write,10.384
ext4_write,15.929
ext4_write,16.963
ext4_write,16.725
ext4_write,18.178
ext4_write,19.132
ext4_write,17.746
ext4_write,17.532
ext4_write,31.289
ext4_write,17.201
ext4_write,17.819
ext4_write,20.886
ext4_write,15.255
ext4_write,9.688
ext4_write,10.268
ext4_write,11.494
ext4_write,12.619
ext4_write,16.886
ext4_write,19.131
ext4_write,19.703
ext4_write,16.217
ext4_write,21.936
ext4_write,19.078
ext4_write,21.909
ext4_write,9.534
ext4_write,9.589
ext4_write,16.414
ext4_write,15.445
ext4_write,15.848
ext4_write,18.937
ext4_write,23.611
ext4_write,17.705
ext4_write,14.909
ext4_write,18.166
ext4_write,17.901
ext4_write,17.557
ext4_write,15.241
ext4_write,17.153
ext4_write,26.582
ext4_write,19.336
ext4_write,16.879
