Throughput in Audio Test,bandwidth (kB/s)
summit_ext4,116.08
summit_ext4,119.84
summit_ext4,119.9
summit_ext4,115.99
summit_ext4,119.85
summit_ext4,111.41
summit_ext4,123.78
summit_ext4,119.85
summit_ext4,111.91
summit_ext4,119.84
summit_ext4,119.96
summit_ext4,115.99
summit_ext4,119.85
summit_ext4,119.91
summit_ext4,119.83
summit_ext4,111.77
summit_ext4,123.85
summit_ext4,115.85
summit_ext4,119.51
summit_ext4,115.21
summit_ext4,115.96
summit_ext4,123.71
summit_ext4,111.84
summit_ext4,119.94
summit_ext4,119.84
summit_ext4,119.77
summit_ext4,115.9
summit_ext4,119.87
summit_ext4,119.89
summit_ext4,112.18
summit_ext4,119.87
summit_ext4,123.47
summit_ext4,112.17
summit_ext4,119.67
summit_ext4,119.83
summit_ext4,112.15
summit_ext4,123.77
summit_ext4,116.09
summit_ext4,119.84
summit_ext4,115.37
summit_ext4,116.01
summit_ext4,123.73
summit_ext4,112.17
summit_ext4,119.91
summit_ext4,119.85
summit_ext4,112.08
summit_ext4,123.75
summit_ext4,119.51
summit_ext4,119.8
summit_ext4,112.17
summit_ext4,119.79
summit_ext4,123.41
summit_ext4,115.71
summit_ext4,115.47
summit_ext4,115.75
summit_ext4,123.07
summit_ext4,116.06
summit_ext4,116.02
summit_ext4,119.95
summit_ext4,119.76
summit_ext4,116
summit_ext4,119.8
summit_ext4,119.88
summit_ext4,112.11
summit_ext4,119.91
summit_ext4,123.63
summit_ext4,112.14
summit_ext4,119.85
summit_ext4,119.75
summit_ext4,112.19
summit_ext4,123.74
summit_ext4,119.8
summit_ext4,115.99
summit_ext4,115.88
summit_ext4,115.96
summit_ext4,123.23
summit_ext4,115.66
summit_ext4,115.98
summit_ext4,119.85
summit_ext4,119.63
summit_ext4,116.01
summit_ext4,120.01
summit_ext4,119.69
summit_ext4,112.24
summit_ext4,119.89
summit_ext4,123.78
summit_ext4,112.04
summit_ext4,119.82
summit_ext4,119.75
summit_ext4,115.76
summit_ext4,119.87
summit_ext4,116.02
summit_ext4,119.82
summit_ext4,116.01
summit_ext4,116.05
summit_ext4,123.58
summit_ext4,112.13
summit_ext4,119.84
summit_ext4,119.94
summit_ext4,112.11
summit_ext4,123.77
summit_ext4,119.47
summit_ext4,119.91
summit_ext4,112.28
summit_ext4,119.84
summit_ext4,123.66
summit_ext4,112.08
summit_ext4,119.91
summit_ext4,119.87
summit_ext4,116.11
summit_ext4,119.25
summit_ext4,115.97
summit_ext4,119.84
summit_ext4,116.04
summit_ext4,115.96
summit_ext4,123.18
summit_ext4,112.13
summit_ext4,119.71
summit_ext4,119.83
summit_ext4,119.57
summit_ext4,119.86
summit_ext4,119.81
summit_ext4,119.81
summit_ext4,112.21
summit_ext4,119.91
summit_ext4,123.63
summit_ext4,112.1
summit_ext4,119.88
summit_ext4,116.05
summit_ext4,119.51
summit_ext4,119.76
summit_ext4,116.06
summit_ext4,119.92
summit_ext4,112.2
summit_ext4,119.86
summit_ext4,123.83
summit_ext4,112.15
summit_ext4,119.85
summit_ext4,119.58
summit_ext4,119.74
summit_ext4,115.97
summit_ext4,119.77
summit_ext4,119.83
summit_ext4,112.1
summit_ext4,119.86
summit_ext4,127.58
summit_ext4,112.05
summit_ext4,119.91
summit_ext4,115.77
summit_ext4,116.05
summit_ext4,123.75
summit_ext4,116.06
summit_ext4,120.03
summit_ext4,112.12
summit_ext4,123.73
summit_ext4,119.77
summit_ext4,112.16
summit_ext4,119.85
summit_ext4,119.79
summit_ext4,116.03
summit_ext4,119.8
summit_ext4,119.9
summit_ext4,112.11
summit_ext4,120.02
summit_ext4,123.72
summit_ext4,115.62
summit_ext4,115.86
summit_ext4,119.87
summit_ext4,116
summit_ext4,119.93
summit_ext4,116.01
summit_ext4,119.98
summit_ext4,115.39
summit_ext4,115.99
summit_ext4,123.85
summit_ext4,119.86
summit_ext4,112.11
summit_ext4,119.9
summit_ext4,119.77
summit_ext4,119.9
summit_ext4,115.96
summit_ext4,120.08
summit_ext4,112.12
summit_ext4,123.7
summit_ext4,119.73
summit_ext4,111.99
summit_ext4,119.62
summit_ext4,119.84
summit_ext4,119.87
summit_ext4,119.9
summit_ext4,119.82
summit_ext4,119.84
summit_ext4,111.34
summit_ext4,123.79
summit_ext4,116.02
summit_ext4,115.98
summit_ext4,119.78
summit_ext4,116.05
summit_ext4,123.81
summit_ext4,112.09
summit_ext4,119.78
summit_ext4,119.75
summit_ext4,111.47
summit_ext4,123.82
summit_ext4,119.91
summit_ext4,112.12
summit_ext4,119.89
summit_ext4,119.9
summit_ext4,123.81
summit_ext4,112.05
summit_ext4,119.88
summit_ext4,119.86
summit_ext4,112.19
summit_ext4,126.46
summit_ext4,115.81
summit_ext4,119.76
summit_ext4,115.98
summit_ext4,115.94
summit_ext4,123.69
summit_ext4,112.05
summit_ext4,119.83
summit_ext4,119.82
summit_ext4,119.79
summit_ext4,115.89
summit_ext4,119.84
summit_ext4,119.73
summit_ext4,112.01
summit_ext4,119.81
summit_ext4,123.56
summit_ext4,112.05
summit_ext4,119.74
summit_ext4,116
summit_ext4,123.71
summit_ext4,115.94
summit_ext4,116
summit_ext4,119.81
summit_ext4,111.55
summit_ext4,123.69
summit_ext4,119.87
summit_ext4,119.79
summit_ext4,112.04
summit_ext4,119.83
summit_ext4,123.71
summit_ext4,112.1
summit_ext4,119.77
summit_ext4,119.7
summit_ext4,112.07
summit_ext4,123.42
summit_ext4,119.75
summit_ext4,116.03
summit_ext4,115.89
summit_ext4,115.76
summit_ext4,123.64
summit_ext4,115.5
summit_ext4,115.9
summit_ext4,119.88
summit_ext4,119.84
summit_ext4,116.01
summit_ext4,119.83
summit_ext4,119.37
summit_ext4,112.06
summit_ext4,119.92
summit_ext4,127.6
summit_ext4,115.92
summit_ext4,115.56
summit_ext4,119.77
summit_ext4,115.97
summit_ext4,119.94
summit_ext4,115.36
summit_ext4,119.88
summit_ext4,119.68
summit_ext4,112.1
summit_ext4,123.78
summit_ext4,119.63
summit_ext4,112.11
summit_ext4,119.94
summit_ext4,119.8
summit_ext4,116.12
summit_ext4,119.83
summit_ext4,119.31
summit_ext4,119.74
summit_ext4,111.63
summit_ext4,123.63
summit_ext4,115.96
summit_ext4,119.63
summit_ext4,115.98
summit_ext4,115.94
summit_ext4,127.5
summit_ext4,112.13
summit_ext4,119.89
summit_ext4,119.96
summit_ext4,112
summit_ext4,123.73
summit_ext4,119.78
summit_ext4,119.87
summit_ext4,111.74
summit_ext4,119.85
summit_ext4,123.71
summit_ext4,112.05
summit_ext4,119.83
summit_ext4,116.04
summit_ext4,119.25
summit_ext4,119.89
summit_ext4,116
summit_ext4,119.74
summit_ext4,112.12
summit_ext4,119.55
summit_ext4,123.68
summit_ext4,112.23
summit_ext4,119.87
summit_ext4,119.56
summit_ext4,119.83
summit_ext4,119.9
summit_ext4,119.84
summit_ext4,119.86
summit_ext4,112.18
summit_ext4,119.91
summit_ext4,123.79
summit_ext4,112.07
summit_ext4,119.42
summit_ext4,116
summit_ext4,123.32
summit_ext4,115.91
summit_ext4,115.97
summit_ext4,119.76
summit_ext4,111.98
summit_ext4,123.63
summit_ext4,119.77
summit_ext4,119.68
summit_ext4,111.75
summit_ext4,119.84
summit_ext4,123.88
summit_ext4,111.32
summit_ext4,119.71
summit_ext4,119.74
summit_ext4,115.86
summit_ext4,119.81
summit_ext4,115.99
summit_ext4,119.86
summit_ext4,115.98
summit_ext4,115.88
summit_ext4,123.51
summit_ext4,119.71
summit_ext4,112.05
summit_ext4,119.77
summit_ext4,119.95
summit_ext4,115.97
summit_ext4,119.81
summit_ext4,119.87
summit_ext4,112.09
summit_ext4,119.85
summit_ext4,123.74
summit_ext4,112.1
summit_ext4,119.85
summit_ext4,119.86
summit_ext4,116.01
summit_ext4,119.95
summit_ext4,116.06
summit_ext4,116.17
summit_ext4,119.27
summit_ext4,119.1
summit_ext4,115.78
summit_ext4,119.91
summit_ext4,119.84
summit_ext4,119.95
summit_ext4,112.16
summit_ext4,123.72
summit_ext4,119.91
summit_ext4,112.13
summit_ext4,119.85
summit_ext4,119.81
summit_ext4,116.06
summit_ext4,119.89
summit_ext4,115.92
summit_ext4,116.02
summit_ext4,119.9
summit_ext4,119.94
summit_ext4,116
summit_ext4,116.05
summit_ext4,119.85
summit_ext4,119.77
summit_ext4,116.09
summit_ext4,119.82
summit_ext4,119.79
summit_ext4,112.18
summit_ext4,120.02
summit_ext4,123.71
summit_ext4,112.11
summit_ext4,119.87
summit_ext4,119.86
summit_ext4,112.12
summit_ext4,123.82
summit_ext4,119.98
summit_ext4,112.12
summit_ext4,119.88
summit_ext4,115.96
summit_ext4,123.73
summit_ext4,116.01
summit_ext4,115.84
summit_ext4,119.78
summit_ext4,116
summit_ext4,119.94
summit_ext4,119.91
summit_ext4,112.17
summit_ext4,119.96
summit_ext4,119.83
summit_ext4,115.96
summit_ext4,119.84
summit_ext4,119.54
summit_ext4,119.87
summit_ext4,112.15
summit_ext4,122.87
summit_ext4,119.33
summit_ext4,115.96
summit_ext4,116.04
summit_ext4,119.83
summit_ext4,119.79
summit_ext4,116.05
summit_ext4,116.03
summit_ext4,119.95
summit_ext4,116.07
summit_ext4,119.86
summit_ext4,119.48
summit_ext4,119.21
summit_ext4,112.12
summit_ext4,123.82
summit_ext4,119.17
summit_ext4,115.85
summit_ext4,115.94
summit_ext4,119.76
summit_ext4,119.9
summit_ext4,116.01
summit_ext4,119.76
summit_ext4,116.05
summit_ext4,116.12
summit_ext4,119.9
summit_ext4,120.07
summit_ext4,116.06
summit_ext4,116.05
summit_ext4,119.9
summit_ext4,116.08
summit_ext4,119.79
summit_ext4,119.84
summit_ext4,119.76
summit_ext4,111.25
summit_ext4,123.78
summit_ext4,119.93
summit_ext4,112.11
summit_ext4,119.99
summit_ext4,119.93
summit_ext4,116.04
summit_ext4,119.8
summit_ext4,115.99
summit_ext4,119.91
summit_ext4,115.91
summit_ext4,119.07
summit_ext4,119.93
summit_ext4,112.11
summit_ext4,119.69
summit_ext4,119.89
summit_ext4,123.79
summit_ext4,112.17
summit_ext4,119.2
summit_ext4,119.91
summit_ext4,112.23
summit_ext4,123.83
summit_ext4,119.86
summit_ext4,115.88
summit_ext4,115.6
summit_ext4,119.87
summit_ext4,119.81
summit_ext4,115.99
summit_ext4,115.89
summit_ext4,119.9
summit_ext4,116.05
summit_ext4,119.61
summit_ext4,119.64
summit_ext4,119.51
summit_ext4,112.08
summit_ext4,118.98
summit_ext4,123.72
summit_ext4,119.84
summit_ext4,112.23
summit_ext4,119.84
summit_ext4,115.95
summit_ext4,119.89
summit_ext4,119.86
summit_ext4,115.47
summit_ext4,115.92
summit_ext4,115.95
summit_ext4,123.67
summit_ext4,119.9
summit_ext4,111.47
summit_ext4,119.9
summit_ext4,119.54
summit_ext4,115.97
summit_ext4,119.73
summit_ext4,119.78
summit_ext4,119.82
summit_ext4,112.09
summit_ext4,123.92
summit_ext4,119.75
summit_ext4,112.07
summit_ext4,119.83
summit_ext4,119.76
summit_ext4,115.72
summit_ext4,119.78
summit_ext4,116.06
summit_ext4,119.86
summit_ext4,116.17
summit_ext4,119.92
summit_ext4,119.78
summit_ext4,112.16
summit_ext4,120
summit_ext4,123.71
summit_ext4,112.25
summit_ext4,119.93
summit_ext4,119.84
summit_ext4,112.16
summit_ext4,123.76
summit_ext4,119.46
summit_ext4,112.24
summit_ext4,119.87
summit_ext4,119.85
summit_ext4,119.86
summit_ext4,116.01
summit_ext4,116.01
summit_ext4,119.93
summit_ext4,116.01
summit_ext4,119.97
summit_ext4,119.9
summit_ext4,112.21
summit_ext4,119.93
summit_ext4,119.74
summit_ext4,116.06
summit_ext4,119.88
summit_ext4,119.9
summit_ext4,120.11
summit_ext4,119.85
summit_ext4,115.73
summit_ext4,119.79
summit_ext4,116.03
summit_ext4,115.93
summit_ext4,119.77
summit_ext4,119.8
summit_ext4,115.95
summit_ext4,115.94
summit_ext4,119.78
summit_ext4,119.82
summit_ext4,115.95
summit_ext4,119.86
summit_ext4,119.79
summit_ext4,112.09
summit_ext4,119.91
summit_ext4,127.59
summit_ext4,112.12
summit_ext4,119.85
summit_ext4,119.78
summit_ext4,112.21
summit_ext4,123.68
summit_ext4,119.69
summit_ext4,115.95
summit_ext4,115.9
summit_ext4,119.77
summit_ext4,119.88
summit_ext4,115.98
summit_ext4,115.91
summit_ext4,119.79
summit_ext4,115.98
summit_ext4,119.79
summit_ext4,119.79
summit_ext4,119.73
summit_ext4,112
summit_ext4,123.73
summit_ext4,119.87
summit_ext4,112.02
summit_ext4,119.74
summit_ext4,119.87
summit_ext4,115.92
summit_ext4,119.83
summit_ext4,119.71
summit_ext4,115.32
summit_ext4,115.88
summit_ext4,119.77
summit_ext4,119.84
summit_ext4,119.79
summit_ext4,112.07
summit_ext4,119.83
summit_ext4,123.43
summit_ext4,112.08
summit_ext4,119.8
summit_ext4,119.79
summit_ext4,112.1
summit_ext4,123.79
summit_ext4,119.87
summit_ext4,115.98
summit_ext4,115.96
summit_ext4,119.83
summit_ext4,119.85
summit_ext4,115.96
summit_ext4,115.93
summit_ext4,119.73
summit_ext4,115.99
summit_ext4,119.88
summit_ext4,119.76
summit_ext4,119.83
summit_ext4,112
summit_ext4,119.9
summit_ext4,123.79
summit_ext4,111.3
summit_ext4,119.7
summit_ext4,119.7
summit_ext4,119.7
summit_ext4,115.86
summit_ext4,119.78
summit_ext4,115.94
summit_ext4,115.99
summit_ext4,119.75
summit_ext4,119.81
summit_ext4,119.77
summit_ext4,111.78
summit_ext4,119.82
summit_ext4,119.77
summit_ext4,115.89
summit_ext4,119.88
summit_ext4,119.75
summit_ext4,112.09
summit_ext4,119.79
summit_ext4,126.6
summit_ext4,119.51
summit_ext4,112.16
summit_ext4,119.76
summit_ext4,115.92
summit_ext4,123.68
summit_ext4,115.89
summit_ext4,115.74
summit_ext4,119.86
summit_ext4,112.08
summit_ext4,123.62
summit_ext4,119.75
summit_ext4,119.77
summit_ext4,112.14
summit_ext4,119.79
summit_ext4,123.65
summit_ext4,112.12
summit_ext4,119.79
summit_ext4,119.82
summit_ext4,111.98
summit_ext4,123.28
summit_ext4,119.75
summit_ext4,115.9
summit_ext4,115.84
summit_ext4,123.64
summit_ext4,119.83
summit_ext4,115.79
summit_ext4,115.66
summit_ext4,119.77
summit_ext4,123.69
summit_ext4,112
summit_ext4,119.9
summit_ext4,119.84
summit_ext4,112.07
summit_ext4,123.69
summit_ext4,119.77
summit_ext4,115.93
summit_ext4,115.91
summit_ext4,119.82
summit_ext4,119.84
summit_ext4,115.97
summit_ext4,115.88
summit_ext4,119.8
summit_ext4,115.99
summit_ext4,119.81
summit_ext4,119.75
summit_ext4,119.69
summit_ext4,112.05
summit_ext4,119.88
summit_ext4,123.55
summit_ext4,111.99
summit_ext4,119.7
summit_ext4,119.46
summit_ext4,119.88
summit_ext4,115.87
summit_ext4,119.8
summit_ext4,116.04
summit_ext4,115.92
summit_ext4,119.31
summit_ext4,119.78
summit_ext4,119.77
summit_ext4,112.06
summit_ext4,119.83
summit_ext4,119.8
summit_ext4,115.94
summit_ext4,119.78
summit_ext4,119.75
summit_ext4,112.06
summit_ext4,119.65
summit_ext4,123.59
summit_ext4,119.71
summit_ext4,112.01
summit_ext4,119.74
summit_ext4,115.9
summit_ext4,119.81
summit_ext4,119.72
summit_ext4,115.94
summit_ext4,119.81
summit_ext4,111.97
summit_ext4,123.64
summit_ext4,119.72
summit_ext4,111.78
summit_ext4,119.78
summit_ext4,119.79
summit_ext4,123.8
summit_ext4,112.15
summit_ext4,119.54
summit_ext4,119.9
summit_ext4,93.73
summit_ext4,116.09
summit_ext4,119.92
summit_ext4,123.75
summit_ext4,115.1
summit_ext4,119.85
summit_ext4,116.03
summit_ext4,119.92
summit_ext4,115.8
summit_ext4,119.85
summit_ext4,119.99
summit_ext4,112.23
summit_ext4,119.49
summit_ext4,123.81
summit_ext4,112.14
summit_ext4,120.01
summit_ext4,119.85
summit_ext4,112.13
summit_ext4,123.79
summit_ext4,119.89
summit_ext4,112.13
summit_ext4,119.8
summit_ext4,119.91
summit_ext4,119.93
summit_ext4,116.01
summit_ext4,116.08
summit_ext4,119.92
summit_ext4,116
summit_ext4,119.93
summit_ext4,119.99
summit_ext4,112.18
summit_ext4,119.97
summit_ext4,119.83
summit_ext4,116.09
summit_ext4,119.88
summit_ext4,119.98
summit_ext4,112.21
summit_ext4,119.9
summit_ext4,123.75
summit_ext4,111.92
summit_ext4,119.87
summit_ext4,119.73
summit_ext4,119.87
summit_ext4,115.96
summit_ext4,119.87
summit_ext4,116.02
summit_ext4,116.15
summit_ext4,123.73
summit_ext4,116.12
summit_ext4,116.03
summit_ext4,116.07
summit_ext4,119.94
summit_ext4,119.91
summit_ext4,116.02
summit_ext4,119.92
summit_ext4,112.13
summit_ext4,119.91
summit_ext4,123.74
summit_ext4,112.15
summit_ext4,119.89
summit_ext4,119.94
summit_ext4,119.58
summit_ext4,116.03
summit_ext4,119.87
summit_ext4,119.81
summit_ext4,112.16
summit_ext4,119.85
summit_ext4,119.87
summit_ext4,115.88
summit_ext4,119.84
summit_ext4,115.99
summit_ext4,116.02
summit_ext4,119.96
summit_ext4,119.92
summit_ext4,119.9
summit_ext4,112.13
summit_ext4,120.02
summit_ext4,127.72
summit_ext4,112.18
summit_ext4,119.94
summit_ext4,119.92
summit_ext4,112.23
summit_ext4,123.72
summit_ext4,119.89
summit_ext4,112.18
summit_ext4,119.1
summit_ext4,119.9
summit_ext4,119.95
summit_ext4,115.98
summit_ext4,119.95
summit_ext4,116.04
summit_ext4,116.07
summit_ext4,119.87
summit_ext4,119.63
summit_ext4,116.16
summit_ext4,116.05
summit_ext4,119.93
summit_ext4,116.06
summit_ext4,119.88
summit_ext4,119.87
summit_ext4,112.13
summit_ext4,119.88
summit_ext4,123.8
summit_ext4,119.88
summit_ext4,111.53
summit_ext4,119.79
summit_ext4,119.87
summit_ext4,116.01
summit_ext4,119.91
summit_ext4,116.06
summit_ext4,116.08
summit_ext4,119.89
summit_ext4,119.96
summit_ext4,119.88
summit_ext4,111.24
summit_ext4,120.01
summit_ext4,119.93
summit_ext4,116.06
summit_ext4,119.91
summit_ext4,119.93
summit_ext4,111.9
summit_ext4,119.91
summit_ext4,123.72
summit_ext4,112.22
summit_ext4,119.8
summit_ext4,119.93
summit_ext4,119.99
summit_ext4,119.88
summit_ext4,119.83
summit_ext4,115.69
summit_ext4,116.02
summit_ext4,119.94
summit_ext4,119.9
summit_ext4,115.97
summit_ext4,116.12
summit_ext4,119.96
summit_ext4,116.06
summit_ext4,119.82
summit_ext4,119.83
summit_ext4,119.86
summit_ext4,111.86
summit_ext4,119.88
summit_ext4,123.3
summit_ext4,112.11
summit_ext4,119.82
summit_ext4,119.5
summit_ext4,119.88
summit_ext4,116.06
summit_ext4,119.89
summit_ext4,116.11
summit_ext4,115.6
summit_ext4,123.78
summit_ext4,119.92
summit_ext4,116.08
summit_ext4,116
summit_ext4,119.89
summit_ext4,116.1
summit_ext4,119.91
summit_ext4,119.65
summit_ext4,112.11
summit_ext4,119.84
summit_ext4,123.77
summit_ext4,119.18
summit_ext4,112.18
summit_ext4,119.94
summit_ext4,119.88
summit_ext4,119.01
summit_ext4,116.03
summit_ext4,119.89
summit_ext4,116.03
summit_ext4,115.99
summit_ext4,119.86
summit_ext4,119.9
summit_ext4,116.05
summit_ext4,116.02
summit_ext4,119.96
summit_ext4,116.02
summit_ext4,119.89
summit_ext4,119.81
summit_ext4,112.14
summit_sealfs,91.74
summit_sealfs,112.24
summit_sealfs,119.91
summit_sealfs,123.82
summit_sealfs,119.8
summit_sealfs,123.67
summit_sealfs,119.85
summit_sealfs,119.84
summit_sealfs,116.13
summit_sealfs,127.54
summit_sealfs,115.92
summit_sealfs,119.94
summit_sealfs,119
summit_sealfs,115.87
summit_sealfs,130.83
summit_sealfs,115.99
summit_sealfs,119.83
summit_sealfs,119.96
summit_sealfs,112.2
summit_sealfs,131.66
summit_sealfs,119.85
summit_sealfs,112.15
summit_sealfs,123.71
summit_sealfs,119.08
summit_sealfs,127.59
summit_sealfs,116.12
summit_sealfs,119.3
summit_sealfs,123.75
summit_sealfs,116.05
summit_sealfs,123.71
summit_sealfs,119.99
summit_sealfs,119.9
summit_sealfs,116.08
summit_sealfs,119.47
summit_sealfs,135.47
summit_sealfs,112.21
summit_sealfs,123
summit_sealfs,118.99
summit_sealfs,123.33
summit_sealfs,127.26
summit_sealfs,112.01
summit_sealfs,123.26
summit_sealfs,115.59
summit_sealfs,118.89
summit_sealfs,127.19
summit_sealfs,115.2
summit_sealfs,118.98
summit_sealfs,123.71
summit_sealfs,112.07
summit_sealfs,131.46
summit_sealfs,118.98
summit_sealfs,119.54
summit_sealfs,116
summit_sealfs,119.95
summit_sealfs,127.65
summit_sealfs,116.06
summit_sealfs,119.88
summit_sealfs,116.08
summit_sealfs,123.77
summit_sealfs,122.7
summit_sealfs,118.92
summit_sealfs,118.91
summit_sealfs,118.91
summit_sealfs,122.81
summit_sealfs,122.61
summit_sealfs,118.95
summit_sealfs,118.88
summit_sealfs,115.91
summit_sealfs,118.52
summit_sealfs,130.79
summit_sealfs,112.09
summit_sealfs,123.91
summit_sealfs,119.56
summit_sealfs,119.22
summit_sealfs,126.57
summit_sealfs,115.12
summit_sealfs,119.13
summit_sealfs,119.21
summit_sealfs,119.26
summit_sealfs,131.35
summit_sealfs,111.52
summit_sealfs,119.87
summit_sealfs,123.7
summit_sealfs,112.12
summit_sealfs,127.6
summit_sealfs,123.6
summit_sealfs,112.05
summit_sealfs,119.82
summit_sealfs,131.36
summit_sealfs,116.05
summit_sealfs,119.77
summit_sealfs,115.77
summit_sealfs,119.77
summit_sealfs,127.63
summit_sealfs,116.08
summit_sealfs,119.47
summit_sealfs,123.67
summit_sealfs,112.12
summit_sealfs,127.64
summit_sealfs,123.87
summit_sealfs,111.57
summit_sealfs,123.2
summit_sealfs,119.35
summit_sealfs,127.15
summit_sealfs,116.07
summit_sealfs,119.89
summit_sealfs,115.99
summit_sealfs,119.84
summit_sealfs,127.54
summit_sealfs,115.96
summit_sealfs,123.74
summit_sealfs,112.25
summit_sealfs,123.35
summit_sealfs,127.01
summit_sealfs,119.55
summit_sealfs,115.44
summit_sealfs,119.92
summit_sealfs,119.87
summit_sealfs,126.99
summit_sealfs,115.52
summit_sealfs,119.37
summit_sealfs,119.39
summit_sealfs,119.39
summit_sealfs,123.18
summit_sealfs,119.31
summit_sealfs,119.91
summit_sealfs,116.02
summit_sealfs,119.86
summit_sealfs,127.69
summit_sealfs,123.72
summit_sealfs,112.17
summit_sealfs,119.92
summit_sealfs,123.57
summit_sealfs,122.92
summit_sealfs,119.32
summit_sealfs,119.37
summit_sealfs,115.98
summit_sealfs,119.87
summit_sealfs,123.75
summit_sealfs,119.9
summit_sealfs,119.84
summit_sealfs,115.92
summit_sealfs,119.93
summit_sealfs,131.36
summit_sealfs,112.15
summit_sealfs,123.72
summit_sealfs,119.8
summit_sealfs,112.26
summit_sealfs,131.51
summit_sealfs,119.95
summit_sealfs,112.09
summit_sealfs,123.72
summit_sealfs,119.91
summit_sealfs,119.9
summit_sealfs,123.77
summit_sealfs,115.82
summit_sealfs,119.83
summit_sealfs,119.87
summit_sealfs,122.89
summit_sealfs,123.74
summit_sealfs,112.12
summit_sealfs,119.89
summit_sealfs,123.71
summit_sealfs,119.86
summit_sealfs,119.84
summit_sealfs,123.78
summit_sealfs,119.93
summit_sealfs,116.07
summit_sealfs,127.53
summit_sealfs,119.73
summit_sealfs,115.89
summit_sealfs,119.9
summit_sealfs,119.86
summit_sealfs,123.73
summit_sealfs,119.87
summit_sealfs,115.9
summit_sealfs,119.91
summit_sealfs,127.63
summit_sealfs,119.74
summit_sealfs,119.92
summit_sealfs,120
summit_sealfs,115.89
summit_sealfs,122.99
summit_sealfs,112.24
summit_sealfs,127.18
summit_sealfs,123.61
summit_sealfs,112
summit_sealfs,119.82
summit_sealfs,123.77
summit_sealfs,119.78
summit_sealfs,123.64
summit_sealfs,119.88
summit_sealfs,118.86
summit_sealfs,115.95
summit_sealfs,127.44
summit_sealfs,119.78
summit_sealfs,119.79
summit_sealfs,115.97
summit_sealfs,116.01
summit_sealfs,131.38
summit_sealfs,116
summit_sealfs,119.88
summit_sealfs,119.79
summit_sealfs,112.13
summit_sealfs,131.46
summit_sealfs,119.99
summit_sealfs,111.97
summit_sealfs,123.74
summit_sealfs,119.35
summit_sealfs,127.42
summit_sealfs,115.26
summit_sealfs,119.81
summit_sealfs,123.74
summit_sealfs,115.91
summit_sealfs,123.62
summit_sealfs,119.76
summit_sealfs,119.2
summit_sealfs,119.8
summit_sealfs,115.86
summit_sealfs,127.57
summit_sealfs,119.72
summit_sealfs,115.92
summit_sealfs,119.89
summit_sealfs,123.71
summit_sealfs,119.68
summit_sealfs,119.84
summit_sealfs,123.73
summit_sealfs,119.17
summit_sealfs,112.05
summit_sealfs,130.41
summit_sealfs,115.94
summit_sealfs,119.79
summit_sealfs,119.94
summit_sealfs,123.71
summit_sealfs,123.61
summit_sealfs,112.02
summit_sealfs,119.89
summit_sealfs,123.09
summit_sealfs,127.49
summit_sealfs,112.05
summit_sealfs,123.64
summit_sealfs,119.9
summit_sealfs,112.07
summit_sealfs,131.39
summit_sealfs,119.94
summit_sealfs,115.9
summit_sealfs,119.83
summit_sealfs,115.93
summit_sealfs,131.45
summit_sealfs,115.94
summit_sealfs,115.91
summit_sealfs,123.75
summit_sealfs,112.11
summit_sealfs,127.54
summit_sealfs,123.68
summit_sealfs,112.09
summit_sealfs,123.66
summit_sealfs,119.84
summit_sealfs,127.65
summit_sealfs,115.86
summit_sealfs,119.2
summit_sealfs,119.71
summit_sealfs,115.98
summit_sealfs,131.27
summit_sealfs,119.82
summit_sealfs,119.85
summit_sealfs,115.85
summit_sealfs,118.91
summit_sealfs,127.52
summit_sealfs,119.9
summit_sealfs,115.98
summit_sealfs,119.85
summit_sealfs,119.87
summit_sealfs,123.68
summit_sealfs,119.95
summit_sealfs,119.96
summit_sealfs,115.87
summit_sealfs,119.81
summit_sealfs,131.47
summit_sealfs,115.97
summit_sealfs,115.46
summit_sealfs,123.07
summit_sealfs,115.4
summit_sealfs,127.05
summit_sealfs,115.47
summit_sealfs,119.78
summit_sealfs,119.71
summit_sealfs,123.12
summit_sealfs,126.96
summit_sealfs,123.26
summit_sealfs,119.2
summit_sealfs,119.22
summit_sealfs,119.28
summit_sealfs,123.1
summit_sealfs,115.4
summit_sealfs,122.7
summit_sealfs,119.36
summit_sealfs,123.15
summit_sealfs,119.23
summit_sealfs,119.37
summit_sealfs,123.12
summit_sealfs,115.47
summit_sealfs,119.15
summit_sealfs,127.04
summit_sealfs,115.68
summit_sealfs,119.49
summit_sealfs,123.74
summit_sealfs,112.07
summit_sealfs,131.4
summit_sealfs,119.76
summit_sealfs,112.14
summit_sealfs,123.73
summit_sealfs,119.82
summit_sealfs,123.61
summit_sealfs,119.23
summit_sealfs,119.33
summit_sealfs,115.55
summit_sealfs,127.56
summit_sealfs,119.88
summit_sealfs,119.92
summit_sealfs,119.75
summit_sealfs,112.09
summit_sealfs,131.37
summit_sealfs,119.81
summit_sealfs,112
summit_sealfs,123.76
summit_sealfs,119.82
summit_sealfs,119.76
summit_sealfs,123.7
summit_sealfs,119.84
summit_sealfs,123.55
summit_sealfs,112.13
summit_sealfs,127.51
summit_sealfs,119.57
summit_sealfs,115.97
summit_sealfs,119.86
summit_sealfs,119.79
summit_sealfs,123.67
summit_sealfs,116.07
summit_sealfs,123.77
summit_sealfs,119.66
summit_sealfs,115.68
summit_sealfs,127.29
summit_sealfs,119.94
summit_sealfs,123.67
summit_sealfs,111.72
summit_sealfs,119.85
summit_sealfs,131.42
summit_sealfs,112.13
summit_sealfs,119.81
summit_sealfs,123.66
summit_sealfs,112.19
summit_sealfs,131.59
summit_sealfs,115.83
summit_sealfs,115.99
summit_sealfs,123.69
summit_sealfs,115.95
summit_sealfs,127.54
summit_sealfs,115.94
summit_sealfs,120.01
summit_sealfs,123.48
summit_sealfs,119.81
summit_sealfs,116
summit_sealfs,119.13
summit_sealfs,123.37
summit_sealfs,127.61
summit_sealfs,119.81
summit_sealfs,123.6
summit_sealfs,111.87
summit_sealfs,123.58
summit_sealfs,127.54
summit_sealfs,119.49
summit_sealfs,115.94
summit_sealfs,119.77
summit_sealfs,119.78
summit_sealfs,123.71
summit_sealfs,119.72
summit_sealfs,115.8
summit_sealfs,123.65
summit_sealfs,115.91
summit_sealfs,127.5
summit_sealfs,119.86
summit_sealfs,112.13
summit_sealfs,123.26
summit_sealfs,118.83
summit_sealfs,126.53
summit_sealfs,122.94
summit_sealfs,114.95
summit_sealfs,118.88
summit_sealfs,114.95
summit_sealfs,130.31
summit_sealfs,122.68
summit_sealfs,118.72
summit_sealfs,117.45
summit_sealfs,118.84
summit_sealfs,126.45
summit_sealfs,118.76
summit_sealfs,115.92
summit_sealfs,119.92
summit_sealfs,123.81
summit_sealfs,126.51
summit_sealfs,115.17
summit_sealfs,119.22
summit_sealfs,119.28
summit_sealfs,115.37
summit_sealfs,130.8
summit_sealfs,119.23
summit_sealfs,111.54
summit_sealfs,123.17
summit_sealfs,119.17
summit_sealfs,131.01
summit_sealfs,111.74
summit_sealfs,119.57
summit_sealfs,123.12
summit_sealfs,123.46
summit_sealfs,115.95
summit_sealfs,119.64
summit_sealfs,119.33
summit_sealfs,119.19
summit_sealfs,123.02
summit_sealfs,119.81
summit_sealfs,123.63
summit_sealfs,119.87
summit_sealfs,112.12
summit_sealfs,131.47
summit_sealfs,119.8
summit_sealfs,112.08
summit_sealfs,123.7
summit_sealfs,116.02
summit_sealfs,123.74
summit_sealfs,123.09
summit_sealfs,115.32
summit_sealfs,123.07
summit_sealfs,119.23
summit_sealfs,126.93
summit_sealfs,115.34
summit_sealfs,118.84
summit_sealfs,119.22
summit_sealfs,119.87
summit_sealfs,130.95
summit_sealfs,119.3
summit_sealfs,119.29
summit_sealfs,119.33
summit_sealfs,123.65
summit_sealfs,119.37
summit_sealfs,119.38
summit_sealfs,123.14
summit_sealfs,112.2
summit_sealfs,119.78
summit_sealfs,131.49
summit_sealfs,116
summit_sealfs,115.92
summit_sealfs,123.67
summit_sealfs,115.71
summit_sealfs,127.56
summit_sealfs,115.97
summit_sealfs,119.33
summit_sealfs,123.12
summit_sealfs,111.63
summit_sealfs,127.56
summit_sealfs,123.74
summit_sealfs,119.46
summit_sealfs,111.61
summit_sealfs,123.71
summit_sealfs,127.52
summit_sealfs,119.18
summit_sealfs,115.41
summit_sealfs,119.74
summit_sealfs,119.74
summit_sealfs,127.45
summit_sealfs,111.51
summit_sealfs,123.17
summit_sealfs,119.74
summit_sealfs,123.58
summit_sealfs,119.69
summit_sealfs,119.79
summit_sealfs,123.56
summit_sealfs,111.97
summit_sealfs,119.69
summit_sealfs,131.36
summit_sealfs,115.88
summit_sealfs,115.83
summit_sealfs,119.67
summit_sealfs,119.79
summit_sealfs,123.24
summit_sealfs,119.33
summit_sealfs,119.73
summit_sealfs,123.59
summit_sealfs,112.03
summit_sealfs,131.49
summit_sealfs,123.33
summit_sealfs,119.76
summit_sealfs,112.03
summit_sealfs,131.27
summit_sealfs,119.72
summit_sealfs,115.87
summit_sealfs,119.76
summit_sealfs,115.94
summit_sealfs,127.45
summit_sealfs,119.76
summit_sealfs,115.87
summit_sealfs,123.67
summit_sealfs,111.54
summit_sealfs,127.08
summit_sealfs,123.08
summit_sealfs,119.24
summit_sealfs,123.12
summit_sealfs,111.53
summit_sealfs,126.95
summit_sealfs,119.71
summit_sealfs,119.73
summit_sealfs,115.99
summit_sealfs,118.82
summit_sealfs,134.75
summit_sealfs,119.18
summit_sealfs,123.38
summit_sealfs,111.9
summit_sealfs,123.68
summit_sealfs,127.59
summit_sealfs,112.04
summit_sealfs,123.49
summit_sealfs,115.63
summit_sealfs,119.67
summit_sealfs,127.47
summit_sealfs,115.99
summit_sealfs,119.69
summit_sealfs,119.84
summit_sealfs,115.85
summit_sealfs,131.32
summit_sealfs,119.7
summit_sealfs,111.91
summit_sealfs,123.65
summit_sealfs,119.72
summit_sealfs,126.88
summit_sealfs,115.34
summit_sealfs,119.32
summit_sealfs,115.39
summit_sealfs,123.73
summit_sealfs,120.04
summit_sealfs,123.73
summit_sealfs,112.13
summit_sealfs,119.94
summit_sealfs,131.46
summit_sealfs,112.11
summit_sealfs,123.69
summit_sealfs,119.87
summit_sealfs,112.07
summit_sealfs,131.48
summit_sealfs,116.02
summit_sealfs,115.97
summit_sealfs,123.69
summit_sealfs,116.06
summit_sealfs,127.47
summit_sealfs,116
summit_sealfs,119.88
summit_sealfs,123.71
summit_sealfs,112.08
summit_sealfs,127.55
summit_sealfs,123.73
summit_sealfs,112.13
summit_sealfs,119.8
summit_sealfs,123.76
summit_sealfs,119.86
summit_sealfs,119.83
summit_sealfs,123.7
summit_sealfs,119.89
summit_sealfs,115.96
summit_sealfs,127.72
summit_sealfs,115.94
summit_sealfs,119.82
summit_sealfs,119.92
summit_sealfs,115.97
summit_sealfs,127.57
summit_sealfs,115.97
summit_sealfs,119.85
summit_sealfs,123.65
summit_sealfs,112.12
summit_sealfs,131.6
summit_sealfs,119.78
summit_sealfs,112.1
summit_sealfs,123.2
summit_sealfs,119.83
summit_sealfs,119.9
summit_sealfs,123.76
summit_sealfs,119.79
summit_sealfs,115.99
summit_sealfs,119.74
summit_sealfs,135.23
summit_sealfs,119.79
summit_sealfs,116.05
summit_sealfs,116.03
summit_sealfs,123.5
summit_sealfs,123.85
summit_sealfs,115.63
summit_sealfs,123.66
summit_sealfs,119.82
summit_sealfs,112.12
summit_sealfs,131.43
summit_sealfs,119.57
summit_sealfs,115.92
summit_sealfs,119.88
summit_sealfs,127.24
summit_sealfs,123.71
summit_sealfs,112
summit_sealfs,119.59
summit_sealfs,119.73
summit_sealfs,123.69
summit_sealfs,119.75
summit_sealfs,119.79
summit_sealfs,116.03
summit_sealfs,119.8
summit_sealfs,127.61
summit_sealfs,119.87
summit_sealfs,115.86
summit_sealfs,119.75
summit_sealfs,119.43
summit_sealfs,123.71
summit_sealfs,119.78
summit_sealfs,119.62
summit_sealfs,123.67
summit_sealfs,112.04
summit_sealfs,131.4
summit_sealfs,115.98
summit_sealfs,115.98
summit_sealfs,123.63
summit_sealfs,116.04
summit_sealfs,123.65
summit_sealfs,119.69
summit_sealfs,119.8
summit_sealfs,119.83
summit_sealfs,115.98
summit_sealfs,127.48
summit_sealfs,123.52
summit_sealfs,112.07
summit_sealfs,119.85
summit_sealfs,123.71
summit_sealfs,119.8
summit_sealfs,119.78
summit_sealfs,123.59
summit_sealfs,119.71
summit_sealfs,112.16
summit_sealfs,131.39
summit_sealfs,115.93
summit_sealfs,119.72
summit_sealfs,119.77
summit_sealfs,115.97
summit_sealfs,131.4
summit_sealfs,112.09
summit_sealfs,119.25
summit_sealfs,123.76
summit_sealfs,112.1
summit_sealfs,127.06
summit_sealfs,123.67
summit_sealfs,119.76
summit_sealfs,115.97
summit_sealfs,119.73
summit_sealfs,127.57
summit_sealfs,115.99
summit_sealfs,119.87
summit_sealfs,115.93
summit_sealfs,119.88
summit_sealfs,127.6
summit_sealfs,116.11
summit_sealfs,123.73
summit_sealfs,112.24
summit_sealfs,123.64
summit_sealfs,127.55
summit_sealfs,112.03
summit_sealfs,123.74
summit_sealfs,119.88
summit_sealfs,112.1
summit_sealfs,131.4
summit_sealfs,119.84
summit_sealfs,112.09
summit_sealfs,123.76
summit_sealfs,119.87
summit_sealfs,131.47
summit_sealfs,112.11
summit_sealfs,119.83
summit_sealfs,119.98
summit_sealfs,116.02
summit_sealfs,127.69
summit_sealfs,119.37
summit_sealfs,115.89
summit_sealfs,115.84
summit_sealfs,123.81
summit_sealfs,127.55
summit_sealfs,115.94
summit_sealfs,119.86
summit_sealfs,119.81
summit_sealfs,115.87
summit_sealfs,127.52
summit_sealfs,119.71
summit_sealfs,115.98
summit_sealfs,119.87
summit_sealfs,127.51
summit_sealfs,119.85
summit_sealfs,116.01
summit_sealfs,123.61
summit_sealfs,115.88
summit_sealfs,123.66
summit_sealfs,119.79
summit_sealfs,119.76
summit_sealfs,115.98
summit_sealfs,119.81
summit_sealfs,127.62
summit_sealfs,119.88
summit_sealfs,115.16
summit_sealfs,119.84
summit_sealfs,123.71
summit_sealfs,134.89
summit_sealfs,112.04
summit_sealfs,123.6
summit_sealfs,119.85
summit_sealfs,112.1
summit_sealfs,131.43
summit_sealfs,115.69
summit_sealfs,119.99
summit_sealfs,119.74
summit_sealfs,131.63
summit_sealfs,114.98
summit_sealfs,117.98
summit_sealfs,118.76
summit_sealfs,115.1
summit_sealfs,130.49
summit_sealfs,118.78
summit_sealfs,118.76
summit_sealfs,118.81
summit_sealfs,115.98
summit_sealfs,127.54
summit_sealfs,119.8
summit_sealfs,119.29
summit_sealfs,115.41
summit_sealfs,119.03
summit_sealfs,126.49
summit_sealfs,122.75
summit_sealfs,118.83
summit_sealfs,114.98
summit_sealfs,119.58
summit_sealfs,127.16
summit_sealfs,116.08
summit_sealfs,119.82
summit_sealfs,116
summit_sealfs,122.9
summit_sealfs,126.9
summit_sealfs,118.97
summit_sealfs,115.54
summit_sealfs,119.93
summit_sealfs,118.65
summit_sealfs,126.36
summit_sealfs,118.73
summit_sealfs,118.77
summit_sealfs,122.6
summit_sealfs,111.14
summit_sealfs,130.24
summit_sealfs,118.82
summit_sealfs,118.84
summit_sealfs,118.84
summit_sealfs,126.37
summit_sealfs,118.84
summit_sealfs,116.01
summit_sealfs,119.8
summit_sealfs,123.66
summit_sealfs,119.77
summit_sealfs,119.51
summit_sealfs,123.67
summit_sealfs,115.99
summit_sealfs,115.3
summit_sealfs,130.95
summit_sealfs,115.97
summit_sealfs,119.83
summit_sealfs,115.95
summit_sealfs,119.13
summit_sealfs,130.67
summit_sealfs,118.81
summit_sealfs,112.04
summit_sealfs,123.66
summit_sealfs,119.08
summit_sealfs,127.52
summit_sealfs,118.95
summit_sealfs,114.99
summit_sealfs,115.39
summit_sealfs,123.12
summit_sealfs,126.9
summit_sealfs,123.03
summit_sealfs,111.57
summit_sealfs,119.24
summit_sealfs,122.94
summit_sealfs,123.4
summit_sealfs,115.68
summit_sealfs,123.65
summit_sealfs,115.69
summit_sealfs,119.77
summit_sealfs,123.65
summit_sealfs,119.84
summit_sealfs,123.17
summit_sealfs,119.86
summit_sealfs,111.41
summit_sealfs,131.33
summit_sealfs,119.83
summit_sealfs,112.07
summit_sealfs,123.68
summit_sealfs,118.84
summit_sealfs,123
summit_sealfs,122.58
summit_sealfs,115.95
summit_sealfs,119.54
summit_sealfs,119.76
summit_sealfs,127.57
summit_sealfs,115.9
summit_sealfs,119.78
summit_sealfs,119.85
summit_sealfs,115.97
summit_sealfs,127.5
summit_sealfs,119.78
summit_sealfs,115.98
summit_sealfs,119.77
summit_sealfs,123.66
summit_sealfs,123.69
summit_sealfs,115.97
summit_sealfs,119.76
summit_sealfs,119.42
summit_sealfs,117.91
summit_sealfs,123.72
summit_sealfs,119.79
summit_sealfs,119.75
summit_sealfs,123.7
summit_sealfs,111.68
summit_sealfs,131.35
summit_sealfs,119.67
summit_sealfs,115.77
summit_sealfs,119.73
summit_sealfs,127.4
summit_sealfs,115.81
summit_sealfs,119.72
summit_sealfs,115.56
summit_sealfs,123.61
summit_sealfs,135.18
summit_sealfs,112.11
summit_sealfs,123.57
summit_sealfs,119.68
summit_sealfs,119.86
summit_sealfs,122.59
summit_sealfs,119.54
summit_sealfs,118.81
summit_sealfs,118.8
summit_sealfs,118.73
summit_sealfs,123.26
summit_sealfs,119.74
summit_sealfs,119.71
summit_sealfs,123.63
summit_sealfs,111.78
summit_sealfs,126.93
summit_sealfs,123.15
summit_sealfs,115.82
summit_sealfs,115.44
summit_sealfs,123.61
summit_sealfs,123.05
summit_sealfs,123.11
summit_sealfs,119.24
summit_sealfs,111.66
summit_sealfs,123.12
summit_sealfs,126.92
summit_sealfs,119.68
summit_sealfs,115.79
summit_sealfs,119.7
summit_sealfs,119.73
summit_sealfs,127.48
summit_sealfs,115.82
summit_sealfs,119.75
summit_sealfs,119.13
summit_sealfs,119.23
summit_sealfs,123.33
summit_sealfs,119.21
summit_sealfs,119.28
summit_sealfs,123.23
summit_sealfs,115.54
summit_sealfs,123.3
summit_sealfs,123.63
summit_sealfs,115.68
summit_sealfs,119.6
summit_sealfs,115.91
summit_sealfs,127.43
summit_sealfs,123.6
summit_sealfs,111.85
summit_sealfs,119.72
summit_sealfs,123.29
summit_sealfs,134.9
summit_sealfs,111.97
summit_sealfs,123.04
summit_sealfs,119.19
summit_sealfs,119.24
summit_sealfs,126.9
summit_sealfs,115.36
summit_sealfs,119.33
summit_sealfs,119.23
tiago_sealfs,154.22
tiago_sealfs,153.52
tiago_sealfs,150.32
tiago_sealfs,150.32
tiago_sealfs,150.22
tiago_sealfs,150.14
tiago_sealfs,149.94
tiago_sealfs,148.64
tiago_sealfs,148.08
tiago_sealfs,147.27
tiago_sealfs,147.16
tiago_sealfs,147.14
tiago_ext4,147.02
tiago_sealfs,147.01
tiago_sealfs,146.99
tiago_sealfs,146.96
tiago_sealfs,146.9
tiago_sealfs,146.9
tiago_sealfs,146.89
tiago_sealfs,146.88
tiago_sealfs,146.87
tiago_sealfs,146.87
tiago_sealfs,146.87
tiago_sealfs,146.82
tiago_ext4,146.81
tiago_sealfs,146.8
tiago_sealfs,146.8
tiago_sealfs,146.78
tiago_sealfs,146.74
tiago_ext4,146.73
tiago_sealfs,146.73
tiago_sealfs,146.69
tiago_sealfs,146.67
tiago_sealfs,146.67
tiago_sealfs,146.67
tiago_sealfs,146.66
tiago_sealfs,146.65
tiago_sealfs,146.64
tiago_sealfs,146.64
tiago_sealfs,146.63
tiago_sealfs,146.61
tiago_sealfs,146.56
tiago_sealfs,146.51
tiago_sealfs,146.49
tiago_sealfs,146.49
tiago_sealfs,146.45
tiago_sealfs,146.44
tiago_sealfs,146.44
tiago_sealfs,146.43
tiago_sealfs,146.42
tiago_sealfs,146.39
tiago_sealfs,146.37
tiago_sealfs,146.3
tiago_sealfs,146.3
tiago_sealfs,146.29
tiago_sealfs,146.27
tiago_sealfs,146.25
tiago_sealfs,146.25
tiago_sealfs,146.24
tiago_sealfs,146.23
tiago_ext4,146.21
tiago_sealfs,146.2
tiago_sealfs,146.18
tiago_sealfs,146.17
tiago_sealfs,146.16
tiago_sealfs,146.11
tiago_sealfs,146.1
tiago_sealfs,146.09
tiago_sealfs,146.08
tiago_sealfs,146.04
tiago_ext4,146.03
tiago_sealfs,146.03
tiago_sealfs,146.02
tiago_sealfs,145.99
tiago_sealfs,145.96
tiago_sealfs,145.95
tiago_sealfs,145.91
tiago_sealfs,145.91
tiago_sealfs,145.9
tiago_ext4,145.81
tiago_sealfs,145.8
tiago_sealfs,145.77
tiago_sealfs,145.76
tiago_sealfs,145.76
tiago_sealfs,145.73
tiago_sealfs,145.7
tiago_sealfs,145.68
tiago_sealfs,145.68
tiago_sealfs,145.66
tiago_sealfs,145.66
tiago_sealfs,145.62
tiago_sealfs,145.51
tiago_sealfs,145.49
tiago_sealfs,145.43
tiago_sealfs,145.21
tiago_sealfs,145.13
tiago_sealfs,145.1
tiago_sealfs,145.03
tiago_sealfs,144.73
tiago_ext4,144.06
tiago_sealfs,143.95
tiago_ext4,143.75
tiago_ext4,143.75
tiago_sealfs,143.68
tiago_ext4,143.6
tiago_sealfs,143.57
tiago_sealfs,143.55
tiago_ext4,143.44
tiago_ext4,143.4
tiago_ext4,143.37
tiago_sealfs,143.36
tiago_sealfs,143.35
tiago_ext4,143.33
tiago_ext4,143.33
tiago_ext4,143.31
tiago_ext4,143.31
tiago_ext4,143.31
tiago_ext4,143.31
tiago_sealfs,143.31
tiago_sealfs,143.31
tiago_ext4,143.3
tiago_sealfs,143.3
tiago_sealfs,143.29
tiago_ext4,143.28
tiago_ext4,143.26
tiago_sealfs,143.25
tiago_sealfs,143.24
tiago_ext4,143.23
tiago_ext4,143.23
tiago_ext4,143.22
tiago_sealfs,143.22
tiago_ext4,143.21
tiago_sealfs,143.21
tiago_sealfs,143.21
tiago_ext4,143.2
tiago_ext4,143.2
tiago_sealfs,143.19
tiago_ext4,143.18
tiago_ext4,143.18
tiago_ext4,143.18
tiago_sealfs,143.18
tiago_sealfs,143.17
tiago_ext4,143.16
tiago_sealfs,143.16
tiago_ext4,143.15
tiago_sealfs,143.15
tiago_sealfs,143.15
tiago_ext4,143.14
tiago_sealfs,143.14
tiago_ext4,143.12
tiago_sealfs,143.12
tiago_sealfs,143.12
tiago_sealfs,143.12
tiago_ext4,143.11
tiago_sealfs,143.11
tiago_ext4,143.1
tiago_sealfs,143.1
tiago_sealfs,143.1
tiago_ext4,143.08
tiago_sealfs,143.08
tiago_sealfs,143.08
tiago_ext4,143.07
tiago_ext4,143.06
tiago_ext4,143.06
tiago_sealfs,143.06
tiago_sealfs,143.06
tiago_ext4,143.05
tiago_sealfs,143.05
tiago_sealfs,143.05
tiago_ext4,143.04
tiago_sealfs,143.04
tiago_ext4,143.03
tiago_ext4,143.03
tiago_sealfs,143.03
tiago_ext4,143.02
tiago_ext4,143.02
tiago_ext4,143.01
tiago_ext4,143.01
tiago_ext4,143.01
tiago_ext4,143
tiago_ext4,143
tiago_ext4,143
tiago_ext4,143
tiago_sealfs,143
tiago_sealfs,143
tiago_sealfs,143
tiago_ext4,142.99
tiago_sealfs,142.99
tiago_sealfs,142.99
tiago_ext4,142.98
tiago_sealfs,142.98
tiago_sealfs,142.98
tiago_ext4,142.97
tiago_sealfs,142.97
tiago_sealfs,142.96
tiago_sealfs,142.96
tiago_ext4,142.95
tiago_ext4,142.95
tiago_ext4,142.95
tiago_ext4,142.95
tiago_ext4,142.95
tiago_sealfs,142.95
tiago_sealfs,142.95
tiago_ext4,142.94
tiago_ext4,142.94
tiago_sealfs,142.94
tiago_sealfs,142.94
tiago_sealfs,142.94
tiago_ext4,142.93
tiago_ext4,142.92
tiago_ext4,142.92
tiago_ext4,142.92
tiago_sealfs,142.92
tiago_sealfs,142.92
tiago_ext4,142.91
tiago_sealfs,142.91
tiago_sealfs,142.91
tiago_sealfs,142.91
tiago_sealfs,142.91
tiago_ext4,142.9
tiago_ext4,142.9
tiago_sealfs,142.9
tiago_ext4,142.89
tiago_ext4,142.89
tiago_ext4,142.88
tiago_ext4,142.88
tiago_sealfs,142.88
tiago_sealfs,142.88
tiago_ext4,142.87
tiago_sealfs,142.86
tiago_sealfs,142.86
tiago_ext4,142.85
tiago_sealfs,142.85
tiago_sealfs,142.85
tiago_sealfs,142.85
tiago_ext4,142.84
tiago_ext4,142.84
tiago_sealfs,142.84
tiago_sealfs,142.84
tiago_sealfs,142.81
tiago_sealfs,142.8
tiago_ext4,142.79
tiago_ext4,142.79
tiago_ext4,142.79
tiago_sealfs,142.79
tiago_sealfs,142.79
tiago_sealfs,142.79
tiago_ext4,142.78
tiago_sealfs,142.77
tiago_ext4,142.76
tiago_ext4,142.76
tiago_ext4,142.76
tiago_sealfs,142.76
tiago_sealfs,142.76
tiago_sealfs,142.76
tiago_sealfs,142.75
tiago_sealfs,142.75
tiago_ext4,142.74
tiago_ext4,142.74
tiago_ext4,142.74
tiago_ext4,142.73
tiago_sealfs,142.73
tiago_sealfs,142.73
tiago_ext4,142.72
tiago_sealfs,142.72
tiago_sealfs,142.72
tiago_ext4,142.71
tiago_ext4,142.71
tiago_ext4,142.71
tiago_ext4,142.71
tiago_sealfs,142.71
tiago_sealfs,142.71
tiago_ext4,142.7
tiago_ext4,142.7
tiago_ext4,142.69
tiago_ext4,142.69
tiago_sealfs,142.69
tiago_ext4,142.68
tiago_ext4,142.68
tiago_ext4,142.68
tiago_ext4,142.68
tiago_sealfs,142.68
tiago_sealfs,142.67
tiago_sealfs,142.67
tiago_sealfs,142.66
tiago_sealfs,142.66
tiago_sealfs,142.66
tiago_sealfs,142.66
tiago_ext4,142.65
tiago_ext4,142.65
tiago_ext4,142.65
tiago_ext4,142.65
tiago_sealfs,142.65
tiago_sealfs,142.65
tiago_ext4,142.64
tiago_sealfs,142.64
tiago_sealfs,142.64
tiago_ext4,142.63
tiago_ext4,142.63
tiago_ext4,142.63
tiago_sealfs,142.63
tiago_sealfs,142.63
tiago_sealfs,142.63
tiago_sealfs,142.63
tiago_sealfs,142.62
tiago_sealfs,142.62
tiago_sealfs,142.62
tiago_sealfs,142.61
tiago_ext4,142.6
tiago_sealfs,142.6
tiago_sealfs,142.6
tiago_ext4,142.59
tiago_ext4,142.59
tiago_sealfs,142.58
tiago_sealfs,142.58
tiago_ext4,142.57
tiago_ext4,142.57
tiago_sealfs,142.57
tiago_sealfs,142.56
tiago_ext4,142.55
tiago_ext4,142.54
tiago_sealfs,142.54
tiago_sealfs,142.54
tiago_ext4,142.53
tiago_ext4,142.53
tiago_sealfs,142.53
tiago_sealfs,142.53
tiago_ext4,142.52
tiago_ext4,142.52
tiago_ext4,142.52
tiago_ext4,142.52
tiago_sealfs,142.52
tiago_ext4,142.51
tiago_ext4,142.51
tiago_sealfs,142.51
tiago_sealfs,142.5
tiago_sealfs,142.5
tiago_sealfs,142.48
tiago_ext4,142.47
tiago_sealfs,142.47
tiago_ext4,142.46
tiago_ext4,142.46
tiago_sealfs,142.46
tiago_sealfs,142.46
tiago_ext4,142.45
tiago_ext4,142.45
tiago_ext4,142.45
tiago_ext4,142.44
tiago_ext4,142.44
tiago_sealfs,142.44
tiago_sealfs,142.44
tiago_sealfs,142.44
tiago_ext4,142.43
tiago_ext4,142.43
tiago_sealfs,142.43
tiago_sealfs,142.43
tiago_ext4,142.42
tiago_sealfs,142.41
tiago_ext4,142.4
tiago_ext4,142.39
tiago_sealfs,142.39
tiago_ext4,142.38
tiago_ext4,142.38
tiago_sealfs,142.38
tiago_ext4,142.37
tiago_ext4,142.37
tiago_ext4,142.36
tiago_ext4,142.36
tiago_ext4,142.36
tiago_sealfs,142.36
tiago_ext4,142.35
tiago_ext4,142.35
tiago_sealfs,142.35
tiago_ext4,142.34
tiago_ext4,142.34
tiago_sealfs,142.33
tiago_ext4,142.32
tiago_sealfs,142.32
tiago_sealfs,142.3
tiago_ext4,142.29
tiago_sealfs,142.29
tiago_sealfs,142.29
tiago_sealfs,142.29
tiago_sealfs,142.29
tiago_ext4,142.28
tiago_sealfs,142.28
tiago_ext4,142.27
tiago_sealfs,142.27
tiago_sealfs,142.26
tiago_sealfs,142.26
tiago_ext4,142.25
tiago_sealfs,142.25
tiago_sealfs,142.25
tiago_ext4,142.24
tiago_sealfs,142.24
tiago_sealfs,142.24
tiago_sealfs,142.24
tiago_ext4,142.23
tiago_ext4,142.22
tiago_ext4,142.21
tiago_sealfs,142.21
tiago_sealfs,142.21
tiago_sealfs,142.2
tiago_sealfs,142.2
tiago_sealfs,142.2
tiago_ext4,142.19
tiago_sealfs,142.19
tiago_sealfs,142.19
tiago_sealfs,142.18
tiago_ext4,142.17
tiago_ext4,142.17
tiago_sealfs,142.17
tiago_ext4,142.16
tiago_ext4,142.16
tiago_sealfs,142.16
tiago_ext4,142.15
tiago_ext4,142.14
tiago_sealfs,142.14
tiago_ext4,142.13
tiago_ext4,142.13
tiago_ext4,142.13
tiago_ext4,142.12
tiago_sealfs,142.12
tiago_ext4,142.1
tiago_sealfs,142.09
tiago_sealfs,142.09
tiago_ext4,142.08
tiago_ext4,142.07
tiago_sealfs,142.07
tiago_ext4,142.06
tiago_sealfs,142.05
tiago_sealfs,142.04
tiago_ext4,142.02
tiago_ext4,142.02
tiago_sealfs,142.02
tiago_sealfs,142.01
tiago_ext4,141.98
tiago_ext4,141.96
tiago_sealfs,141.93
tiago_sealfs,141.91
tiago_ext4,141.9
tiago_sealfs,141.9
tiago_sealfs,141.9
tiago_sealfs,141.89
tiago_ext4,141.88
tiago_ext4,141.87
tiago_sealfs,141.87
tiago_sealfs,141.86
tiago_sealfs,141.86
tiago_ext4,141.85
tiago_sealfs,141.84
tiago_sealfs,141.83
tiago_sealfs,141.79
tiago_sealfs,141.78
tiago_ext4,141.77
tiago_ext4,141.77
tiago_sealfs,141.77
tiago_sealfs,141.77
tiago_sealfs,141.74
tiago_sealfs,141.72
tiago_ext4,141.71
tiago_sealfs,141.7
tiago_ext4,141.68
tiago_sealfs,141.68
tiago_sealfs,141.66
tiago_sealfs,141.66
tiago_sealfs,141.65
tiago_sealfs,141.62
tiago_sealfs,141.57
tiago_ext4,141.53
tiago_ext4,141.51
tiago_sealfs,141.5
tiago_sealfs,141.47
tiago_sealfs,141.44
tiago_ext4,141.38
tiago_ext4,141.35
tiago_sealfs,141.28
tiago_sealfs,141.24
tiago_ext4,141.23
tiago_ext4,141.1
tiago_sealfs,141.03
tiago_sealfs,140.97
tiago_ext4,140.62
tiago_ext4,140.48
tiago_ext4,140.46
tiago_ext4,140.42
tiago_sealfs,140.4
tiago_sealfs,140.39
tiago_sealfs,140.33
tiago_sealfs,140.32
tiago_sealfs,140.32
tiago_ext4,140.22
tiago_sealfs,140.13
tiago_ext4,140.06
tiago_ext4,139.95
tiago_ext4,139.94
tiago_ext4,139.88
tiago_ext4,139.86
tiago_sealfs,139.83
tiago_sealfs,139.79
tiago_sealfs,139.78
tiago_sealfs,139.77
tiago_ext4,139.7
tiago_ext4,139.67
tiago_sealfs,139.65
tiago_ext4,139.61
tiago_ext4,139.6
tiago_ext4,139.57
tiago_sealfs,139.57
tiago_ext4,139.53
tiago_sealfs,139.53
tiago_ext4,139.52
tiago_ext4,139.52
tiago_ext4,139.51
tiago_ext4,139.51
tiago_ext4,139.51
tiago_ext4,139.5
tiago_ext4,139.49
tiago_sealfs,139.49
tiago_ext4,139.47
tiago_sealfs,139.47
tiago_ext4,139.46
tiago_sealfs,139.46
tiago_ext4,139.45
tiago_ext4,139.45
tiago_ext4,139.44
tiago_sealfs,139.44
tiago_sealfs,139.44
tiago_ext4,139.43
tiago_sealfs,139.43
tiago_sealfs,139.43
tiago_ext4,139.42
tiago_ext4,139.42
tiago_sealfs,139.42
tiago_ext4,139.41
tiago_ext4,139.41
tiago_sealfs,139.41
tiago_ext4,139.4
tiago_sealfs,139.4
tiago_sealfs,139.4
tiago_ext4,139.39
tiago_ext4,139.38
tiago_ext4,139.38
tiago_sealfs,139.38
tiago_sealfs,139.38
tiago_ext4,139.36
tiago_ext4,139.36
tiago_sealfs,139.36
tiago_sealfs,139.36
tiago_sealfs,139.35
tiago_sealfs,139.35
tiago_sealfs,139.35
tiago_sealfs,139.35
tiago_ext4,139.34
tiago_ext4,139.34
tiago_ext4,139.33
tiago_ext4,139.33
tiago_sealfs,139.33
tiago_ext4,139.32
tiago_ext4,139.32
tiago_sealfs,139.32
tiago_sealfs,139.32
tiago_sealfs,139.32
tiago_ext4,139.3
tiago_ext4,139.3
tiago_ext4,139.3
tiago_sealfs,139.3
tiago_ext4,139.29
tiago_ext4,139.29
tiago_ext4,139.29
tiago_ext4,139.29
tiago_ext4,139.29
tiago_ext4,139.29
tiago_sealfs,139.29
tiago_ext4,139.28
tiago_ext4,139.28
tiago_sealfs,139.28
tiago_ext4,139.27
tiago_ext4,139.27
tiago_ext4,139.27
tiago_sealfs,139.27
tiago_sealfs,139.27
tiago_sealfs,139.27
tiago_ext4,139.26
tiago_ext4,139.26
tiago_ext4,139.26
tiago_ext4,139.26
tiago_ext4,139.26
tiago_ext4,139.26
tiago_sealfs,139.26
tiago_sealfs,139.26
tiago_ext4,139.25
tiago_ext4,139.25
tiago_ext4,139.25
tiago_sealfs,139.25
tiago_sealfs,139.25
tiago_ext4,139.24
tiago_ext4,139.24
tiago_sealfs,139.24
tiago_sealfs,139.24
tiago_sealfs,139.24
tiago_ext4,139.23
tiago_sealfs,139.23
tiago_sealfs,139.23
tiago_sealfs,139.23
tiago_sealfs,139.23
tiago_ext4,139.22
tiago_ext4,139.22
tiago_sealfs,139.22
tiago_sealfs,139.22
tiago_ext4,139.21
tiago_ext4,139.21
tiago_sealfs,139.21
tiago_sealfs,139.21
tiago_sealfs,139.21
tiago_sealfs,139.21
tiago_ext4,139.2
tiago_ext4,139.2
tiago_sealfs,139.2
tiago_sealfs,139.2
tiago_ext4,139.19
tiago_ext4,139.19
tiago_ext4,139.19
tiago_ext4,139.19
tiago_ext4,139.19
tiago_ext4,139.18
tiago_ext4,139.18
tiago_sealfs,139.18
tiago_sealfs,139.18
tiago_sealfs,139.18
tiago_sealfs,139.18
tiago_sealfs,139.18
tiago_sealfs,139.17
tiago_ext4,139.16
tiago_sealfs,139.16
tiago_sealfs,139.16
tiago_ext4,139.15
tiago_ext4,139.15
tiago_ext4,139.15
tiago_sealfs,139.15
tiago_sealfs,139.15
tiago_sealfs,139.15
tiago_ext4,139.14
tiago_sealfs,139.14
tiago_sealfs,139.14
tiago_ext4,139.13
tiago_ext4,139.13
tiago_ext4,139.13
tiago_sealfs,139.13
tiago_sealfs,139.13
tiago_sealfs,139.13
tiago_sealfs,139.13
tiago_ext4,139.12
tiago_ext4,139.12
tiago_sealfs,139.12
tiago_sealfs,139.12
tiago_sealfs,139.12
tiago_ext4,139.11
tiago_ext4,139.11
tiago_ext4,139.11
tiago_sealfs,139.11
tiago_sealfs,139.11
tiago_sealfs,139.11
tiago_sealfs,139.11
tiago_sealfs,139.11
tiago_ext4,139.1
tiago_ext4,139.1
tiago_ext4,139.1
tiago_ext4,139.1
tiago_sealfs,139.1
tiago_sealfs,139.1
tiago_ext4,139.09
tiago_ext4,139.09
tiago_ext4,139.09
tiago_ext4,139.09
tiago_sealfs,139.09
tiago_ext4,139.08
tiago_ext4,139.08
tiago_ext4,139.08
tiago_sealfs,139.08
tiago_ext4,139.07
tiago_ext4,139.07
tiago_ext4,139.07
tiago_sealfs,139.07
tiago_ext4,139.06
tiago_ext4,139.06
tiago_ext4,139.06
tiago_ext4,139.05
tiago_ext4,139.05
tiago_ext4,139.05
tiago_ext4,139.05
tiago_ext4,139.05
tiago_sealfs,139.05
tiago_sealfs,139.05
tiago_ext4,139.04
tiago_ext4,139.04
tiago_sealfs,139.04
tiago_sealfs,139.04
tiago_sealfs,139.04
tiago_sealfs,139.04
tiago_ext4,139.03
tiago_sealfs,139.03
tiago_sealfs,139.03
tiago_sealfs,139.03
tiago_sealfs,139.03
tiago_sealfs,139.03
tiago_sealfs,139.03
tiago_ext4,139.02
tiago_ext4,139.02
tiago_ext4,139.02
tiago_ext4,139.02
tiago_ext4,139.01
tiago_ext4,139.01
tiago_ext4,139.01
tiago_ext4,139.01
tiago_ext4,139.01
tiago_ext4,139.01
tiago_sealfs,139.01
tiago_ext4,139
tiago_ext4,139
tiago_sealfs,139
tiago_ext4,138.99
tiago_ext4,138.99
tiago_sealfs,138.99
tiago_sealfs,138.99
tiago_sealfs,138.99
tiago_sealfs,138.99
tiago_ext4,138.98
tiago_ext4,138.98
tiago_ext4,138.98
tiago_ext4,138.98
tiago_ext4,138.98
tiago_sealfs,138.98
tiago_ext4,138.97
tiago_ext4,138.97
tiago_ext4,138.97
tiago_sealfs,138.97
tiago_sealfs,138.97
tiago_sealfs,138.97
tiago_sealfs,138.97
tiago_sealfs,138.97
tiago_ext4,138.96
tiago_ext4,138.96
tiago_sealfs,138.96
tiago_ext4,138.95
tiago_sealfs,138.95
tiago_sealfs,138.95
tiago_ext4,138.94
tiago_ext4,138.94
tiago_ext4,138.94
tiago_sealfs,138.94
tiago_sealfs,138.94
tiago_ext4,138.93
tiago_ext4,138.93
tiago_ext4,138.93
tiago_ext4,138.93
tiago_ext4,138.93
tiago_ext4,138.93
tiago_ext4,138.93
tiago_sealfs,138.93
tiago_sealfs,138.92
tiago_sealfs,138.92
tiago_ext4,138.91
tiago_ext4,138.91
tiago_sealfs,138.91
tiago_sealfs,138.91
tiago_sealfs,138.9
tiago_sealfs,138.9
tiago_sealfs,138.9
tiago_sealfs,138.9
tiago_sealfs,138.9
tiago_sealfs,138.9
tiago_ext4,138.88
tiago_ext4,138.88
tiago_ext4,138.88
tiago_ext4,138.88
tiago_sealfs,138.88
tiago_sealfs,138.88
tiago_sealfs,138.87
tiago_sealfs,138.87
tiago_sealfs,138.87
tiago_sealfs,138.87
tiago_sealfs,138.87
tiago_ext4,138.86
tiago_ext4,138.86
tiago_ext4,138.86
tiago_sealfs,138.86
tiago_sealfs,138.86
tiago_ext4,138.85
tiago_ext4,138.85
tiago_ext4,138.85
tiago_sealfs,138.85
tiago_ext4,138.84
tiago_ext4,138.84
tiago_ext4,138.84
tiago_ext4,138.84
tiago_ext4,138.84
tiago_sealfs,138.84
tiago_ext4,138.83
tiago_ext4,138.83
tiago_sealfs,138.83
tiago_ext4,138.82
tiago_ext4,138.82
tiago_sealfs,138.82
tiago_sealfs,138.82
tiago_ext4,138.81
tiago_ext4,138.81
tiago_sealfs,138.81
tiago_ext4,138.8
tiago_sealfs,138.8
tiago_sealfs,138.8
tiago_ext4,138.79
tiago_ext4,138.79
tiago_sealfs,138.79
tiago_sealfs,138.79
tiago_sealfs,138.79
tiago_sealfs,138.79
tiago_sealfs,138.79
tiago_ext4,138.78
tiago_ext4,138.78
tiago_ext4,138.78
tiago_sealfs,138.78
tiago_sealfs,138.78
tiago_sealfs,138.78
tiago_sealfs,138.78
tiago_sealfs,138.78
tiago_ext4,138.77
tiago_ext4,138.77
tiago_ext4,138.77
tiago_sealfs,138.77
tiago_sealfs,138.76
tiago_ext4,138.75
tiago_ext4,138.75
tiago_sealfs,138.75
tiago_sealfs,138.75
tiago_sealfs,138.75
tiago_sealfs,138.75
tiago_sealfs,138.75
tiago_sealfs,138.75
tiago_ext4,138.74
tiago_ext4,138.74
tiago_ext4,138.74
tiago_ext4,138.74
tiago_sealfs,138.74
tiago_ext4,138.73
tiago_ext4,138.73
tiago_ext4,138.73
tiago_ext4,138.73
tiago_sealfs,138.73
tiago_ext4,138.72
tiago_sealfs,138.72
tiago_sealfs,138.72
tiago_ext4,138.71
tiago_ext4,138.71
tiago_ext4,138.71
tiago_ext4,138.71
tiago_ext4,138.7
tiago_ext4,138.7
tiago_ext4,138.7
tiago_ext4,138.69
tiago_ext4,138.69
tiago_ext4,138.69
tiago_sealfs,138.69
tiago_ext4,138.68
tiago_ext4,138.68
tiago_ext4,138.67
tiago_ext4,138.67
tiago_ext4,138.67
tiago_ext4,138.67
tiago_sealfs,138.67
tiago_ext4,138.66
tiago_sealfs,138.66
tiago_sealfs,138.66
tiago_sealfs,138.66
tiago_sealfs,138.66
tiago_sealfs,138.66
tiago_ext4,138.65
tiago_ext4,138.65
tiago_ext4,138.65
tiago_ext4,138.65
tiago_sealfs,138.65
tiago_ext4,138.64
tiago_ext4,138.64
tiago_ext4,138.63
tiago_sealfs,138.63
tiago_ext4,138.62
tiago_ext4,138.62
tiago_ext4,138.62
tiago_ext4,138.62
tiago_ext4,138.62
tiago_ext4,138.62
tiago_sealfs,138.62
tiago_ext4,138.61
tiago_ext4,138.61
tiago_ext4,138.61
tiago_ext4,138.6
tiago_ext4,138.6
tiago_sealfs,138.6
tiago_ext4,138.59
tiago_ext4,138.59
tiago_sealfs,138.59
tiago_ext4,138.58
tiago_ext4,138.58
tiago_ext4,138.58
tiago_ext4,138.58
tiago_sealfs,138.58
tiago_sealfs,138.58
tiago_sealfs,138.56
tiago_sealfs,138.56
tiago_ext4,138.55
tiago_sealfs,138.55
tiago_ext4,138.54
tiago_ext4,138.54
tiago_sealfs,138.54
tiago_ext4,138.53
tiago_sealfs,138.53
tiago_sealfs,138.53
tiago_ext4,138.52
tiago_ext4,138.52
tiago_ext4,138.52
tiago_ext4,138.52
tiago_ext4,138.52
tiago_sealfs,138.52
tiago_ext4,138.51
tiago_ext4,138.51
tiago_ext4,138.51
tiago_sealfs,138.51
tiago_ext4,138.5
tiago_ext4,138.5
tiago_sealfs,138.49
tiago_sealfs,138.48
tiago_ext4,138.47
tiago_ext4,138.47
tiago_ext4,138.47
tiago_sealfs,138.47
tiago_ext4,138.46
tiago_ext4,138.46
tiago_ext4,138.46
tiago_ext4,138.46
tiago_ext4,138.46
tiago_sealfs,138.46
tiago_ext4,138.45
tiago_ext4,138.45
tiago_ext4,138.45
tiago_sealfs,138.45
tiago_sealfs,138.45
tiago_ext4,138.44
tiago_ext4,138.44
tiago_ext4,138.44
tiago_ext4,138.44
tiago_sealfs,138.44
tiago_ext4,138.43
tiago_ext4,138.43
tiago_ext4,138.43
tiago_ext4,138.43
tiago_sealfs,138.43
tiago_sealfs,138.43
tiago_sealfs,138.43
tiago_sealfs,138.43
tiago_ext4,138.42
tiago_ext4,138.42
tiago_ext4,138.41
tiago_ext4,138.41
tiago_sealfs,138.4
tiago_sealfs,138.39
tiago_sealfs,138.38
tiago_sealfs,138.38
tiago_ext4,138.37
tiago_ext4,138.36
tiago_sealfs,138.35
tiago_sealfs,138.35
tiago_sealfs,138.34
tiago_sealfs,138.34
tiago_sealfs,138.33
tiago_sealfs,138.33
tiago_sealfs,138.32
tiago_ext4,138.31
tiago_ext4,138.31
tiago_ext4,138.31
tiago_ext4,138.31
tiago_ext4,138.31
tiago_ext4,138.31
tiago_ext4,138.31
tiago_sealfs,138.31
tiago_sealfs,138.3
tiago_sealfs,138.3
tiago_sealfs,138.3
tiago_ext4,138.29
tiago_sealfs,138.29
tiago_sealfs,138.29
tiago_ext4,138.28
tiago_ext4,138.27
tiago_ext4,138.27
tiago_ext4,138.27
tiago_sealfs,138.27
tiago_ext4,138.26
tiago_sealfs,138.26
tiago_sealfs,138.25
tiago_ext4,138.24
tiago_ext4,138.23
tiago_sealfs,138.22
tiago_ext4,138.21
tiago_sealfs,138.2
tiago_sealfs,138.2
tiago_ext4,138.17
tiago_sealfs,138.17
tiago_sealfs,138.17
tiago_ext4,138.16
tiago_sealfs,138.16
tiago_sealfs,138.16
tiago_sealfs,138.16
tiago_ext4,138.15
tiago_ext4,138.14
tiago_ext4,138.14
tiago_ext4,138.13
tiago_ext4,138.13
tiago_ext4,138.12
tiago_sealfs,138.12
tiago_sealfs,138.12
tiago_ext4,138.11
tiago_ext4,138.11
tiago_sealfs,138.1
tiago_sealfs,138.1
tiago_sealfs,138.09
tiago_sealfs,138.08
tiago_ext4,138.07
tiago_ext4,138.07
tiago_sealfs,138.07
tiago_ext4,138.06
tiago_sealfs,138.06
tiago_ext4,138.05
tiago_sealfs,138.05
tiago_sealfs,138.05
tiago_ext4,138.02
tiago_ext4,138.02
tiago_ext4,138.02
tiago_sealfs,138.01
tiago_ext4,137.98
tiago_ext4,137.94
tiago_sealfs,137.94
tiago_ext4,137.92
tiago_ext4,137.92
tiago_ext4,137.9
tiago_sealfs,137.89
tiago_ext4,137.88
tiago_ext4,137.86
tiago_ext4,137.86
tiago_ext4,137.84
tiago_ext4,137.83
tiago_sealfs,137.82
tiago_ext4,137.81
tiago_ext4,137.8
tiago_ext4,137.79
tiago_ext4,137.79
tiago_ext4,137.78
tiago_ext4,137.77
tiago_ext4,137.75
tiago_sealfs,137.74
tiago_sealfs,137.69
tiago_sealfs,137.68
tiago_sealfs,137.66
tiago_ext4,137.64
tiago_sealfs,137.63
tiago_sealfs,137.63
tiago_sealfs,137.62
tiago_sealfs,137.6
tiago_ext4,137.58
tiago_ext4,137.57
tiago_sealfs,137.56
tiago_ext4,137.54
tiago_ext4,137.49
tiago_ext4,137.48
tiago_sealfs,137.47
tiago_sealfs,137.46
tiago_ext4,137.41
tiago_sealfs,137.37
tiago_ext4,137.31
tiago_ext4,137.3
tiago_ext4,137.29
tiago_ext4,137.26
tiago_ext4,137.17
tiago_ext4,137.11
tiago_sealfs,137.06
tiago_ext4,137.03
tiago_sealfs,137
tiago_sealfs,136.95
tiago_ext4,136.91
tiago_ext4,136.89
tiago_ext4,136.88
tiago_ext4,136.88
tiago_sealfs,136.85
tiago_sealfs,136.78
tiago_ext4,136.72
tiago_sealfs,136.68
tiago_sealfs,136.63
tiago_sealfs,136.62
tiago_sealfs,136.61
tiago_sealfs,136.58
tiago_sealfs,136.55
tiago_ext4,136.5
tiago_ext4,136.47
tiago_ext4,136.47
tiago_sealfs,136.29
tiago_ext4,136.28
tiago_sealfs,136.28
tiago_sealfs,136.22
tiago_ext4,136.17
tiago_ext4,136.15
tiago_ext4,136.1
tiago_sealfs,136.04
tiago_sealfs,136.03
tiago_sealfs,135.93
tiago_ext4,135.8
tiago_sealfs,135.8
tiago_ext4,135.78
tiago_ext4,135.73
tiago_ext4,135.72
tiago_sealfs,135.71
tiago_ext4,135.7
tiago_ext4,135.67
tiago_ext4,135.67
tiago_ext4,135.62
tiago_sealfs,135.6
tiago_sealfs,135.6
tiago_sealfs,135.59
tiago_ext4,135.56
tiago_ext4,135.53
tiago_sealfs,135.53
tiago_ext4,135.48
tiago_ext4,135.47
tiago_sealfs,135.43
tiago_ext4,135.41
tiago_sealfs,135.4
tiago_ext4,135.38
tiago_sealfs,135.38
tiago_ext4,135.37
tiago_ext4,135.31
tiago_sealfs,135.29
tiago_sealfs,135.28
tiago_ext4,135.27
tiago_sealfs,135.27
tiago_sealfs,135.26
tiago_ext4,135.25
tiago_ext4,135.23
tiago_ext4,135.23
tiago_ext4,135.21
tiago_ext4,135.16
tiago_sealfs,135.14
tiago_ext4,135.13
tiago_sealfs,135.13
tiago_sealfs,135.13
tiago_ext4,135.1
tiago_sealfs,135.04
tiago_ext4,135.03
tiago_sealfs,135.01
tiago_ext4,134.97
tiago_ext4,134.97
tiago_ext4,134.96
tiago_ext4,134.96
tiago_ext4,134.96
tiago_sealfs,134.96
tiago_sealfs,134.94
tiago_ext4,134.9
tiago_ext4,134.87
tiago_sealfs,134.86
tiago_sealfs,134.86
tiago_ext4,134.85
tiago_ext4,134.84
tiago_ext4,134.79
tiago_sealfs,134.78
tiago_ext4,134.77
tiago_ext4,134.76
tiago_ext4,134.73
tiago_sealfs,134.72
tiago_ext4,134.71
tiago_ext4,134.69
tiago_sealfs,134.68
tiago_sealfs,134.56
tiago_sealfs,134.52
tiago_sealfs,134.5
tiago_sealfs,134.43
tiago_sealfs,134.42
tiago_sealfs,134.4
tiago_sealfs,134.3
tiago_ext4,134.28
tiago_sealfs,133.99
tiago_sealfs,133.73
tiago_ext4,133.63
tiago_ext4,132.97
tiago_ext4,132.69
tiago_sealfs,132
tiago_sealfs,132
tiago_ext4,131.97
tiago_sealfs,131.96
tiago_sealfs,131.91
tiago_ext4,131.9
tiago_ext4,131.88
tiago_ext4,131.84
tiago_sealfs,131.84
tiago_ext4,131.8
tiago_ext4,131.79
tiago_ext4,131.79
tiago_ext4,131.77
tiago_ext4,131.77
tiago_sealfs,131.77
tiago_ext4,131.76
tiago_sealfs,131.72
tiago_ext4,131.71
tiago_sealfs,131.71
tiago_ext4,131.7
tiago_sealfs,131.7
tiago_sealfs,131.7
tiago_sealfs,131.7
tiago_sealfs,131.68
tiago_sealfs,131.68
tiago_sealfs,131.67
tiago_sealfs,131.66
tiago_sealfs,131.66
tiago_ext4,131.64
tiago_ext4,131.64
tiago_sealfs,131.62
tiago_ext4,131.61
tiago_sealfs,131.59
tiago_sealfs,131.59
tiago_ext4,131.58
tiago_sealfs,131.58
tiago_sealfs,131.58
tiago_sealfs,131.58
tiago_sealfs,131.57
tiago_ext4,131.56
tiago_sealfs,131.56
tiago_sealfs,131.56
tiago_sealfs,131.55
tiago_sealfs,131.52
tiago_sealfs,131.51
tiago_sealfs,131.49
tiago_sealfs,131.49
tiago_sealfs,131.48
tiago_sealfs,131.47
tiago_ext4,131.46
tiago_ext4,131.46
tiago_sealfs,131.46
tiago_sealfs,131.46
tiago_ext4,131.45
tiago_sealfs,131.43
tiago_sealfs,131.42
tiago_sealfs,131.42
tiago_sealfs,131.39
tiago_sealfs,131.39
tiago_ext4,131.38
tiago_ext4,131.36
tiago_ext4,131.34
tiago_ext4,131.33
tiago_sealfs,131.33
tiago_sealfs,131.33
tiago_ext4,131.32
tiago_sealfs,131.32
tiago_sealfs,131.31
tiago_sealfs,131.26
tiago_sealfs,131.23
tiago_ext4,131.21
tiago_sealfs,131.21
tiago_sealfs,131.2
tiago_sealfs,131.17
tiago_ext4,131.16
tiago_sealfs,131.15
tiago_ext4,131.14
tiago_sealfs,131.13
tiago_sealfs,131.12
tiago_sealfs,131.11
tiago_sealfs,131.11
tiago_sealfs,131.08
tiago_sealfs,131.04
tiago_sealfs,131.04
tiago_ext4,131.03
tiago_sealfs,131.03
tiago_ext4,131
tiago_ext4,130.99
tiago_sealfs,130.98
tiago_sealfs,130.97
tiago_sealfs,130.96
tiago_sealfs,130.95
tiago_ext4,130.86
tiago_sealfs,130.86
tiago_sealfs,130.86
tiago_sealfs,130.85
tiago_ext4,130.75
tiago_ext4,130.75
tiago_sealfs,130.75
tiago_sealfs,130.74
tiago_ext4,130.73
tiago_sealfs,130.73
tiago_ext4,130.69
tiago_sealfs,130.67
tiago_sealfs,130.67
tiago_sealfs,130.65
tiago_sealfs,130.61
tiago_sealfs,130.53
tiago_sealfs,130.49
tiago_ext4,130.47
tiago_sealfs,130.45
tiago_sealfs,130.19
tiago_ext4,130.08
tiago_sealfs,129.93
tiago_ext4,129.06
tiago_sealfs,128.71
tiago_ext4,128.61
tiago_sealfs,128.61
tiago_ext4,128.58
tiago_sealfs,128.52
tiago_sealfs,128.42
tiago_ext4,128.3
tiago_ext4,128.27
tiago_ext4,128.27
tiago_ext4,128.25
tiago_ext4,128.25
tiago_ext4,128.25
tiago_ext4,128.24
tiago_ext4,128.23
tiago_ext4,128.23
tiago_sealfs,128.23
tiago_ext4,128.22
tiago_ext4,128.22
tiago_sealfs,128.22
tiago_sealfs,128.22
tiago_sealfs,128.2
tiago_sealfs,128.2
tiago_ext4,128.19
tiago_ext4,128.18
tiago_ext4,128.18
tiago_ext4,128.18
tiago_ext4,128.18
tiago_ext4,128.16
tiago_sealfs,128.16
tiago_ext4,128.15
tiago_ext4,128.15
tiago_sealfs,128.15
tiago_ext4,128.14
tiago_sealfs,128.14
tiago_ext4,128.13
tiago_sealfs,128.12
tiago_ext4,128.11
tiago_ext4,128.11
tiago_ext4,128.11
tiago_ext4,128.11
tiago_sealfs,128.11
tiago_sealfs,128.11
tiago_sealfs,128.1
tiago_sealfs,128.1
tiago_sealfs,128.1
tiago_ext4,128.09
tiago_ext4,128.09
tiago_ext4,128.07
tiago_ext4,128.05
tiago_ext4,128.05
tiago_ext4,128.05
tiago_ext4,128.04
tiago_ext4,128.04
tiago_ext4,128.04
tiago_sealfs,128.04
tiago_sealfs,128.03
tiago_sealfs,128.02
tiago_ext4,128.01
tiago_ext4,128
tiago_ext4,128
tiago_sealfs,128
tiago_sealfs,128
tiago_sealfs,128
tiago_ext4,127.99
tiago_ext4,127.99
tiago_ext4,127.99
tiago_sealfs,127.99
tiago_ext4,127.98
tiago_ext4,127.98
tiago_ext4,127.98
tiago_ext4,127.98
tiago_ext4,127.97
tiago_sealfs,127.97
tiago_ext4,127.96
tiago_sealfs,127.96
tiago_sealfs,127.96
tiago_ext4,127.95
tiago_sealfs,127.95
tiago_sealfs,127.95
tiago_ext4,127.94
tiago_ext4,127.94
tiago_sealfs,127.94
tiago_sealfs,127.94
tiago_ext4,127.93
tiago_ext4,127.93
tiago_ext4,127.93
tiago_sealfs,127.93
tiago_sealfs,127.93
tiago_sealfs,127.93
tiago_ext4,127.92
tiago_ext4,127.92
tiago_ext4,127.92
tiago_sealfs,127.92
tiago_ext4,127.91
tiago_ext4,127.91
tiago_sealfs,127.91
tiago_sealfs,127.91
tiago_sealfs,127.9
tiago_ext4,127.89
tiago_ext4,127.89
tiago_ext4,127.89
tiago_sealfs,127.89
tiago_sealfs,127.89
tiago_sealfs,127.89
tiago_ext4,127.88
tiago_sealfs,127.87
tiago_sealfs,127.86
tiago_sealfs,127.86
tiago_ext4,127.85
tiago_ext4,127.85
tiago_ext4,127.84
tiago_ext4,127.84
tiago_ext4,127.84
tiago_ext4,127.84
tiago_ext4,127.84
tiago_ext4,127.83
tiago_ext4,127.83
tiago_sealfs,127.83
tiago_sealfs,127.83
tiago_ext4,127.82
tiago_sealfs,127.82
tiago_sealfs,127.82
tiago_ext4,127.81
tiago_ext4,127.81
tiago_ext4,127.81
tiago_sealfs,127.81
tiago_ext4,127.8
tiago_ext4,127.8
tiago_sealfs,127.8
tiago_sealfs,127.8
tiago_ext4,127.79
tiago_sealfs,127.79
tiago_ext4,127.78
tiago_ext4,127.78
tiago_ext4,127.78
tiago_sealfs,127.78
tiago_ext4,127.77
tiago_sealfs,127.77
tiago_sealfs,127.77
tiago_sealfs,127.77
tiago_sealfs,127.76
tiago_ext4,127.75
tiago_ext4,127.75
tiago_ext4,127.74
tiago_ext4,127.74
tiago_ext4,127.74
tiago_ext4,127.74
tiago_sealfs,127.74
tiago_ext4,127.73
tiago_ext4,127.73
tiago_ext4,127.73
tiago_ext4,127.73
tiago_ext4,127.73
tiago_ext4,127.73
tiago_sealfs,127.73
tiago_sealfs,127.72
tiago_sealfs,127.72
tiago_ext4,127.71
tiago_ext4,127.71
tiago_ext4,127.71
tiago_sealfs,127.7
tiago_sealfs,127.69
tiago_ext4,127.68
tiago_ext4,127.68
tiago_ext4,127.68
tiago_sealfs,127.68
tiago_ext4,127.67
tiago_ext4,127.67
tiago_sealfs,127.67
tiago_sealfs,127.67
tiago_ext4,127.66
tiago_ext4,127.66
tiago_ext4,127.65
tiago_sealfs,127.65
tiago_sealfs,127.65
tiago_sealfs,127.65
tiago_sealfs,127.64
tiago_sealfs,127.64
tiago_sealfs,127.64
tiago_sealfs,127.64
tiago_sealfs,127.64
tiago_sealfs,127.63
tiago_sealfs,127.63
tiago_ext4,127.62
tiago_sealfs,127.62
tiago_sealfs,127.62
tiago_ext4,127.61
tiago_sealfs,127.61
tiago_ext4,127.6
tiago_ext4,127.6
tiago_sealfs,127.6
tiago_sealfs,127.6
tiago_ext4,127.59
tiago_sealfs,127.59
tiago_ext4,127.58
tiago_ext4,127.58
tiago_ext4,127.57
tiago_ext4,127.57
tiago_ext4,127.57
tiago_sealfs,127.57
tiago_ext4,127.56
tiago_ext4,127.56
tiago_sealfs,127.56
tiago_sealfs,127.56
tiago_sealfs,127.55
tiago_sealfs,127.55
tiago_ext4,127.54
tiago_ext4,127.54
tiago_ext4,127.54
tiago_sealfs,127.54
tiago_sealfs,127.54
tiago_ext4,127.53
tiago_ext4,127.53
tiago_sealfs,127.53
tiago_sealfs,127.53
tiago_ext4,127.52
tiago_ext4,127.51
tiago_sealfs,127.5
tiago_ext4,127.49
tiago_ext4,127.49
tiago_ext4,127.49
tiago_sealfs,127.49
tiago_ext4,127.48
tiago_ext4,127.48
tiago_sealfs,127.48
tiago_ext4,127.47
tiago_sealfs,127.47
tiago_ext4,127.46
tiago_ext4,127.46
tiago_sealfs,127.46
tiago_sealfs,127.45
tiago_sealfs,127.45
tiago_sealfs,127.45
tiago_ext4,127.44
tiago_ext4,127.44
tiago_ext4,127.44
tiago_sealfs,127.44
tiago_ext4,127.43
tiago_ext4,127.42
tiago_ext4,127.42
tiago_ext4,127.42
tiago_sealfs,127.42
tiago_ext4,127.4
tiago_ext4,127.4
tiago_ext4,127.4
tiago_ext4,127.4
tiago_ext4,127.38
tiago_sealfs,127.38
tiago_ext4,127.37
tiago_ext4,127.37
tiago_ext4,127.37
tiago_sealfs,127.36
tiago_ext4,127.35
tiago_sealfs,127.35
tiago_sealfs,127.35
tiago_ext4,127.34
tiago_ext4,127.34
tiago_sealfs,127.34
tiago_ext4,127.33
tiago_ext4,127.32
tiago_sealfs,127.32
tiago_ext4,127.31
tiago_ext4,127.31
tiago_sealfs,127.31
tiago_sealfs,127.31
tiago_ext4,127.3
tiago_ext4,127.3
tiago_ext4,127.3
tiago_sealfs,127.3
tiago_sealfs,127.3
tiago_sealfs,127.3
tiago_ext4,127.29
tiago_sealfs,127.29
tiago_ext4,127.28
tiago_sealfs,127.28
tiago_sealfs,127.28
tiago_ext4,127.27
tiago_sealfs,127.27
tiago_ext4,127.24
tiago_ext4,127.24
tiago_sealfs,127.24
tiago_sealfs,127.23
tiago_ext4,127.22
tiago_ext4,127.22
tiago_ext4,127.22
tiago_sealfs,127.22
tiago_sealfs,127.19
tiago_ext4,127.18
tiago_ext4,127.16
tiago_sealfs,127.13
tiago_sealfs,127.12
tiago_ext4,127.11
tiago_ext4,127.11
tiago_ext4,127.1
tiago_ext4,127.1
tiago_ext4,127.1
tiago_ext4,127.09
tiago_ext4,127.09
tiago_sealfs,127.09
tiago_ext4,127.08
tiago_sealfs,127.08
tiago_sealfs,127.07
tiago_sealfs,127.07
tiago_sealfs,127.06
tiago_sealfs,127.05
tiago_sealfs,127.02
tiago_ext4,127.01
tiago_ext4,126.99
tiago_ext4,126.98
tiago_sealfs,126.97
tiago_sealfs,126.97
tiago_sealfs,126.95
tiago_sealfs,126.94
tiago_ext4,126.93
tiago_ext4,126.93
tiago_sealfs,126.93
tiago_ext4,126.92
tiago_sealfs,126.92
tiago_ext4,126.91
tiago_sealfs,126.87
tiago_sealfs,126.85
tiago_sealfs,126.83
tiago_ext4,126.81
tiago_ext4,126.8
tiago_sealfs,126.8
tiago_ext4,126.79
tiago_sealfs,126.78
tiago_ext4,126.77
tiago_ext4,126.74
tiago_sealfs,126.74
tiago_sealfs,126.72
tiago_ext4,126.71
tiago_sealfs,126.68
tiago_sealfs,126.65
tiago_sealfs,126.59
tiago_sealfs,126.59
tiago_ext4,126.58
tiago_ext4,126.57
tiago_sealfs,126.55
tiago_ext4,126.54
tiago_sealfs,126.51
tiago_ext4,126.5
tiago_ext4,126.44
tiago_sealfs,126.39
tiago_sealfs,126.38
tiago_ext4,126.29
tiago_ext4,126.23
tiago_sealfs,126.17
tiago_ext4,126.05
tiago_sealfs,125.98
tiago_ext4,125.84
tiago_ext4,125.75
tiago_sealfs,125.72
tiago_ext4,125.18
tiago_sealfs,125.08
tiago_ext4,124.77
tiago_ext4,124.59
tiago_ext4,124.59
tiago_ext4,124.56
tiago_sealfs,124.55
tiago_ext4,124.51
tiago_ext4,124.47
tiago_ext4,124.42
tiago_sealfs,124.39
tiago_sealfs,124.37
tiago_sealfs,124.33
tiago_ext4,124.32
tiago_ext4,124.3
tiago_ext4,124.27
tiago_ext4,124.26
tiago_ext4,124.26
tiago_ext4,124.26
tiago_sealfs,124.24
tiago_ext4,124.22
tiago_ext4,124.21
tiago_sealfs,124.21
tiago_sealfs,124.21
tiago_sealfs,124.2
tiago_ext4,124.19
tiago_ext4,124.16
tiago_sealfs,124.16
tiago_ext4,124.14
tiago_sealfs,124.12
tiago_sealfs,124.12
tiago_sealfs,124.11
tiago_sealfs,124.08
tiago_ext4,124.07
tiago_sealfs,124.07
tiago_ext4,124.05
tiago_ext4,124.05
tiago_sealfs,124.05
tiago_ext4,124.04
tiago_ext4,124.04
tiago_sealfs,124.03
tiago_ext4,124.02
tiago_sealfs,124
tiago_ext4,123.97
tiago_ext4,123.96
tiago_ext4,123.94
tiago_sealfs,123.93
tiago_sealfs,123.93
tiago_sealfs,123.91
tiago_ext4,123.89
tiago_ext4,123.88
tiago_ext4,123.88
tiago_sealfs,123.81
tiago_sealfs,123.8
tiago_ext4,123.79
tiago_ext4,123.79
tiago_sealfs,123.79
tiago_ext4,123.78
tiago_sealfs,123.77
tiago_ext4,123.76
tiago_sealfs,123.75
tiago_sealfs,123.74
tiago_sealfs,123.74
tiago_sealfs,123.72
tiago_sealfs,123.71
tiago_sealfs,123.7
tiago_ext4,123.69
tiago_sealfs,123.68
tiago_ext4,123.67
tiago_ext4,123.64
tiago_ext4,123.64
tiago_ext4,123.64
tiago_sealfs,123.62
tiago_ext4,123.54
tiago_ext4,123.48
tiago_ext4,123.45
tiago_ext4,123.42
tiago_ext4,123.4
tiago_sealfs,123.38
tiago_ext4,123.37
tiago_sealfs,123.35
tiago_ext4,123.34
tiago_ext4,123.33
tiago_ext4,123.28
tiago_ext4,123.27
tiago_ext4,123.27
tiago_sealfs,123.26
tiago_sealfs,123.2
tiago_sealfs,123.04
tiago_ext4,123.02
tiago_ext4,122.93
tiago_sealfs,122.58
tiago_sealfs,122.57
tiago_sealfs,122.48
tiago_ext4,122.32
tiago_ext4,122.21
tiago_sealfs,122.11
tiago_ext4,122.1
tiago_sealfs,121.64
tiago_sealfs,120.7
