Throughput on Navigation Test,bandwidth (kB/s)
summit_ext4,7.67
summit_ext4,15.44
summit_ext4,7.72
summit_ext4,15.44
summit_ext4,7.72
summit_ext4,15.44
summit_ext4,7.72
summit_ext4,11.5
summit_ext4,7.65
summit_ext4,15.36
summit_ext4,7.69
summit_ext4,15.38
summit_ext4,7.69
summit_ext4,15.37
summit_ext4,15.4
summit_ext4,7.69
summit_ext4,7.69
summit_ext4,15.38
summit_ext4,15.43
summit_ext4,7.72
summit_ext4,15.32
summit_ext4,7.66
summit_ext4,15.43
summit_ext4,7.65
summit_ext4,11.57
summit_ext4,7.72
summit_ext4,15.43
summit_ext4,7.72
summit_ext4,15.45
summit_ext4,19.31
summit_ext4,7.69
summit_ext4,7.73
summit_ext4,15.44
summit_ext4,15.37
summit_ext4,7.68
summit_ext4,15.38
summit_ext4,7.72
summit_ext4,15.45
summit_ext4,7.71
summit_ext4,15.41
summit_ext4,7.68
summit_ext4,11.58
summit_ext4,7.7
summit_ext4,15.37
summit_ext4,7.71
summit_ext4,15.44
summit_ext4,15.31
summit_ext4,7.65
summit_ext4,7.65
summit_ext4,15.32
summit_ext4,15.34
summit_ext4,7.68
summit_ext4,15.3
summit_ext4,7.66
summit_ext4,15.44
summit_ext4,7.69
summit_ext4,11.58
summit_ext4,7.65
summit_ext4,15.29
summit_ext4,7.63
summit_ext4,15.3
summit_ext4,7.67
summit_ext4,15.44
summit_ext4,7.72
summit_ext4,15.44
summit_ext4,15.44
summit_ext4,7.72
summit_ext4,7.73
summit_ext4,15.44
summit_ext4,7.71
summit_ext4,15.44
summit_ext4,7.72
summit_ext4,15.46
summit_ext4,7.73
summit_ext4,15.44
summit_ext4,19.28
summit_ext4,7.73
summit_ext4,7.72
summit_ext4,15.45
summit_ext4,11.59
summit_ext4,7.7
summit_ext4,15.46
summit_ext4,7.73
summit_ext4,15.45
summit_ext4,7.72
summit_ext4,15.43
summit_ext4,7.72
summit_ext4,15.44
summit_ext4,7.73
summit_ext4,15.45
summit_ext4,15.44
summit_ext4,7.73
summit_ext4,15.44
summit_ext4,7.73
summit_ext4,15.44
summit_ext4,7.68
summit_ext4,15.46
summit_ext4,7.72
summit_ext4,15.44
summit_ext4,3.86
summit_ext4,15.44
summit_ext4,7.73
summit_ext4,15.47
summit_ext4,7.73
summit_ext4,15.42
summit_ext4,7.73
summit_ext4,15.43
summit_ext4,15.45
summit_ext4,7.72
summit_ext4,15.44
summit_ext4,7.72
summit_ext4,11.6
summit_ext4,7.72
summit_ext4,15.45
summit_ext4,7.72
summit_ext4,15.44
summit_ext4,7.72
summit_ext4,15.44
summit_ext4,7.72
summit_ext4,15.44
summit_ext4,7.72
summit_ext4,15.42
summit_ext4,15.46
summit_ext4,7.72
summit_ext4,15.44
summit_ext4,7.72
summit_ext4,15.43
summit_ext4,7.71
summit_ext4,15.45
summit_ext4,7.72
summit_ext4,11.57
summit_ext4,7.72
summit_ext4,19.23
summit_ext4,7.74
summit_ext4,15.45
summit_ext4,7.73
summit_ext4,15.44
summit_ext4,7.72
summit_ext4,11.58
summit_ext4,7.72
summit_ext4,15.46
summit_ext4,7.72
summit_ext4,15.39
summit_ext4,15.44
summit_ext4,7.72
summit_ext4,7.73
summit_ext4,15.45
summit_ext4,15.45
summit_ext4,7.72
summit_ext4,15.44
summit_ext4,7.72
summit_ext4,11.57
summit_ext4,7.72
summit_ext4,15.46
summit_ext4,7.72
summit_ext4,15.45
summit_ext4,7.72
summit_ext4,15.44
summit_ext4,15.38
summit_ext4,7.69
summit_ext4,7.69
summit_ext4,15.44
summit_ext4,15.45
summit_ext4,7.72
summit_ext4,15.43
summit_ext4,7.72
summit_ext4,15.37
summit_ext4,7.69
summit_ext4,11.53
summit_ext4,7.72
summit_ext4,15.41
summit_ext4,7.69
summit_ext4,15.37
summit_ext4,7.72
summit_ext4,15.44
summit_ext4,15.4
summit_ext4,7.65
summit_ext4,7.66
summit_ext4,15.46
summit_ext4,11.47
summit_ext4,7.65
summit_ext4,15.3
summit_ext4,7.62
summit_ext4,15.28
summit_ext4,7.65
summit_ext4,15.46
summit_ext4,15.45
summit_ext4,7.66
summit_ext4,15.32
summit_ext4,7.65
summit_ext4,15.38
summit_ext4,7.66
summit_ext4,15.39
summit_ext4,7.69
summit_ext4,15.41
summit_ext4,7.71
summit_ext4,15.42
summit_ext4,15.38
summit_ext4,7.73
summit_ext4,15.44
summit_ext4,7.72
summit_ext4,7.72
summit_ext4,15.44
summit_ext4,15.44
summit_ext4,7.72
summit_ext4,15.45
summit_ext4,7.73
summit_ext4,15.43
summit_ext4,7.72
summit_ext4,15.43
summit_ext4,7.72
summit_ext4,15.45
summit_ext4,3.84
summit_ext4,15.44
summit_ext4,15.44
summit_ext4,7.72
summit_ext4,15.34
summit_ext4,7.73
summit_ext4,15.43
summit_ext4,7.72
summit_ext4,15.45
summit_ext4,7.72
summit_ext4,15.45
summit_ext4,7.71
summit_ext4,15.46
summit_ext4,15.45
summit_ext4,7.72
summit_ext4,7.72
summit_ext4,19.29
summit_ext4,15.44
summit_ext4,7.7
summit_ext4,15.43
summit_ext4,7.73
summit_ext4,15.45
summit_ext4,7.73
summit_ext4,11.58
summit_ext4,7.73
summit_ext4,15.44
summit_ext4,7.72
summit_ext4,15.45
summit_ext4,7.72
summit_ext4,15.44
summit_ext4,15.44
summit_ext4,7.72
summit_ext4,15.43
summit_ext4,7.67
summit_ext4,15.45
summit_ext4,7.72
summit_ext4,15.45
summit_ext4,7.72
summit_ext4,15.44
summit_ext4,7.72
summit_ext4,15.44
summit_ext4,15.44
summit_ext4,7.72
summit_ext4,15.45
summit_ext4,7.72
summit_ext4,11.58
summit_ext4,7.72
summit_ext4,15.44
summit_ext4,7.72
summit_ext4,15.39
summit_ext4,7.72
summit_ext4,15.38
summit_ext4,15.45
summit_ext4,7.72
summit_ext4,3.86
summit_ext4,15.45
summit_ext4,7.73
summit_ext4,15.45
summit_ext4,15.45
summit_ext4,7.73
summit_ext4,15.45
summit_ext4,7.73
summit_ext4,15.35
summit_ext4,7.73
summit_ext4,15.44
summit_ext4,11.58
summit_ext4,15.42
summit_ext4,7.73
summit_ext4,15.47
summit_ext4,15.46
summit_ext4,7.73
summit_ext4,15.46
summit_ext4,7.72
summit_ext4,15.43
summit_ext4,7.72
summit_ext4,15.44
summit_ext4,7.72
summit_ext4,15.45
summit_ext4,7.72
summit_ext4,15.45
summit_ext4,11.58
summit_ext4,7.72
summit_ext4,7.73
summit_ext4,15.43
summit_ext4,15.45
summit_ext4,7.61
summit_ext4,15.45
summit_ext4,7.73
summit_ext4,15.46
summit_ext4,7.72
summit_ext4,15.43
summit_ext4,7.73
summit_ext4,15.34
summit_ext4,7.7
summit_ext4,15.45
summit_ext4,7.72
summit_ext4,15.45
summit_ext4,15.45
summit_ext4,7.72
summit_ext4,15.46
summit_ext4,3.87
summit_ext4,15.45
summit_ext4,7.73
summit_ext4,15.44
summit_ext4,15.45
summit_ext4,7.73
summit_ext4,15.34
summit_ext4,3.87
summit_ext4,15.47
summit_ext4,7.7
summit_ext4,15.45
summit_ext4,7.73
summit_ext4,15.46
summit_ext4,7.73
summit_ext4,15.46
summit_ext4,7.73
summit_ext4,15.46
summit_ext4,7.72
summit_ext4,15.45
summit_sealfs,7.74
summit_sealfs,15.35
summit_sealfs,15.45
summit_sealfs,7.72
summit_sealfs,15.44
summit_sealfs,7.72
summit_sealfs,15.45
summit_sealfs,7.72
summit_sealfs,15.45
summit_sealfs,7.73
summit_sealfs,15.45
summit_sealfs,15.46
summit_sealfs,7.73
summit_sealfs,15.45
summit_sealfs,7.73
summit_sealfs,15.45
summit_sealfs,7.72
summit_sealfs,15.44
summit_sealfs,7.72
summit_sealfs,15.41
summit_sealfs,7.72
summit_sealfs,7.67
summit_sealfs,15.45
summit_sealfs,11.59
summit_sealfs,7.72
summit_sealfs,15.43
summit_sealfs,7.67
summit_sealfs,15.35
summit_sealfs,7.72
summit_sealfs,15.44
summit_sealfs,7.73
summit_sealfs,15.45
summit_sealfs,7.73
summit_sealfs,15.37
summit_sealfs,15.44
summit_sealfs,7.73
summit_sealfs,15.45
summit_sealfs,7.73
summit_sealfs,15.37
summit_sealfs,7.72
summit_sealfs,15.44
summit_sealfs,7.72
summit_sealfs,15.45
summit_sealfs,7.72
summit_sealfs,15.45
summit_sealfs,15.45
summit_sealfs,3.86
summit_sealfs,15.46
summit_sealfs,7.72
summit_sealfs,15.44
summit_sealfs,7.73
summit_sealfs,15.47
summit_sealfs,11.59
summit_sealfs,15.4
summit_sealfs,7.73
summit_sealfs,11.59
summit_sealfs,7.73
summit_sealfs,15.45
summit_sealfs,7.73
summit_sealfs,15.45
summit_sealfs,7.73
summit_sealfs,15.38
summit_sealfs,7.73
summit_sealfs,15.45
summit_sealfs,7.72
summit_sealfs,15.45
summit_sealfs,11.59
summit_sealfs,15.49
summit_sealfs,7.72
summit_sealfs,15.45
summit_sealfs,15.45
summit_sealfs,7.73
summit_sealfs,15.44
summit_sealfs,11.59
summit_sealfs,15.45
summit_sealfs,7.72
summit_sealfs,15.44
summit_sealfs,15.44
summit_sealfs,7.73
summit_sealfs,7.71
summit_sealfs,11.59
summit_sealfs,15.45
summit_sealfs,7.73
summit_sealfs,15.46
summit_sealfs,7.73
summit_sealfs,15.46
summit_sealfs,7.71
summit_sealfs,15.45
summit_sealfs,7.71
summit_sealfs,15.43
summit_sealfs,7.72
summit_sealfs,15.43
summit_sealfs,15.45
summit_sealfs,7.72
summit_sealfs,7.72
summit_sealfs,11.59
summit_sealfs,15.45
summit_sealfs,7.67
summit_sealfs,15.41
summit_sealfs,7.73
summit_sealfs,15.46
summit_sealfs,7.73
summit_sealfs,15.44
summit_sealfs,15.46
summit_sealfs,7.72
summit_sealfs,7.7
summit_sealfs,15.45
summit_sealfs,7.73
summit_sealfs,15.39
summit_sealfs,15.46
summit_sealfs,7.67
summit_sealfs,11.57
summit_sealfs,7.72
summit_sealfs,15.45
summit_sealfs,7.73
summit_sealfs,15.42
summit_sealfs,7.71
summit_sealfs,15.36
summit_sealfs,7.73
summit_sealfs,15.44
summit_sealfs,15.45
summit_sealfs,7.72
summit_sealfs,7.73
summit_sealfs,15.46
summit_sealfs,15.46
summit_sealfs,3.86
summit_sealfs,7.73
summit_sealfs,15.45
summit_sealfs,7.73
summit_sealfs,15.45
summit_sealfs,11.58
summit_sealfs,15.45
summit_sealfs,15.45
summit_sealfs,7.72
summit_sealfs,7.73
summit_sealfs,15.45
summit_sealfs,7.72
summit_sealfs,15.45
summit_sealfs,15.46
summit_sealfs,7.73
summit_sealfs,15.44
summit_sealfs,3.86
summit_sealfs,15.45
summit_sealfs,7.72
summit_sealfs,15.44
summit_sealfs,7.72
summit_sealfs,15.41
summit_sealfs,7.72
summit_sealfs,15.44
summit_sealfs,7.72
summit_sealfs,15.36
summit_sealfs,7.72
summit_sealfs,15.46
summit_sealfs,7.72
summit_sealfs,15.46
summit_sealfs,7.73
summit_sealfs,15.45
summit_sealfs,15.44
summit_sealfs,7.72
summit_sealfs,15.44
summit_sealfs,3.86
summit_sealfs,15.45
summit_sealfs,7.72
summit_sealfs,15.43
summit_sealfs,7.68
summit_sealfs,15.45
summit_sealfs,7.73
summit_sealfs,15.43
summit_sealfs,7.73
summit_sealfs,15.44
summit_sealfs,7.72
summit_sealfs,15.45
summit_sealfs,7.72
summit_sealfs,15.44
summit_sealfs,15.45
summit_sealfs,7.72
summit_sealfs,15.42
summit_sealfs,7.71
summit_sealfs,15.44
summit_sealfs,11.58
summit_sealfs,15.44
summit_sealfs,3.86
summit_sealfs,15.44
summit_sealfs,7.72
summit_sealfs,7.72
summit_sealfs,15.44
summit_sealfs,7.73
summit_sealfs,15.41
summit_sealfs,7.72
summit_sealfs,15.46
summit_sealfs,15.45
summit_sealfs,7.7
summit_sealfs,7.72
summit_sealfs,15.44
summit_sealfs,15.43
summit_sealfs,7.72
summit_sealfs,15.44
summit_sealfs,7.72
summit_sealfs,15.43
summit_sealfs,7.72
summit_sealfs,15.45
summit_sealfs,7.74
summit_sealfs,15.43
summit_sealfs,15.45
summit_sealfs,7.72
summit_sealfs,15.43
summit_sealfs,7.72
summit_sealfs,15.43
summit_sealfs,7.72
summit_sealfs,15.44
summit_sealfs,7.72
summit_sealfs,15.45
summit_sealfs,7.72
summit_sealfs,15.45
summit_sealfs,15.38
summit_sealfs,7.72
summit_sealfs,15.45
summit_sealfs,3.86
summit_sealfs,7.72
summit_sealfs,15.47
summit_sealfs,15.45
summit_sealfs,7.73
summit_sealfs,7.73
summit_sealfs,15.45
summit_sealfs,15.45
summit_sealfs,7.73
summit_sealfs,15.46
summit_sealfs,7.73
summit_sealfs,15.45
summit_sealfs,3.86
summit_sealfs,15.45
summit_sealfs,7.71
summit_sealfs,15.45
summit_sealfs,7.73
summit_sealfs,15.44
summit_sealfs,15.45
summit_sealfs,7.72
summit_sealfs,15.46
summit_sealfs,7.71
summit_sealfs,15.44
summit_sealfs,7.72
summit_sealfs,15.45
summit_sealfs,3.86
summit_sealfs,15.44
summit_sealfs,15.44
summit_sealfs,7.72
summit_sealfs,15.39
summit_sealfs,7.72
summit_sealfs,15.46
summit_sealfs,7.73
summit_sealfs,15.34
summit_sealfs,11.59
summit_sealfs,15.44
summit_sealfs,15.44
summit_sealfs,7.72
summit_sealfs,3.86
summit_sealfs,15.45
summit_sealfs,15.41
summit_sealfs,7.73
summit_sealfs,15.46
summit_sealfs,7.73
summit_sealfs,15.47
summit_sealfs,7.73
summit_sealfs,15.45
summit_sealfs,7.72
summit_sealfs,15.44
summit_sealfs,7.72
summit_sealfs,15.45
summit_sealfs,7.67
summit_sealfs,15.38
summit_sealfs,15.35
summit_sealfs,7.72
summit_sealfs,15.32
summit_sealfs,7.73
summit_sealfs,15.44
summit_sealfs,7.71
summit_sealfs,15.44
summit_sealfs,15.44
summit_sealfs,7.72
summit_sealfs,7.72
summit_sealfs,15.45
summit_sealfs,15.44
summit_sealfs,7.7
summit_sealfs,15.36
summit_sealfs,7.72
summit_sealfs,11.58
summit_sealfs,7.63
summit_sealfs,15.31
summit_sealfs,7.73
summit_sealfs,15.44
summit_sealfs,7.72
summit_sealfs,15.33
summit_sealfs,7.72
summit_sealfs,15.44
summit_sealfs,7.65
summit_sealfs,15.32
summit_sealfs,7.65
summit_sealfs,15.32
summit_sealfs,15.3
summit_sealfs,11.52
summit_sealfs,3.83
summit_sealfs,15.45
summit_sealfs,15.46
summit_sealfs,7.68
summit_sealfs,15.36
summit_sealfs,7.66
summit_sealfs,15.38
summit_sealfs,7.72
summit_sealfs,15.36
summit_sealfs,15.38
summit_sealfs,7.72
summit_sealfs,3.86
summit_sealfs,15.44
summit_sealfs,15.44
summit_sealfs,7.72
summit_sealfs,15.37
summit_sealfs,7.72
summit_sealfs,15.45
summit_sealfs,7.68
summit_sealfs,15.44
summit_sealfs,7.72
summit_sealfs,15.38
summit_sealfs,7.69
summit_sealfs,15.37
summit_sealfs,7.68
summit_sealfs,15.45
summit_sealfs,15.44
summit_sealfs,7.73
summit_sealfs,15.41
summit_sealfs,7.71
summit_sealfs,15.41
summit_sealfs,7.65
tiago_ext4,7.55
tiago_ext4,7.53
tiago_ext4,7.54
tiago_ext4,7.51
tiago_ext4,7.54
tiago_ext4,7.51
tiago_ext4,11.27
tiago_ext4,7.52
tiago_ext4,7.53
tiago_ext4,7.47
tiago_ext4,7.45
tiago_ext4,7.52
tiago_ext4,7.52
tiago_ext4,11.25
tiago_ext4,7.5
tiago_ext4,7.51
tiago_ext4,7.52
tiago_ext4,7.51
tiago_ext4,7.52
tiago_ext4,7.51
tiago_ext4,11.11
tiago_ext4,7.45
tiago_ext4,7.55
tiago_ext4,7.54
tiago_ext4,7.53
tiago_ext4,7.46
tiago_ext4,3.75
tiago_ext4,7.42
tiago_ext4,7.51
tiago_ext4,7.54
tiago_ext4,7.51
tiago_ext4,7.46
tiago_ext4,11.28
tiago_ext4,7.54
tiago_ext4,7.52
tiago_ext4,7.5
tiago_ext4,7.53
tiago_ext4,7.53
tiago_ext4,7.5
tiago_ext4,7.52
tiago_ext4,7.53
tiago_ext4,7.55
tiago_ext4,7.53
tiago_ext4,11.22
tiago_ext4,7.49
tiago_ext4,7.52
tiago_ext4,7.54
tiago_ext4,7.53
tiago_ext4,7.54
tiago_ext4,7.5
tiago_ext4,7.49
tiago_ext4,7.46
tiago_ext4,7.47
tiago_ext4,7.44
tiago_ext4,11.07
tiago_ext4,7.52
tiago_ext4,7.54
tiago_ext4,7.51
tiago_ext4,7.54
tiago_ext4,7.5
tiago_ext4,3.77
tiago_ext4,7.51
tiago_ext4,7.54
tiago_ext4,11.29
tiago_ext4,7.48
tiago_ext4,7.54
tiago_ext4,7.54
tiago_ext4,7.5
tiago_ext4,7.36
tiago_ext4,11.2
tiago_ext4,7.43
tiago_ext4,7.56
tiago_ext4,7.51
tiago_ext4,7.52
tiago_ext4,7.5
tiago_ext4,7.54
tiago_ext4,11.27
tiago_ext4,7.48
tiago_ext4,7.53
tiago_ext4,7.49
tiago_ext4,7.47
tiago_ext4,7.54
tiago_ext4,7.52
tiago_ext4,7.54
tiago_ext4,7.46
tiago_ext4,7.51
tiago_ext4,7.54
tiago_ext4,7.54
tiago_ext4,7.52
tiago_ext4,7.52
tiago_ext4,11.3
tiago_ext4,7.52
tiago_ext4,7.51
tiago_ext4,7.54
tiago_ext4,7.51
tiago_ext4,7.53
tiago_ext4,7.47
tiago_ext4,7.53
tiago_ext4,11.25
tiago_ext4,7.54
tiago_ext4,7.52
tiago_ext4,7.53
tiago_ext4,7.54
tiago_ext4,3.76
tiago_ext4,11.26
tiago_ext4,7.55
tiago_ext4,7.51
tiago_ext4,7.51
tiago_ext4,7.5
tiago_ext4,7.51
tiago_ext4,11.26
tiago_ext4,7.5
tiago_ext4,7.4
tiago_ext4,7.54
tiago_ext4,7.54
tiago_ext4,7.55
tiago_ext4,7.46
tiago_ext4,11.27
tiago_ext4,7.54
tiago_ext4,7.47
tiago_ext4,7.55
tiago_ext4,7.52
tiago_ext4,11.29
tiago_ext4,7.45
tiago_ext4,7.54
tiago_ext4,7.53
tiago_ext4,7.51
tiago_ext4,7.53
tiago_ext4,11.26
tiago_ext4,7.53
tiago_ext4,7.52
tiago_ext4,7.53
tiago_ext4,3.74
tiago_ext4,7.52
tiago_ext4,11.29
tiago_ext4,7.44
tiago_ext4,7.43
tiago_ext4,7.52
tiago_ext4,7.55
tiago_ext4,7.55
tiago_ext4,7.51
tiago_ext4,7.55
tiago_ext4,7.54
tiago_ext4,11.16
tiago_ext4,7.57
tiago_ext4,7.52
tiago_ext4,11.23
tiago_ext4,7.53
tiago_ext4,7.52
tiago_ext4,7.37
tiago_ext4,7.5
tiago_ext4,7.51
tiago_ext4,7.5
tiago_ext4,7.54
tiago_ext4,7.52
tiago_ext4,7.47
tiago_ext4,7.51
tiago_ext4,11.27
tiago_ext4,7.53
tiago_ext4,7.53
tiago_ext4,7.55
tiago_ext4,7.52
tiago_ext4,7.52
tiago_ext4,11.27
tiago_ext4,7.51
tiago_ext4,7.54
tiago_ext4,7.51
tiago_ext4,7.51
tiago_ext4,7.51
tiago_ext4,11.32
tiago_ext4,7.52
tiago_ext4,7.49
tiago_ext4,7.52
tiago_ext4,7.52
tiago_ext4,7.53
tiago_ext4,7.51
tiago_ext4,11.28
tiago_ext4,7.5
tiago_ext4,3.78
tiago_ext4,7.51
tiago_ext4,7.43
tiago_ext4,7.53
tiago_ext4,7.52
tiago_ext4,7.53
tiago_ext4,7.54
tiago_ext4,7.53
tiago_ext4,7.53
tiago_ext4,11.31
tiago_ext4,7.47
tiago_ext4,7.54
tiago_ext4,7.53
tiago_ext4,7.55
tiago_ext4,7.55
tiago_ext4,7.5
tiago_ext4,7.45
tiago_ext4,7.47
tiago_ext4,7.42
tiago_ext4,7.52
tiago_ext4,7.51
tiago_ext4,7.5
tiago_ext4,11.23
tiago_ext4,7.53
tiago_ext4,7.55
tiago_ext4,7.48
tiago_ext4,7.49
tiago_ext4,7.48
tiago_ext4,7.54
tiago_ext4,7.35
tiago_ext4,7.51
tiago_ext4,7.54
tiago_ext4,7.5
tiago_ext4,7.52
tiago_ext4,11.33
tiago_ext4,7.54
tiago_ext4,7.52
tiago_ext4,7.5
tiago_ext4,3.75
tiago_ext4,7.55
tiago_ext4,7.54
tiago_ext4,7.47
tiago_ext4,7.53
tiago_ext4,7.51
tiago_ext4,7.53
tiago_ext4,3.69
tiago_ext4,7.42
tiago_ext4,7.51
tiago_ext4,7.55
tiago_ext4,7.48
tiago_ext4,11.18
tiago_ext4,7.52
tiago_ext4,7.53
tiago_ext4,7.53
tiago_ext4,7.55
tiago_ext4,7.55
tiago_ext4,7.49
tiago_ext4,7.54
tiago_ext4,7.48
tiago_ext4,7.5
tiago_ext4,7.54
tiago_ext4,7.52
tiago_ext4,7.51
tiago_ext4,11.26
tiago_ext4,7.52
tiago_ext4,7.54
tiago_ext4,7.5
tiago_ext4,11.21
tiago_ext4,7.53
tiago_ext4,7.52
tiago_ext4,7.51
tiago_ext4,7.52
tiago_ext4,11.17
tiago_ext4,7.53
tiago_ext4,7.52
tiago_ext4,7.55
tiago_ext4,7.39
tiago_ext4,7.51
tiago_ext4,7.53
tiago_ext4,7.52
tiago_ext4,7.52
tiago_ext4,11.22
tiago_ext4,3.77
tiago_ext4,7.53
tiago_ext4,7.5
tiago_ext4,7.38
tiago_ext4,11.29
tiago_ext4,7.51
tiago_ext4,7.45
tiago_ext4,7.49
tiago_ext4,7.51
tiago_ext4,7.53
tiago_ext4,11.28
tiago_ext4,7.53
tiago_ext4,7.49
tiago_ext4,7.49
tiago_ext4,7.49
tiago_ext4,7.42
tiago_ext4,7.52
tiago_ext4,7.5
tiago_ext4,7.45
tiago_ext4,7.52
tiago_ext4,7.5
tiago_ext4,7.4
tiago_ext4,7.51
tiago_ext4,11.29
tiago_ext4,7.5
tiago_ext4,7.51
tiago_ext4,7.52
tiago_ext4,7.45
tiago_ext4,7.54
tiago_ext4,7.59
tiago_ext4,7.51
tiago_ext4,7.53
tiago_ext4,7.49
tiago_ext4,7.51
tiago_ext4,7.43
tiago_ext4,7.52
tiago_ext4,7.54
tiago_ext4,7.5
tiago_ext4,7.5
tiago_ext4,7.5
tiago_ext4,7.54
tiago_ext4,11.15
tiago_ext4,7.54
tiago_ext4,7.5
tiago_ext4,7.54
tiago_ext4,7.52
tiago_ext4,7.52
tiago_ext4,7.54
tiago_ext4,7.54
tiago_ext4,7.5
tiago_ext4,7.53
tiago_ext4,7.54
tiago_ext4,7.42
tiago_ext4,7.54
tiago_ext4,11.28
tiago_ext4,7.51
tiago_ext4,7.45
tiago_ext4,7.45
tiago_ext4,7.5
tiago_ext4,7.5
tiago_ext4,3.76
tiago_ext4,11.31
tiago_ext4,7.54
tiago_ext4,7.49
tiago_ext4,7.51
tiago_ext4,7.47
tiago_ext4,7.53
tiago_ext4,7.53
tiago_ext4,7.53
tiago_ext4,7.54
tiago_ext4,7.53
tiago_ext4,7.41
tiago_ext4,11.31
tiago_ext4,7.54
tiago_ext4,7.49
tiago_ext4,7.47
tiago_ext4,7.52
tiago_ext4,7.49
tiago_ext4,7.54
tiago_ext4,7.54
tiago_ext4,11.26
tiago_ext4,7.53
tiago_ext4,7.47
tiago_ext4,7.52
tiago_ext4,11.08
tiago_ext4,7.55
tiago_ext4,3.69
tiago_ext4,7.51
tiago_ext4,7.46
tiago_ext4,7.44
tiago_ext4,11.09
tiago_ext4,7.51
tiago_ext4,7.41
tiago_ext4,7.52
tiago_ext4,7.53
tiago_ext4,7.51
tiago_ext4,11.27
tiago_ext4,7.53
tiago_ext4,7.57
tiago_ext4,7.58
tiago_sealfs,7.56
tiago_sealfs,7.54
tiago_sealfs,7.5
tiago_sealfs,7.54
tiago_sealfs,7.53
tiago_sealfs,7.39
tiago_sealfs,15.09
tiago_sealfs,7.5
tiago_sealfs,7.55
tiago_sealfs,7.53
tiago_sealfs,7.53
tiago_sealfs,7.51
tiago_sealfs,7.5
tiago_sealfs,7.54
tiago_sealfs,7.53
tiago_sealfs,7.52
tiago_sealfs,7.5
tiago_sealfs,7.52
tiago_sealfs,7.52
tiago_sealfs,7.52
tiago_sealfs,15.06
tiago_sealfs,7.53
tiago_sealfs,3.73
tiago_sealfs,7.48
tiago_sealfs,7.53
tiago_sealfs,7.52
tiago_sealfs,7.52
tiago_sealfs,7.5
tiago_sealfs,7.39
tiago_sealfs,15.06
tiago_sealfs,7.53
tiago_sealfs,7.51
tiago_sealfs,7.52
tiago_sealfs,7.51
tiago_sealfs,7.52
tiago_sealfs,7.51
tiago_sealfs,14.77
tiago_sealfs,7.54
tiago_sealfs,7.52
tiago_sealfs,14.97
tiago_sealfs,7.52
tiago_sealfs,7.45
tiago_sealfs,7.52
tiago_sealfs,7.52
tiago_sealfs,7.55
tiago_sealfs,7.53
tiago_sealfs,7.53
tiago_sealfs,7.53
tiago_sealfs,11.28
tiago_sealfs,7.53
tiago_sealfs,7.52
tiago_sealfs,7.52
tiago_sealfs,15.04
tiago_sealfs,7.43
tiago_sealfs,7.53
tiago_sealfs,3.76
tiago_sealfs,7.42
tiago_sealfs,7.53
tiago_sealfs,7.53
tiago_sealfs,7.51
tiago_sealfs,7.51
tiago_sealfs,7.52
tiago_sealfs,7.54
tiago_sealfs,7.51
tiago_sealfs,14.96
tiago_sealfs,7.54
tiago_sealfs,7.4
tiago_sealfs,7.52
tiago_sealfs,7.3
tiago_sealfs,15.05
tiago_sealfs,7.55
tiago_sealfs,7.54
tiago_sealfs,7.54
tiago_sealfs,7.58
tiago_sealfs,7.59
tiago_sealfs,7.51
tiago_sealfs,7.49
tiago_sealfs,7.51
tiago_sealfs,7.44
tiago_sealfs,7.54
tiago_sealfs,7.52
tiago_sealfs,11.29
tiago_sealfs,3.74
tiago_sealfs,7.51
tiago_sealfs,15.01
tiago_sealfs,7.51
tiago_sealfs,7.53
tiago_sealfs,7.49
tiago_sealfs,7.44
tiago_sealfs,15.07
tiago_sealfs,7.53
tiago_sealfs,7.51
tiago_sealfs,7.43
tiago_sealfs,7.37
tiago_sealfs,7.49
tiago_sealfs,7.5
tiago_sealfs,7.52
tiago_sealfs,7.51
tiago_sealfs,7.52
tiago_sealfs,15.04
tiago_sealfs,7.54
tiago_sealfs,7.5
tiago_sealfs,7.43
tiago_sealfs,7.51
tiago_sealfs,7.35
tiago_sealfs,7.47
tiago_sealfs,7.53
tiago_sealfs,7.51
tiago_sealfs,7.49
tiago_sealfs,7.52
tiago_sealfs,7.53
tiago_sealfs,7.52
tiago_sealfs,14.99
tiago_sealfs,7.53
tiago_sealfs,7.39
tiago_sealfs,7.53
tiago_sealfs,3.77
tiago_sealfs,7.52
tiago_sealfs,15.05
tiago_sealfs,7.51
tiago_sealfs,7.53
tiago_sealfs,7.49
tiago_sealfs,7.42
tiago_sealfs,7.55
tiago_sealfs,14.87
tiago_sealfs,7.44
tiago_sealfs,7.53
tiago_sealfs,7.51
tiago_sealfs,7.51
tiago_sealfs,7.54
tiago_sealfs,7.52
tiago_sealfs,7.53
tiago_sealfs,7.52
tiago_sealfs,7.51
tiago_sealfs,7.54
tiago_sealfs,7.49
tiago_sealfs,7.52
tiago_sealfs,14.97
tiago_sealfs,11.27
tiago_sealfs,7.5
tiago_sealfs,7.54
tiago_sealfs,7.45
tiago_sealfs,3.76
tiago_sealfs,7.53
tiago_sealfs,7.52
tiago_sealfs,7.56
tiago_sealfs,7.59
tiago_sealfs,7.52
tiago_sealfs,7.47
tiago_sealfs,14.87
tiago_sealfs,7.53
tiago_sealfs,7.51
tiago_sealfs,7.56
tiago_sealfs,7.52
tiago_sealfs,7.54
tiago_sealfs,7.52
tiago_sealfs,7.5
tiago_sealfs,7.39
tiago_sealfs,7.52
tiago_sealfs,7.5
tiago_sealfs,7.48
tiago_sealfs,7.47
tiago_sealfs,15.08
tiago_sealfs,7.53
tiago_sealfs,7.44
tiago_sealfs,7.53
tiago_sealfs,7.54
tiago_sealfs,3.75
tiago_sealfs,7.54
tiago_sealfs,7.51
tiago_sealfs,7.53
tiago_sealfs,7.52
tiago_sealfs,7.54
tiago_sealfs,7.49
tiago_sealfs,7.5
tiago_sealfs,15.05
tiago_sealfs,7.51
tiago_sealfs,7.52
tiago_sealfs,7.52
tiago_sealfs,7.52
tiago_sealfs,7.46
tiago_sealfs,14.62
tiago_sealfs,7.53
tiago_sealfs,7.5
tiago_sealfs,11.27
tiago_sealfs,7.5
tiago_sealfs,7.46
tiago_sealfs,7.54
tiago_sealfs,7.54
tiago_sealfs,7.51
tiago_sealfs,7.5
tiago_sealfs,7.52
tiago_sealfs,7.55
tiago_sealfs,15.07
tiago_sealfs,7.53
tiago_sealfs,7.5
tiago_sealfs,7.48
tiago_sealfs,7.54
tiago_sealfs,7.51
tiago_sealfs,3.76
tiago_sealfs,7.5
tiago_sealfs,7.51
tiago_sealfs,7.52
tiago_sealfs,7.51
tiago_sealfs,7.51
tiago_sealfs,7.55
tiago_sealfs,15.02
tiago_sealfs,7.55
tiago_sealfs,7.52
tiago_sealfs,7.5
tiago_sealfs,7.36
tiago_sealfs,7.54
tiago_sealfs,7.47
tiago_sealfs,7.53
tiago_sealfs,7.44
tiago_sealfs,7.53
tiago_sealfs,7.5
tiago_sealfs,7.34
tiago_sealfs,7.47
tiago_sealfs,7.52
tiago_sealfs,7.53
tiago_sealfs,7.5
tiago_sealfs,7.42
tiago_sealfs,7.53
tiago_sealfs,7.51
tiago_sealfs,7.5
tiago_sealfs,7.53
tiago_sealfs,15.05
tiago_sealfs,7.54
tiago_sealfs,15.02
tiago_sealfs,7.51
tiago_sealfs,7.47
tiago_sealfs,7.34
tiago_sealfs,7.52
tiago_sealfs,7.53
tiago_sealfs,7.51
tiago_sealfs,7.49
tiago_sealfs,15
tiago_sealfs,7.52
tiago_sealfs,7.45
tiago_sealfs,15.04
tiago_sealfs,7.46
tiago_sealfs,7.53
tiago_sealfs,7.53
tiago_sealfs,7.42
tiago_sealfs,11.11
tiago_sealfs,7.55
tiago_sealfs,7.54
tiago_sealfs,7.49
tiago_sealfs,7.42
tiago_sealfs,7.53
tiago_sealfs,7.52
tiago_sealfs,7.49
tiago_sealfs,7.52
tiago_sealfs,14.99
tiago_sealfs,7.54
tiago_sealfs,7.52
tiago_sealfs,7.42
tiago_sealfs,7.54
tiago_sealfs,7.52
tiago_sealfs,15.02
tiago_sealfs,7.53
tiago_sealfs,7.5
tiago_sealfs,7.53
tiago_sealfs,7.55
tiago_sealfs,7.52
tiago_sealfs,7.49
tiago_sealfs,7.51
tiago_sealfs,7.51
tiago_sealfs,11.07
tiago_sealfs,7.42
tiago_sealfs,7.52
tiago_sealfs,3.76
tiago_sealfs,14.69
tiago_sealfs,7.47
tiago_sealfs,7.47
tiago_sealfs,7.54
tiago_sealfs,7.44
tiago_sealfs,7.51
tiago_sealfs,7.53
tiago_sealfs,7.51
tiago_sealfs,7.52
tiago_sealfs,15.03
tiago_sealfs,7.54
tiago_sealfs,7.54
tiago_sealfs,7.53
tiago_sealfs,7.57
tiago_sealfs,7.5
tiago_sealfs,7.5
tiago_sealfs,15.05
tiago_sealfs,7.54
tiago_sealfs,7.41
tiago_sealfs,7.43
tiago_sealfs,7.55
tiago_sealfs,7.53
tiago_sealfs,15.03
tiago_sealfs,7.52
tiago_sealfs,7.49
tiago_sealfs,7.51
tiago_sealfs,7.39
tiago_sealfs,7.55
tiago_sealfs,15.08
tiago_sealfs,7.53
tiago_sealfs,7.52
tiago_sealfs,7.45
tiago_sealfs,7.51
tiago_sealfs,11.3
tiago_sealfs,7.53
tiago_sealfs,7.49
tiago_sealfs,15.07
tiago_sealfs,7.54
tiago_sealfs,7.52
tiago_sealfs,7.29
tiago_sealfs,7.52
tiago_sealfs,15.05
tiago_sealfs,7.54
tiago_sealfs,7.49
tiago_sealfs,7.35
tiago_sealfs,7.5
tiago_sealfs,3.76
tiago_sealfs,7.53
tiago_sealfs,7.55
tiago_sealfs,7.54
tiago_sealfs,7.55
tiago_sealfs,7.5
tiago_sealfs,7.52
tiago_sealfs,7.53
tiago_sealfs,14.8
tiago_sealfs,7.53
tiago_sealfs,7.55
tiago_sealfs,7.52
tiago_sealfs,7.54
tiago_sealfs,7.53
tiago_sealfs,7.39
tiago_sealfs,7.55
tiago_sealfs,7.5
tiago_sealfs,7.55
tiago_sealfs,7.49
tiago_sealfs,7.5
tiago_sealfs,7.43
tiago_sealfs,7.52
tiago_sealfs,15.06
tiago_sealfs,7.42
tiago_sealfs,7.54
tiago_sealfs,7.53
tiago_sealfs,7.51
tiago_sealfs,7.53
tiago_sealfs,7.49
tiago_sealfs,7.54
tiago_sealfs,3.77
tiago_sealfs,7.52
tiago_sealfs,7.5
tiago_sealfs,7.53
tiago_sealfs,7.54
tiago_sealfs,15.15
tiago_sealfs,15.15
tiago_sealfs,7.32
tiago_sealfs,7.58
tiago_sealfs,7.58
