sealfs,10731.52
sealfs,10659.84
sealfs,10598.4
sealfs,10700.8
sealfs,10711.04
sealfs,10516.48
sealfs,10639.36
sealfs,8693.76
sealfs,10752.0
sealfs,10608.64
sealfs,10649.6
sealfs,10649.6
sealfs,10690.56
sealfs,10977.28
sealfs,10864.64
sealfs,10854.4
sealfs,10833.92
sealfs,10813.44
sealfs,10874.88
sealfs,10639.36
sealfs,10854.4
sealfs,10792.96
sealfs,10588.16
sealfs,10055.68
sealfs,9963.52
sealfs,9922.56
sealfs,9932.8
sealfs,10014.72
sealfs,10209.28
sealfs,10680.32
sealfs,10792.96
sealfs,10721.28
sealfs,8591.36
sealfs,10731.52
sealfs,10782.72
sealfs,10792.96
sealfs,10782.72
sealfs,10598.4
sealfs,10096.64
sealfs,9932.8
sealfs,7833.6
sealfs,9984.0
sealfs,11714.56
sealfs,10024.96
sealfs,10434.56
sealfs,10690.56
sealfs,10670.08
sealfs,10700.8
sealfs,8570.88
sealfs,10639.36
sealfs,10721.28
sealfs,10700.8
sealfs,10752.0
sealfs,10762.24
sealfs,10362.88
sealfs,10362.88
sealfs,10741.76
sealfs,10752.0
sealfs,10936.32
sealfs,10895.36
sealfs,10854.4
sealfs,13004.8
sealfs,10874.88
sealfs,10885.12
sealfs,10874.88
sealfs,8396.8
sealfs,10844.16
sealfs,10731.52
sealfs,10209.28
sealfs,9943.04
sealfs,9943.04
sealfs,9840.64
sealfs,9891.84
sealfs,10178.56
sealfs,10690.56
sealfs,10383.36
sealfs,10649.6
sealfs,10639.36
sealfs,10639.36
sealfs,10680.32
sealfs,10731.52
sealfs,10721.28
sealfs,10823.68
sealfs,10741.76
sealfs,10639.36
sealfs,10649.6
sealfs,10659.84
sealfs,10690.56
sealfs,10874.88
sealfs,11028.48
sealfs,10854.4
sealfs,10823.68
sealfs,10813.44
sealfs,13076.48
sealfs,10874.88
sealfs,10608.64
sealfs,10618.88
sealfs,10465.28
sealfs,9861.12
sealfs,9728.0
sealfs,11714.56
sealfs,9902.08
sealfs,9922.56
sealfs,9984.0
sealfs,10526.72
sealfs,12892.16
sealfs,10629.12
sealfs,10670.08
sealfs,10639.36
sealfs,10711.04
sealfs,10731.52
sealfs,10690.56
sealfs,10577.92
sealfs,10188.8
sealfs,9963.52
sealfs,9943.04
sealfs,9953.28
sealfs,9984.0
sealfs,10004.48
sealfs,8488.96
sealfs,10352.64
sealfs,10659.84
sealfs,10659.84
sealfs,10629.12
sealfs,10670.08
sealfs,8550.4
sealfs,10700.8
sealfs,8560.64
sealfs,10833.92
sealfs,10588.16
sealfs,8560.64
sealfs,10690.56
sealfs,10741.76
sealfs,10874.88
sealfs,10946.56
sealfs,10792.96
sealfs,10731.52
sealfs,10813.44
sealfs,10813.44
sealfs,10823.68
sealfs,10874.88
sealfs,10915.84
sealfs,10762.24
sealfs,10168.32
sealfs,9994.24
sealfs,10024.96
sealfs,9994.24
sealfs,9922.56
sealfs,10127.36
sealfs,12646.4
sealfs,10639.36
sealfs,10659.84
sealfs,10649.6
sealfs,10629.12
sealfs,10690.56
sealfs,10700.8
sealfs,10670.08
sealfs,10506.24
sealfs,12206.08
sealfs,9932.8
sealfs,9994.24
sealfs,9973.76
sealfs,9984.0
sealfs,12144.64
sealfs,10608.64
sealfs,10690.56
sealfs,10731.52
sealfs,10700.8
sealfs,10741.76
sealfs,10782.72
sealfs,10752.0
sealfs,10690.56
sealfs,3.8
