ext4,7.55
ext4,7.53
ext4,7.54
ext4,7.51
ext4,7.54
ext4,7.51
ext4,11.27
ext4,7.52
ext4,7.53
ext4,7.47
ext4,7.45
ext4,7.52
ext4,7.52
ext4,11.25
ext4,7.5
ext4,7.51
ext4,7.52
ext4,7.51
ext4,7.52
ext4,7.51
ext4,11.11
ext4,7.45
ext4,7.55
ext4,7.54
ext4,7.53
ext4,7.46
ext4,3.75
ext4,7.42
ext4,7.51
ext4,7.54
ext4,7.51
ext4,7.46
ext4,11.28
ext4,7.54
ext4,7.52
ext4,7.5
ext4,7.53
ext4,7.53
ext4,7.5
ext4,7.52
ext4,7.53
ext4,7.55
ext4,7.53
ext4,11.22
ext4,7.49
ext4,7.52
ext4,7.54
ext4,7.53
ext4,7.54
ext4,7.5
ext4,7.49
ext4,7.46
ext4,7.47
ext4,7.44
ext4,11.07
ext4,7.52
ext4,7.54
ext4,7.51
ext4,7.54
ext4,7.5
ext4,3.77
ext4,7.51
ext4,7.54
ext4,11.29
ext4,7.48
ext4,7.54
ext4,7.54
ext4,7.5
ext4,7.36
ext4,11.2
ext4,7.43
ext4,7.56
