sealfs,7.59
sealfs,7.52
sealfs,7.47
sealfs,14.87
sealfs,7.53
sealfs,7.51
sealfs,7.56
sealfs,7.52
sealfs,7.54
sealfs,7.52
sealfs,7.5
sealfs,7.39
sealfs,7.52
sealfs,7.5
sealfs,7.48
sealfs,7.47
sealfs,15.08
sealfs,7.53
sealfs,7.44
sealfs,7.53
sealfs,7.54
sealfs,3.75
sealfs,7.54
sealfs,7.51
sealfs,7.53
sealfs,7.52
sealfs,7.54
sealfs,7.49
sealfs,7.5
sealfs,15.05
sealfs,7.51
sealfs,7.52
sealfs,7.52
sealfs,7.52
sealfs,7.46
sealfs,14.62
sealfs,7.53
sealfs,7.5
sealfs,11.27
sealfs,7.5
sealfs,7.46
sealfs,7.54
sealfs,7.54
sealfs,7.51
sealfs,7.5
sealfs,7.52
sealfs,7.55
sealfs,15.07
sealfs,7.53
sealfs,7.5
sealfs,7.48
sealfs,7.54
sealfs,7.51
sealfs,3.76
sealfs,7.5
sealfs,7.51
sealfs,7.52
sealfs,7.51
sealfs,7.51
sealfs,7.55
sealfs,15.02
sealfs,7.55
sealfs,7.52
sealfs,7.5
sealfs,7.36
sealfs,7.54
sealfs,7.47
sealfs,7.53
sealfs,7.44
