sealfs,7.74
sealfs,15.35
sealfs,15.45
sealfs,7.72
sealfs,15.44
sealfs,7.72
sealfs,15.45
sealfs,7.72
sealfs,15.45
sealfs,7.73
sealfs,15.45
sealfs,15.46
sealfs,7.73
sealfs,15.45
sealfs,7.73
sealfs,15.45
sealfs,7.72
sealfs,15.44
sealfs,7.72
sealfs,15.41
sealfs,7.72
sealfs,7.67
sealfs,15.45
sealfs,11.59
sealfs,7.72
sealfs,15.43
sealfs,7.67
sealfs,15.35
sealfs,7.72
sealfs,15.44
sealfs,7.73
sealfs,15.45
sealfs,7.73
sealfs,15.37
sealfs,15.44
sealfs,7.73
sealfs,15.45
sealfs,7.73
sealfs,15.37
sealfs,7.72
sealfs,15.44
sealfs,7.72
sealfs,15.45
sealfs,7.72
sealfs,15.45
sealfs,15.45
sealfs,3.86
sealfs,15.46
sealfs,7.72
sealfs,15.44
sealfs,7.73
sealfs,15.47
sealfs,11.59
sealfs,15.4
sealfs,7.73
sealfs,11.59
sealfs,7.73
sealfs,15.45
sealfs,7.73
sealfs,15.45
sealfs,7.73
sealfs,15.38
sealfs,7.73
sealfs,15.45
sealfs,7.72
sealfs,15.45
sealfs,11.59
