ext4,15.44
ext4,7.72
ext4,7.72
ext4,15.44
ext4,15.44
ext4,7.72
ext4,15.45
ext4,7.73
ext4,15.43
ext4,7.72
ext4,15.43
ext4,7.72
ext4,15.45
ext4,3.84
ext4,15.44
ext4,15.44
ext4,7.72
ext4,15.34
ext4,7.73
ext4,15.43
ext4,7.72
ext4,15.45
ext4,7.72
ext4,15.45
ext4,7.71
ext4,15.46
ext4,15.45
ext4,7.72
ext4,7.72
ext4,19.29
ext4,15.44
ext4,7.7
ext4,15.43
ext4,7.73
ext4,15.45
ext4,7.73
ext4,11.58
ext4,7.73
ext4,15.44
ext4,7.72
ext4,15.45
ext4,7.72
ext4,15.44
ext4,15.44
ext4,7.72
ext4,15.43
ext4,7.67
ext4,15.45
ext4,7.72
ext4,15.45
ext4,7.72
ext4,15.44
ext4,7.72
ext4,15.44
ext4,15.44
ext4,7.72
ext4,15.45
ext4,7.72
ext4,11.58
ext4,7.72
ext4,15.44
ext4,7.72
ext4,15.39
ext4,7.72
ext4,15.38
ext4,15.45
ext4,7.72
