Summit Bandwidth in Audio Test,bandwidth (kB/s)
ext4,116.08
ext4,119.84
ext4,119.9
ext4,115.99
ext4,119.85
ext4,111.41
ext4,123.78
ext4,119.85
ext4,111.91
ext4,119.84
ext4,119.96
ext4,115.99
ext4,119.85
ext4,119.91
ext4,119.83
ext4,111.77
ext4,123.85
ext4,115.85
ext4,119.51
ext4,115.21
ext4,115.96
ext4,123.71
ext4,111.84
ext4,119.94
ext4,119.84
ext4,119.77
ext4,115.9
ext4,119.87
ext4,119.89
ext4,112.18
ext4,119.87
ext4,123.47
ext4,112.17
ext4,119.67
ext4,119.83
ext4,112.15
ext4,123.77
ext4,116.09
ext4,119.84
ext4,115.37
ext4,116.01
ext4,123.73
ext4,112.17
ext4,119.91
ext4,119.85
ext4,112.08
ext4,123.75
ext4,119.51
ext4,119.8
ext4,112.17
ext4,119.79
ext4,123.41
ext4,115.71
ext4,115.47
ext4,115.75
ext4,123.07
ext4,116.06
ext4,116.02
ext4,119.95
ext4,119.76
ext4,116
ext4,119.8
ext4,119.88
ext4,112.11
ext4,119.91
ext4,123.63
ext4,112.14
ext4,119.85
ext4,119.75
ext4,112.19
ext4,123.74
ext4,119.8
ext4,115.99
ext4,115.88
ext4,115.96
ext4,123.23
ext4,115.66
ext4,115.98
ext4,119.85
ext4,119.63
ext4,116.01
ext4,120.01
ext4,119.69
ext4,112.24
ext4,119.89
ext4,123.78
ext4,112.04
ext4,119.82
ext4,119.75
ext4,115.76
ext4,119.87
ext4,116.02
ext4,119.82
ext4,116.01
ext4,116.05
ext4,123.58
ext4,112.13
ext4,119.84
ext4,119.94
ext4,112.11
ext4,123.77
ext4,119.47
ext4,119.91
ext4,112.28
ext4,119.84
ext4,123.66
ext4,112.08
ext4,119.91
ext4,119.87
ext4,116.11
ext4,119.25
ext4,115.97
ext4,119.84
ext4,116.04
ext4,115.96
ext4,123.18
ext4,112.13
ext4,119.71
ext4,119.83
ext4,119.57
ext4,119.86
ext4,119.81
ext4,119.81
ext4,112.21
ext4,119.91
ext4,123.63
ext4,112.1
ext4,119.88
ext4,116.05
ext4,119.51
ext4,119.76
ext4,116.06
ext4,119.92
ext4,112.2
ext4,119.86
ext4,123.83
ext4,112.15
ext4,119.85
ext4,119.58
ext4,119.74
ext4,115.97
ext4,119.77
ext4,119.83
ext4,112.1
ext4,119.86
ext4,127.58
ext4,112.05
ext4,119.91
ext4,115.77
ext4,116.05
ext4,123.75
ext4,116.06
ext4,120.03
ext4,112.12
ext4,123.73
ext4,119.77
ext4,112.16
ext4,119.85
ext4,119.79
ext4,116.03
ext4,119.8
ext4,119.9
ext4,112.11
ext4,120.02
ext4,123.72
ext4,115.62
ext4,115.86
ext4,119.87
ext4,116
ext4,119.93
ext4,116.01
ext4,119.98
ext4,115.39
ext4,115.99
ext4,123.85
ext4,119.86
ext4,112.11
ext4,119.9
ext4,119.77
ext4,119.9
ext4,115.96
ext4,120.08
ext4,112.12
ext4,123.7
ext4,119.73
ext4,111.99
ext4,119.62
ext4,119.84
ext4,119.87
ext4,119.9
ext4,119.82
ext4,119.84
ext4,111.34
ext4,123.79
ext4,116.02
ext4,115.98
ext4,119.78
ext4,116.05
ext4,123.81
ext4,112.09
ext4,119.78
ext4,119.75
ext4,111.47
ext4,123.82
ext4,119.91
ext4,112.12
ext4,119.89
ext4,119.9
ext4,123.81
ext4,112.05
ext4,119.88
ext4,119.86
ext4,112.19
ext4,126.46
ext4,115.81
ext4,119.76
ext4,115.98
ext4,115.94
ext4,123.69
ext4,112.05
ext4,119.83
ext4,119.82
ext4,119.79
ext4,115.89
ext4,119.84
ext4,119.73
ext4,112.01
ext4,119.81
ext4,123.56
ext4,112.05
ext4,119.74
ext4,116
ext4,123.71
ext4,115.94
ext4,116
ext4,119.81
ext4,111.55
ext4,123.69
ext4,119.87
ext4,119.79
ext4,112.04
ext4,119.83
ext4,123.71
ext4,112.1
ext4,119.77
ext4,119.7
ext4,112.07
ext4,123.42
ext4,119.75
ext4,116.03
ext4,115.89
ext4,115.76
ext4,123.64
ext4,115.5
ext4,115.9
ext4,119.88
ext4,119.84
ext4,116.01
ext4,119.83
ext4,119.37
ext4,112.06
ext4,119.92
ext4,127.6
ext4,115.92
ext4,115.56
ext4,119.77
ext4,115.97
ext4,119.94
ext4,115.36
ext4,119.88
ext4,119.68
ext4,112.1
ext4,123.78
ext4,119.63
ext4,112.11
ext4,119.94
ext4,119.8
ext4,116.12
ext4,119.83
ext4,119.31
ext4,119.74
ext4,111.63
ext4,123.63
ext4,115.96
ext4,119.63
ext4,115.98
ext4,115.94
ext4,127.5
ext4,112.13
ext4,119.89
ext4,119.96
ext4,112
ext4,123.73
ext4,119.78
ext4,119.87
ext4,111.74
ext4,119.85
ext4,123.71
ext4,112.05
ext4,119.83
ext4,116.04
ext4,119.25
ext4,119.89
ext4,116
ext4,119.74
ext4,112.12
ext4,119.55
ext4,123.68
ext4,112.23
ext4,119.87
ext4,119.56
ext4,119.83
ext4,119.9
ext4,119.84
ext4,119.86
ext4,112.18
ext4,119.91
ext4,123.79
ext4,112.07
ext4,119.42
ext4,116
ext4,123.32
ext4,115.91
ext4,115.97
ext4,119.76
ext4,111.98
ext4,123.63
ext4,119.77
ext4,119.68
ext4,111.75
ext4,119.84
ext4,123.88
ext4,111.32
ext4,119.71
ext4,119.74
ext4,115.86
ext4,119.81
ext4,115.99
ext4,119.86
ext4,115.98
ext4,115.88
ext4,123.51
ext4,119.71
ext4,112.05
ext4,119.77
ext4,119.95
ext4,115.97
ext4,119.81
ext4,119.87
ext4,112.09
ext4,119.85
ext4,123.74
ext4,112.1
ext4,119.85
ext4,119.86
ext4,116.01
ext4,119.95
ext4,116.06
ext4,116.17
ext4,119.27
ext4,119.1
ext4,115.78
ext4,119.91
ext4,119.84
ext4,119.95
ext4,112.16
ext4,123.72
ext4,119.91
ext4,112.13
ext4,119.85
ext4,119.81
ext4,116.06
ext4,119.89
ext4,115.92
ext4,116.02
ext4,119.9
ext4,119.94
ext4,116
ext4,116.05
ext4,119.85
ext4,119.77
ext4,116.09
ext4,119.82
ext4,119.79
ext4,112.18
ext4,120.02
ext4,123.71
ext4,112.11
ext4,119.87
ext4,119.86
ext4,112.12
ext4,123.82
ext4,119.98
ext4,112.12
ext4,119.88
ext4,115.96
ext4,123.73
ext4,116.01
ext4,115.84
ext4,119.78
ext4,116
ext4,119.94
ext4,119.91
ext4,112.17
ext4,119.96
ext4,119.83
ext4,115.96
ext4,119.84
ext4,119.54
ext4,119.87
ext4,112.15
ext4,122.87
ext4,119.33
ext4,115.96
ext4,116.04
ext4,119.83
ext4,119.79
ext4,116.05
ext4,116.03
ext4,119.95
ext4,116.07
ext4,119.86
ext4,119.48
ext4,119.21
ext4,112.12
ext4,123.82
ext4,119.17
ext4,115.85
ext4,115.94
ext4,119.76
ext4,119.9
ext4,116.01
ext4,119.76
ext4,116.05
ext4,116.12
ext4,119.9
ext4,120.07
ext4,116.06
ext4,116.05
ext4,119.9
ext4,116.08
ext4,119.79
ext4,119.84
ext4,119.76
ext4,111.25
ext4,123.78
ext4,119.93
ext4,112.11
ext4,119.99
ext4,119.93
ext4,116.04
ext4,119.8
ext4,115.99
ext4,119.91
ext4,115.91
ext4,119.07
ext4,119.93
ext4,112.11
ext4,119.69
ext4,119.89
ext4,123.79
ext4,112.17
ext4,119.2
ext4,119.91
ext4,112.23
ext4,123.83
ext4,119.86
ext4,115.88
ext4,115.6
ext4,119.87
ext4,119.81
ext4,115.99
ext4,115.89
ext4,119.9
ext4,116.05
ext4,119.61
ext4,119.64
ext4,119.51
ext4,112.08
ext4,118.98
ext4,123.72
ext4,119.84
ext4,112.23
ext4,119.84
ext4,115.95
ext4,119.89
ext4,119.86
ext4,115.47
ext4,115.92
ext4,115.95
ext4,123.67
ext4,119.9
ext4,111.47
ext4,119.9
ext4,119.54
ext4,115.97
ext4,119.73
ext4,119.78
ext4,119.82
ext4,112.09
ext4,123.92
ext4,119.75
ext4,112.07
ext4,119.83
ext4,119.76
ext4,115.72
ext4,119.78
ext4,116.06
ext4,119.86
ext4,116.17
ext4,119.92
ext4,119.78
ext4,112.16
ext4,120
ext4,123.71
ext4,112.25
ext4,119.93
ext4,119.84
ext4,112.16
ext4,123.76
ext4,119.46
ext4,112.24
ext4,119.87
ext4,119.85
ext4,119.86
ext4,116.01
ext4,116.01
ext4,119.93
ext4,116.01
ext4,119.97
ext4,119.9
ext4,112.21
ext4,119.93
ext4,119.74
ext4,116.06
ext4,119.88
ext4,119.9
ext4,120.11
ext4,119.85
ext4,115.73
ext4,119.79
ext4,116.03
ext4,115.93
ext4,119.77
ext4,119.8
ext4,115.95
ext4,115.94
ext4,119.78
ext4,119.82
ext4,115.95
ext4,119.86
ext4,119.79
ext4,112.09
ext4,119.91
ext4,127.59
ext4,112.12
ext4,119.85
ext4,119.78
ext4,112.21
ext4,123.68
ext4,119.69
ext4,115.95
ext4,115.9
ext4,119.77
ext4,119.88
ext4,115.98
ext4,115.91
ext4,119.79
ext4,115.98
ext4,119.79
ext4,119.79
ext4,119.73
ext4,112
ext4,123.73
ext4,119.87
ext4,112.02
ext4,119.74
ext4,119.87
ext4,115.92
ext4,119.83
ext4,119.71
ext4,115.32
ext4,115.88
ext4,119.77
ext4,119.84
ext4,119.79
ext4,112.07
ext4,119.83
ext4,123.43
ext4,112.08
ext4,119.8
ext4,119.79
ext4,112.1
ext4,123.79
ext4,119.87
ext4,115.98
ext4,115.96
ext4,119.83
ext4,119.85
ext4,115.96
ext4,115.93
ext4,119.73
ext4,115.99
ext4,119.88
ext4,119.76
ext4,119.83
ext4,112
ext4,119.9
ext4,123.79
ext4,111.3
ext4,119.7
ext4,119.7
ext4,119.7
ext4,115.86
ext4,119.78
ext4,115.94
ext4,115.99
ext4,119.75
ext4,119.81
ext4,119.77
ext4,111.78
ext4,119.82
ext4,119.77
ext4,115.89
ext4,119.88
ext4,119.75
ext4,112.09
ext4,119.79
ext4,126.6
ext4,119.51
ext4,112.16
ext4,119.76
ext4,115.92
ext4,123.68
ext4,115.89
ext4,115.74
ext4,119.86
ext4,112.08
ext4,123.62
ext4,119.75
ext4,119.77
ext4,112.14
ext4,119.79
ext4,123.65
ext4,112.12
ext4,119.79
ext4,119.82
ext4,111.98
ext4,123.28
ext4,119.75
ext4,115.9
ext4,115.84
ext4,123.64
ext4,119.83
ext4,115.79
ext4,115.66
ext4,119.77
ext4,123.69
ext4,112
ext4,119.9
ext4,119.84
ext4,112.07
ext4,123.69
ext4,119.77
ext4,115.93
ext4,115.91
ext4,119.82
ext4,119.84
ext4,115.97
ext4,115.88
ext4,119.8
ext4,115.99
ext4,119.81
ext4,119.75
ext4,119.69
ext4,112.05
ext4,119.88
ext4,123.55
ext4,111.99
ext4,119.7
ext4,119.46
ext4,119.88
ext4,115.87
ext4,119.8
ext4,116.04
ext4,115.92
ext4,119.31
ext4,119.78
ext4,119.77
ext4,112.06
ext4,119.83
ext4,119.8
ext4,115.94
ext4,119.78
ext4,119.75
ext4,112.06
ext4,119.65
ext4,123.59
ext4,119.71
ext4,112.01
ext4,119.74
ext4,115.9
ext4,119.81
ext4,119.72
ext4,115.94
ext4,119.81
ext4,111.97
ext4,123.64
ext4,119.72
ext4,111.78
ext4,119.78
ext4,119.79
ext4,123.8
ext4,112.15
ext4,119.54
ext4,119.9
ext4,93.73
ext4,116.09
ext4,119.92
ext4,123.75
ext4,115.1
ext4,119.85
ext4,116.03
ext4,119.92
ext4,115.8
ext4,119.85
ext4,119.99
ext4,112.23
ext4,119.49
ext4,123.81
ext4,112.14
ext4,120.01
ext4,119.85
ext4,112.13
ext4,123.79
ext4,119.89
ext4,112.13
ext4,119.8
ext4,119.91
ext4,119.93
ext4,116.01
ext4,116.08
ext4,119.92
ext4,116
ext4,119.93
ext4,119.99
ext4,112.18
ext4,119.97
ext4,119.83
ext4,116.09
ext4,119.88
ext4,119.98
ext4,112.21
ext4,119.9
ext4,123.75
ext4,111.92
ext4,119.87
ext4,119.73
ext4,119.87
ext4,115.96
ext4,119.87
ext4,116.02
ext4,116.15
ext4,123.73
ext4,116.12
ext4,116.03
ext4,116.07
ext4,119.94
ext4,119.91
ext4,116.02
ext4,119.92
ext4,112.13
ext4,119.91
ext4,123.74
ext4,112.15
ext4,119.89
ext4,119.94
ext4,119.58
ext4,116.03
ext4,119.87
ext4,119.81
ext4,112.16
ext4,119.85
ext4,119.87
ext4,115.88
ext4,119.84
ext4,115.99
ext4,116.02
ext4,119.96
ext4,119.92
ext4,119.9
ext4,112.13
ext4,120.02
ext4,127.72
ext4,112.18
ext4,119.94
ext4,119.92
ext4,112.23
ext4,123.72
ext4,119.89
ext4,112.18
ext4,119.1
ext4,119.9
ext4,119.95
ext4,115.98
ext4,119.95
ext4,116.04
ext4,116.07
ext4,119.87
ext4,119.63
ext4,116.16
ext4,116.05
ext4,119.93
ext4,116.06
ext4,119.88
ext4,119.87
ext4,112.13
ext4,119.88
ext4,123.8
ext4,119.88
ext4,111.53
ext4,119.79
ext4,119.87
ext4,116.01
ext4,119.91
ext4,116.06
ext4,116.08
ext4,119.89
ext4,119.96
ext4,119.88
ext4,111.24
ext4,120.01
ext4,119.93
ext4,116.06
ext4,119.91
ext4,119.93
ext4,111.9
ext4,119.91
ext4,123.72
ext4,112.22
ext4,119.8
ext4,119.93
ext4,119.99
ext4,119.88
ext4,119.83
ext4,115.69
ext4,116.02
ext4,119.94
ext4,119.9
ext4,115.97
ext4,116.12
ext4,119.96
ext4,116.06
ext4,119.82
ext4,119.83
ext4,119.86
ext4,111.86
ext4,119.88
ext4,123.3
ext4,112.11
ext4,119.82
ext4,119.5
ext4,119.88
ext4,116.06
ext4,119.89
ext4,116.11
ext4,115.6
ext4,123.78
ext4,119.92
ext4,116.08
ext4,116
ext4,119.89
ext4,116.1
ext4,119.91
ext4,119.65
ext4,112.11
ext4,119.84
ext4,123.77
ext4,119.18
ext4,112.18
ext4,119.94
ext4,119.88
ext4,119.01
ext4,116.03
ext4,119.89
ext4,116.03
ext4,115.99
ext4,119.86
ext4,119.9
ext4,116.05
ext4,116.02
ext4,119.96
ext4,116.02
ext4,119.89
ext4,119.81
ext4,112.14
sealfs,91.74
sealfs,112.24
sealfs,119.91
sealfs,123.82
sealfs,119.8
sealfs,123.67
sealfs,119.85
sealfs,119.84
sealfs,116.13
sealfs,127.54
sealfs,115.92
sealfs,119.94
sealfs,119
sealfs,115.87
sealfs,130.83
sealfs,115.99
sealfs,119.83
sealfs,119.96
sealfs,112.2
sealfs,131.66
sealfs,119.85
sealfs,112.15
sealfs,123.71
sealfs,119.08
sealfs,127.59
sealfs,116.12
sealfs,119.3
sealfs,123.75
sealfs,116.05
sealfs,123.71
sealfs,119.99
sealfs,119.9
sealfs,116.08
sealfs,119.47
sealfs,135.47
sealfs,112.21
sealfs,123
sealfs,118.99
sealfs,123.33
sealfs,127.26
sealfs,112.01
sealfs,123.26
sealfs,115.59
sealfs,118.89
sealfs,127.19
sealfs,115.2
sealfs,118.98
sealfs,123.71
sealfs,112.07
sealfs,131.46
sealfs,118.98
sealfs,119.54
sealfs,116
sealfs,119.95
sealfs,127.65
sealfs,116.06
sealfs,119.88
sealfs,116.08
sealfs,123.77
sealfs,122.7
sealfs,118.92
sealfs,118.91
sealfs,118.91
sealfs,122.81
sealfs,122.61
sealfs,118.95
sealfs,118.88
sealfs,115.91
sealfs,118.52
sealfs,130.79
sealfs,112.09
sealfs,123.91
sealfs,119.56
sealfs,119.22
sealfs,126.57
sealfs,115.12
sealfs,119.13
sealfs,119.21
sealfs,119.26
sealfs,131.35
sealfs,111.52
sealfs,119.87
sealfs,123.7
sealfs,112.12
sealfs,127.6
sealfs,123.6
sealfs,112.05
sealfs,119.82
sealfs,131.36
sealfs,116.05
sealfs,119.77
sealfs,115.77
sealfs,119.77
sealfs,127.63
sealfs,116.08
sealfs,119.47
sealfs,123.67
sealfs,112.12
sealfs,127.64
sealfs,123.87
sealfs,111.57
sealfs,123.2
sealfs,119.35
sealfs,127.15
sealfs,116.07
sealfs,119.89
sealfs,115.99
sealfs,119.84
sealfs,127.54
sealfs,115.96
sealfs,123.74
sealfs,112.25
sealfs,123.35
sealfs,127.01
sealfs,119.55
sealfs,115.44
sealfs,119.92
sealfs,119.87
sealfs,126.99
sealfs,115.52
sealfs,119.37
sealfs,119.39
sealfs,119.39
sealfs,123.18
sealfs,119.31
sealfs,119.91
sealfs,116.02
sealfs,119.86
sealfs,127.69
sealfs,123.72
sealfs,112.17
sealfs,119.92
sealfs,123.57
sealfs,122.92
sealfs,119.32
sealfs,119.37
sealfs,115.98
sealfs,119.87
sealfs,123.75
sealfs,119.9
sealfs,119.84
sealfs,115.92
sealfs,119.93
sealfs,131.36
sealfs,112.15
sealfs,123.72
sealfs,119.8
sealfs,112.26
sealfs,131.51
sealfs,119.95
sealfs,112.09
sealfs,123.72
sealfs,119.91
sealfs,119.9
sealfs,123.77
sealfs,115.82
sealfs,119.83
sealfs,119.87
sealfs,122.89
sealfs,123.74
sealfs,112.12
sealfs,119.89
sealfs,123.71
sealfs,119.86
sealfs,119.84
sealfs,123.78
sealfs,119.93
sealfs,116.07
sealfs,127.53
sealfs,119.73
sealfs,115.89
sealfs,119.9
sealfs,119.86
sealfs,123.73
sealfs,119.87
sealfs,115.9
sealfs,119.91
sealfs,127.63
sealfs,119.74
sealfs,119.92
sealfs,120
sealfs,115.89
sealfs,122.99
sealfs,112.24
sealfs,127.18
sealfs,123.61
sealfs,112
sealfs,119.82
sealfs,123.77
sealfs,119.78
sealfs,123.64
sealfs,119.88
sealfs,118.86
sealfs,115.95
sealfs,127.44
sealfs,119.78
sealfs,119.79
sealfs,115.97
sealfs,116.01
sealfs,131.38
sealfs,116
sealfs,119.88
sealfs,119.79
sealfs,112.13
sealfs,131.46
sealfs,119.99
sealfs,111.97
sealfs,123.74
sealfs,119.35
sealfs,127.42
sealfs,115.26
sealfs,119.81
sealfs,123.74
sealfs,115.91
sealfs,123.62
sealfs,119.76
sealfs,119.2
sealfs,119.8
sealfs,115.86
sealfs,127.57
sealfs,119.72
sealfs,115.92
sealfs,119.89
sealfs,123.71
sealfs,119.68
sealfs,119.84
sealfs,123.73
sealfs,119.17
sealfs,112.05
sealfs,130.41
sealfs,115.94
sealfs,119.79
sealfs,119.94
sealfs,123.71
sealfs,123.61
sealfs,112.02
sealfs,119.89
sealfs,123.09
sealfs,127.49
sealfs,112.05
sealfs,123.64
sealfs,119.9
sealfs,112.07
sealfs,131.39
sealfs,119.94
sealfs,115.9
sealfs,119.83
sealfs,115.93
sealfs,131.45
sealfs,115.94
sealfs,115.91
sealfs,123.75
sealfs,112.11
sealfs,127.54
sealfs,123.68
sealfs,112.09
sealfs,123.66
sealfs,119.84
sealfs,127.65
sealfs,115.86
sealfs,119.2
sealfs,119.71
sealfs,115.98
sealfs,131.27
sealfs,119.82
sealfs,119.85
sealfs,115.85
sealfs,118.91
sealfs,127.52
sealfs,119.9
sealfs,115.98
sealfs,119.85
sealfs,119.87
sealfs,123.68
sealfs,119.95
sealfs,119.96
sealfs,115.87
sealfs,119.81
sealfs,131.47
sealfs,115.97
sealfs,115.46
sealfs,123.07
sealfs,115.4
sealfs,127.05
sealfs,115.47
sealfs,119.78
sealfs,119.71
sealfs,123.12
sealfs,126.96
sealfs,123.26
sealfs,119.2
sealfs,119.22
sealfs,119.28
sealfs,123.1
sealfs,115.4
sealfs,122.7
sealfs,119.36
sealfs,123.15
sealfs,119.23
sealfs,119.37
sealfs,123.12
sealfs,115.47
sealfs,119.15
sealfs,127.04
sealfs,115.68
sealfs,119.49
sealfs,123.74
sealfs,112.07
sealfs,131.4
sealfs,119.76
sealfs,112.14
sealfs,123.73
sealfs,119.82
sealfs,123.61
sealfs,119.23
sealfs,119.33
sealfs,115.55
sealfs,127.56
sealfs,119.88
sealfs,119.92
sealfs,119.75
sealfs,112.09
sealfs,131.37
sealfs,119.81
sealfs,112
sealfs,123.76
sealfs,119.82
sealfs,119.76
sealfs,123.7
sealfs,119.84
sealfs,123.55
sealfs,112.13
sealfs,127.51
sealfs,119.57
sealfs,115.97
sealfs,119.86
sealfs,119.79
sealfs,123.67
sealfs,116.07
sealfs,123.77
sealfs,119.66
sealfs,115.68
sealfs,127.29
sealfs,119.94
sealfs,123.67
sealfs,111.72
sealfs,119.85
sealfs,131.42
sealfs,112.13
sealfs,119.81
sealfs,123.66
sealfs,112.19
sealfs,131.59
sealfs,115.83
sealfs,115.99
sealfs,123.69
sealfs,115.95
sealfs,127.54
sealfs,115.94
sealfs,120.01
sealfs,123.48
sealfs,119.81
sealfs,116
sealfs,119.13
sealfs,123.37
sealfs,127.61
sealfs,119.81
sealfs,123.6
sealfs,111.87
sealfs,123.58
sealfs,127.54
sealfs,119.49
sealfs,115.94
sealfs,119.77
sealfs,119.78
sealfs,123.71
sealfs,119.72
sealfs,115.8
sealfs,123.65
sealfs,115.91
sealfs,127.5
sealfs,119.86
sealfs,112.13
sealfs,123.26
sealfs,118.83
sealfs,126.53
sealfs,122.94
sealfs,114.95
sealfs,118.88
sealfs,114.95
sealfs,130.31
sealfs,122.68
sealfs,118.72
sealfs,117.45
sealfs,118.84
sealfs,126.45
sealfs,118.76
sealfs,115.92
sealfs,119.92
sealfs,123.81
sealfs,126.51
sealfs,115.17
sealfs,119.22
sealfs,119.28
sealfs,115.37
sealfs,130.8
sealfs,119.23
sealfs,111.54
sealfs,123.17
sealfs,119.17
sealfs,131.01
sealfs,111.74
sealfs,119.57
sealfs,123.12
sealfs,123.46
sealfs,115.95
sealfs,119.64
sealfs,119.33
sealfs,119.19
sealfs,123.02
sealfs,119.81
sealfs,123.63
sealfs,119.87
sealfs,112.12
sealfs,131.47
sealfs,119.8
sealfs,112.08
sealfs,123.7
sealfs,116.02
sealfs,123.74
sealfs,123.09
sealfs,115.32
sealfs,123.07
sealfs,119.23
sealfs,126.93
sealfs,115.34
sealfs,118.84
sealfs,119.22
sealfs,119.87
sealfs,130.95
sealfs,119.3
sealfs,119.29
sealfs,119.33
sealfs,123.65
sealfs,119.37
sealfs,119.38
sealfs,123.14
sealfs,112.2
sealfs,119.78
sealfs,131.49
sealfs,116
sealfs,115.92
sealfs,123.67
sealfs,115.71
sealfs,127.56
sealfs,115.97
sealfs,119.33
sealfs,123.12
sealfs,111.63
sealfs,127.56
sealfs,123.74
sealfs,119.46
sealfs,111.61
sealfs,123.71
sealfs,127.52
sealfs,119.18
sealfs,115.41
sealfs,119.74
sealfs,119.74
sealfs,127.45
sealfs,111.51
sealfs,123.17
sealfs,119.74
sealfs,123.58
sealfs,119.69
sealfs,119.79
sealfs,123.56
sealfs,111.97
sealfs,119.69
sealfs,131.36
sealfs,115.88
sealfs,115.83
sealfs,119.67
sealfs,119.79
sealfs,123.24
sealfs,119.33
sealfs,119.73
sealfs,123.59
sealfs,112.03
sealfs,131.49
sealfs,123.33
sealfs,119.76
sealfs,112.03
sealfs,131.27
sealfs,119.72
sealfs,115.87
sealfs,119.76
sealfs,115.94
sealfs,127.45
sealfs,119.76
sealfs,115.87
sealfs,123.67
sealfs,111.54
sealfs,127.08
sealfs,123.08
sealfs,119.24
sealfs,123.12
sealfs,111.53
sealfs,126.95
sealfs,119.71
sealfs,119.73
sealfs,115.99
sealfs,118.82
sealfs,134.75
sealfs,119.18
sealfs,123.38
sealfs,111.9
sealfs,123.68
sealfs,127.59
sealfs,112.04
sealfs,123.49
sealfs,115.63
sealfs,119.67
sealfs,127.47
sealfs,115.99
sealfs,119.69
sealfs,119.84
sealfs,115.85
sealfs,131.32
sealfs,119.7
sealfs,111.91
sealfs,123.65
sealfs,119.72
sealfs,126.88
sealfs,115.34
sealfs,119.32
sealfs,115.39
sealfs,123.73
sealfs,120.04
sealfs,123.73
sealfs,112.13
sealfs,119.94
sealfs,131.46
sealfs,112.11
sealfs,123.69
sealfs,119.87
sealfs,112.07
sealfs,131.48
sealfs,116.02
sealfs,115.97
sealfs,123.69
sealfs,116.06
sealfs,127.47
sealfs,116
sealfs,119.88
sealfs,123.71
sealfs,112.08
sealfs,127.55
sealfs,123.73
sealfs,112.13
sealfs,119.8
sealfs,123.76
sealfs,119.86
sealfs,119.83
sealfs,123.7
sealfs,119.89
sealfs,115.96
sealfs,127.72
sealfs,115.94
sealfs,119.82
sealfs,119.92
sealfs,115.97
sealfs,127.57
sealfs,115.97
sealfs,119.85
sealfs,123.65
sealfs,112.12
sealfs,131.6
sealfs,119.78
sealfs,112.1
sealfs,123.2
sealfs,119.83
sealfs,119.9
sealfs,123.76
sealfs,119.79
sealfs,115.99
sealfs,119.74
sealfs,135.23
sealfs,119.79
sealfs,116.05
sealfs,116.03
sealfs,123.5
sealfs,123.85
sealfs,115.63
sealfs,123.66
sealfs,119.82
sealfs,112.12
sealfs,131.43
sealfs,119.57
sealfs,115.92
sealfs,119.88
sealfs,127.24
sealfs,123.71
sealfs,112
sealfs,119.59
sealfs,119.73
sealfs,123.69
sealfs,119.75
sealfs,119.79
sealfs,116.03
sealfs,119.8
sealfs,127.61
sealfs,119.87
sealfs,115.86
sealfs,119.75
sealfs,119.43
sealfs,123.71
sealfs,119.78
sealfs,119.62
sealfs,123.67
sealfs,112.04
sealfs,131.4
sealfs,115.98
sealfs,115.98
sealfs,123.63
sealfs,116.04
sealfs,123.65
sealfs,119.69
sealfs,119.8
sealfs,119.83
sealfs,115.98
sealfs,127.48
sealfs,123.52
sealfs,112.07
sealfs,119.85
sealfs,123.71
sealfs,119.8
sealfs,119.78
sealfs,123.59
sealfs,119.71
sealfs,112.16
sealfs,131.39
sealfs,115.93
sealfs,119.72
sealfs,119.77
sealfs,115.97
sealfs,131.4
sealfs,112.09
sealfs,119.25
sealfs,123.76
sealfs,112.1
sealfs,127.06
sealfs,123.67
sealfs,119.76
sealfs,115.97
sealfs,119.73
sealfs,127.57
sealfs,115.99
sealfs,119.87
sealfs,115.93
sealfs,119.88
sealfs,127.6
sealfs,116.11
sealfs,123.73
sealfs,112.24
sealfs,123.64
sealfs,127.55
sealfs,112.03
sealfs,123.74
sealfs,119.88
sealfs,112.1
sealfs,131.4
sealfs,119.84
sealfs,112.09
sealfs,123.76
sealfs,119.87
sealfs,131.47
sealfs,112.11
sealfs,119.83
sealfs,119.98
sealfs,116.02
sealfs,127.69
sealfs,119.37
sealfs,115.89
sealfs,115.84
sealfs,123.81
sealfs,127.55
sealfs,115.94
sealfs,119.86
sealfs,119.81
sealfs,115.87
sealfs,127.52
sealfs,119.71
sealfs,115.98
sealfs,119.87
sealfs,127.51
sealfs,119.85
sealfs,116.01
sealfs,123.61
sealfs,115.88
sealfs,123.66
sealfs,119.79
sealfs,119.76
sealfs,115.98
sealfs,119.81
sealfs,127.62
sealfs,119.88
sealfs,115.16
sealfs,119.84
sealfs,123.71
sealfs,134.89
sealfs,112.04
sealfs,123.6
sealfs,119.85
sealfs,112.1
sealfs,131.43
sealfs,115.69
sealfs,119.99
sealfs,119.74
sealfs,131.63
sealfs,114.98
sealfs,117.98
sealfs,118.76
sealfs,115.1
sealfs,130.49
sealfs,118.78
sealfs,118.76
sealfs,118.81
sealfs,115.98
sealfs,127.54
sealfs,119.8
sealfs,119.29
sealfs,115.41
sealfs,119.03
sealfs,126.49
sealfs,122.75
sealfs,118.83
sealfs,114.98
sealfs,119.58
sealfs,127.16
sealfs,116.08
sealfs,119.82
sealfs,116
sealfs,122.9
sealfs,126.9
sealfs,118.97
sealfs,115.54
sealfs,119.93
sealfs,118.65
sealfs,126.36
sealfs,118.73
sealfs,118.77
sealfs,122.6
sealfs,111.14
sealfs,130.24
sealfs,118.82
sealfs,118.84
sealfs,118.84
sealfs,126.37
sealfs,118.84
sealfs,116.01
sealfs,119.8
sealfs,123.66
sealfs,119.77
sealfs,119.51
sealfs,123.67
sealfs,115.99
sealfs,115.3
sealfs,130.95
sealfs,115.97
sealfs,119.83
sealfs,115.95
sealfs,119.13
sealfs,130.67
sealfs,118.81
sealfs,112.04
sealfs,123.66
sealfs,119.08
sealfs,127.52
sealfs,118.95
sealfs,114.99
sealfs,115.39
sealfs,123.12
sealfs,126.9
sealfs,123.03
sealfs,111.57
sealfs,119.24
sealfs,122.94
sealfs,123.4
sealfs,115.68
sealfs,123.65
sealfs,115.69
sealfs,119.77
sealfs,123.65
sealfs,119.84
sealfs,123.17
sealfs,119.86
sealfs,111.41
sealfs,131.33
sealfs,119.83
sealfs,112.07
sealfs,123.68
sealfs,118.84
sealfs,123
sealfs,122.58
sealfs,115.95
sealfs,119.54
sealfs,119.76
sealfs,127.57
sealfs,115.9
sealfs,119.78
sealfs,119.85
sealfs,115.97
sealfs,127.5
sealfs,119.78
sealfs,115.98
sealfs,119.77
sealfs,123.66
sealfs,123.69
sealfs,115.97
sealfs,119.76
sealfs,119.42
sealfs,117.91
sealfs,123.72
sealfs,119.79
sealfs,119.75
sealfs,123.7
sealfs,111.68
sealfs,131.35
sealfs,119.67
sealfs,115.77
sealfs,119.73
sealfs,127.4
sealfs,115.81
sealfs,119.72
sealfs,115.56
sealfs,123.61
sealfs,135.18
sealfs,112.11
sealfs,123.57
sealfs,119.68
sealfs,119.86
sealfs,122.59
sealfs,119.54
sealfs,118.81
sealfs,118.8
sealfs,118.73
sealfs,123.26
sealfs,119.74
sealfs,119.71
sealfs,123.63
sealfs,111.78
sealfs,126.93
sealfs,123.15
sealfs,115.82
sealfs,115.44
sealfs,123.61
sealfs,123.05
sealfs,123.11
sealfs,119.24
sealfs,111.66
sealfs,123.12
sealfs,126.92
sealfs,119.68
sealfs,115.79
sealfs,119.7
sealfs,119.73
sealfs,127.48
sealfs,115.82
sealfs,119.75
sealfs,119.13
sealfs,119.23
sealfs,123.33
sealfs,119.21
sealfs,119.28
sealfs,123.23
sealfs,115.54
sealfs,123.3
sealfs,123.63
sealfs,115.68
sealfs,119.6
sealfs,115.91
sealfs,127.43
sealfs,123.6
sealfs,111.85
sealfs,119.72
sealfs,123.29
sealfs,134.9
sealfs,111.97
sealfs,123.04
sealfs,119.19
sealfs,119.24
sealfs,126.9
sealfs,115.36
sealfs,119.33
sealfs,119.23
