Summit Throughtput on All Tests,Bandwidth (kB/s)
sealfs_video,10378.17
sealfs_video,10376.48
sealfs_video,10376.39
sealfs_video,10374.74
sealfs_video,10374.5
sealfs_video,10374.05
sealfs_video,10373.16
sealfs_video,10372.83
sealfs_video,10372.39
sealfs_video,10372.11
sealfs_video,10372.08
sealfs_video,10371.9
sealfs_video,10371.19
sealfs_video,10370.05
sealfs_video,10369.01
sealfs_video,10368.65
sealfs_video,10368.58
sealfs_video,10368.4
sealfs_video,10368.28
sealfs_video,10368.16
sealfs_video,10367.99
sealfs_video,10367.9
sealfs_video,10367.13
sealfs_video,10367.06
sealfs_video,10367.02
sealfs_video,10366.92
sealfs_video,10366.89
sealfs_video,10366.34
sealfs_video,10365.67
sealfs_video,10364.37
sealfs_video,10364.03
sealfs_video,10363.81
sealfs_video,10363.75
sealfs_video,10363.69
sealfs_video,10363.6
sealfs_video,10363.36
sealfs_video,10363.14
sealfs_video,10362.97
sealfs_video,10362.73
sealfs_video,10362.53
sealfs_video,10361.91
sealfs_video,10361.69
sealfs_video,10360.68
sealfs_video,10360.5
sealfs_video,10360.43
sealfs_video,10360.28
sealfs_video,10359.58
sealfs_video,10359.03
sealfs_video,10358.37
sealfs_video,10357.93
sealfs_video,10357.55
sealfs_video,10357.4
sealfs_video,10356.93
sealfs_video,10356.67
sealfs_video,10356.42
sealfs_video,10355.95
sealfs_video,10355.02
sealfs_video,10353.39
sealfs_video,10353.39
sealfs_video,10353.13
sealfs_video,10350.42
sealfs_video,10350.26
sealfs_video,10349.81
sealfs_video,10349.77
sealfs_video,10349.27
sealfs_video,10348.41
sealfs_video,10348.15
sealfs_video,10347.95
sealfs_video,10346.79
sealfs_video,10346.74
sealfs_video,10346.68
sealfs_video,10346.25
sealfs_video,10346.23
sealfs_video,10345.88
sealfs_video,10345.84
sealfs_video,10344.46
sealfs_video,10343.96
sealfs_video,10343.95
sealfs_video,10343.19
sealfs_video,10342.21
sealfs_video,10342.17
sealfs_video,10342.05
sealfs_video,10342.04
sealfs_video,10341.79
sealfs_video,10341.41
sealfs_video,10341.4
sealfs_video,10340.76
sealfs_video,10340.55
sealfs_video,10340.46
sealfs_video,10340.39
sealfs_video,10340.25
sealfs_video,10340.12
sealfs_video,10340.06
sealfs_video,10339.92
sealfs_video,10339.78
sealfs_video,10339.64
sealfs_video,10339.62
sealfs_video,10339.13
sealfs_video,10339.1
sealfs_video,10338.81
sealfs_video,10338.41
sealfs_video,10338.2
sealfs_video,10338.2
sealfs_video,10338.19
sealfs_video,10338.16
sealfs_video,10338.13
sealfs_video,10337.6
sealfs_video,10337.26
sealfs_video,10337.21
sealfs_video,10337.02
sealfs_video,10336.88
sealfs_video,10336.76
sealfs_video,10336.71
sealfs_video,10336.58
sealfs_video,10336.25
sealfs_video,10336.12
sealfs_video,10336.06
sealfs_video,10335.65
sealfs_video,10335.53
sealfs_video,10335.44
sealfs_video,10335.33
sealfs_video,10335.28
sealfs_video,10335.23
sealfs_video,10335.19
sealfs_video,10334.86
sealfs_video,10334.59
ext4_video,10334.54
ext4_video,10334.41
sealfs_video,10334.36
sealfs_video,10334.13
sealfs_video,10334.11
sealfs_video,10333.8
sealfs_video,10333.68
sealfs_video,10333.67
sealfs_video,10333.66
sealfs_video,10333.59
sealfs_video,10333.54
sealfs_video,10333.51
sealfs_video,10333.5
sealfs_video,10333.45
sealfs_video,10333.36
sealfs_video,10333.09
sealfs_video,10332.88
sealfs_video,10332.87
sealfs_video,10332.78
sealfs_video,10332.62
ext4_video,10332.55
sealfs_video,10332.03
sealfs_video,10331.91
sealfs_video,10331.81
sealfs_video,10331.67
sealfs_video,10331.67
sealfs_video,10331.54
sealfs_video,10331.17
sealfs_video,10331.14
sealfs_video,10331.06
sealfs_video,10331
sealfs_video,10330.84
sealfs_video,10330.63
sealfs_video,10330.49
sealfs_video,10330.19
sealfs_video,10330.14
sealfs_video,10330.08
sealfs_video,10330.08
sealfs_video,10329.88
sealfs_video,10329.86
sealfs_video,10329.71
sealfs_video,10329.63
sealfs_video,10329.58
sealfs_video,10329.48
sealfs_video,10329.44
sealfs_video,10329.25
sealfs_video,10329.14
sealfs_video,10329.04
sealfs_video,10329.03
sealfs_video,10328.91
sealfs_video,10328.88
sealfs_video,10328.82
sealfs_video,10328.51
sealfs_video,10327.9
sealfs_video,10327.65
sealfs_video,10327.53
sealfs_video,10327.45
sealfs_video,10327.3
sealfs_video,10326.93
sealfs_video,10326.91
sealfs_video,10326.91
sealfs_video,10326.84
ext4_video,10326.81
sealfs_video,10326.61
ext4_video,10326.6
sealfs_video,10326.57
sealfs_video,10326.53
ext4_video,10326.27
sealfs_video,10325.91
sealfs_video,10325.74
sealfs_video,10325.54
ext4_video,10325.36
sealfs_video,10325.25
sealfs_video,10325.05
sealfs_video,10324.83
sealfs_video,10324.83
sealfs_video,10324.78
sealfs_video,10324.66
ext4_video,10324.49
sealfs_video,10324.36
sealfs_video,10324.16
sealfs_video,10324.11
sealfs_video,10324.01
ext4_video,10323.89
sealfs_video,10323.83
sealfs_video,10323.82
sealfs_video,10323.53
sealfs_video,10323.51
sealfs_video,10323.31
ext4_video,10323.22
sealfs_video,10322.73
sealfs_video,10322.63
sealfs_video,10322.41
ext4_video,10321.91
ext4_video,10321.87
sealfs_video,10321.85
ext4_video,10321.84
sealfs_video,10321.76
sealfs_video,10321.72
sealfs_video,10321.64
ext4_video,10321.57
sealfs_video,10321.32
ext4_video,10321.29
ext4_video,10320.97
sealfs_video,10320.65
sealfs_video,10320.62
sealfs_video,10320.3
sealfs_video,10319.72
ext4_video,10319.6
sealfs_video,10319.56
ext4_video,10319.47
ext4_video,10319.46
ext4_video,10319.43
sealfs_video,10319.42
sealfs_video,10318.59
ext4_video,10318.52
ext4_video,10318.29
sealfs_video,10318.23
ext4_video,10318.15
ext4_video,10317.92
sealfs_video,10317.6
ext4_video,10317.4
sealfs_video,10317.34
ext4_video,10316.79
sealfs_video,10316.74
sealfs_video,10316.66
sealfs_video,10316.56
sealfs_video,10316.43
ext4_video,10316.25
sealfs_video,10316.22
ext4_video,10316.15
ext4_video,10316.02
sealfs_video,10315.78
ext4_video,10315.59
sealfs_video,10315.22
sealfs_video,10315.02
sealfs_video,10314.91
sealfs_video,10314.71
sealfs_video,10314.65
sealfs_video,10314.64
ext4_video,10314.62
ext4_video,10314.4
sealfs_video,10314.29
sealfs_video,10314.15
sealfs_video,10314.14
ext4_video,10314.06
ext4_video,10313.97
sealfs_video,10313.95
sealfs_video,10313.92
sealfs_video,10313.75
ext4_video,10313.72
ext4_video,10313.59
ext4_video,10313.49
ext4_video,10313.34
sealfs_video,10313.31
sealfs_video,10313.25
ext4_video,10313.22
ext4_video,10313.09
sealfs_video,10313
ext4_video,10312.9
ext4_video,10312.7
sealfs_video,10312.7
sealfs_video,10312.03
ext4_video,10312.02
ext4_video,10311.96
ext4_video,10311.91
ext4_video,10311.7
sealfs_video,10311.6
ext4_video,10311.46
sealfs_video,10311.41
sealfs_video,10311.26
ext4_video,10311.04
sealfs_video,10310.98
ext4_video,10310.79
sealfs_video,10310.7
sealfs_video,10310.47
ext4_video,10310.37
sealfs_video,10310.34
sealfs_video,10310.31
ext4_video,10310.27
ext4_video,10310.11
sealfs_video,10309.8
ext4_video,10309.78
ext4_video,10309.78
ext4_video,10309.76
ext4_video,10309.55
ext4_video,10309.52
ext4_video,10309.49
ext4_video,10309.36
ext4_video,10309.31
sealfs_video,10309.13
ext4_video,10309.04
sealfs_video,10308.97
ext4_video,10308.65
ext4_video,10308.27
ext4_video,10308.27
ext4_video,10308.19
sealfs_video,10308.03
sealfs_video,10308.01
sealfs_video,10307.98
sealfs_video,10307.68
ext4_video,10307.35
ext4_video,10307.16
ext4_video,10307.14
ext4_video,10307.03
ext4_video,10306.52
ext4_video,10306.5
ext4_video,10305.9
sealfs_video,10305.18
sealfs_video,10305.15
ext4_video,10304.81
sealfs_video,10304.72
sealfs_video,10304.7
ext4_video,10304.63
ext4_video,10304.47
ext4_video,10304.33
ext4_video,10304.27
ext4_video,10304.25
sealfs_video,10304.12
ext4_video,10304.04
sealfs_video,10303.87
ext4_video,10302.83
ext4_video,10302.62
sealfs_video,10302.41
sealfs_video,10302.31
ext4_video,10302.21
ext4_video,10302.21
sealfs_video,10301.9
ext4_video,10301.67
sealfs_video,10301.48
sealfs_video,10301.33
ext4_video,10301.31
ext4_video,10301.04
ext4_video,10300.87
ext4_video,10300.86
sealfs_video,10300.84
ext4_video,10300.79
ext4_video,10300.31
sealfs_video,10300
sealfs_video,10299.89
ext4_video,10299.66
ext4_video,10299.44
ext4_video,10299.33
ext4_video,10299.06
ext4_video,10298.99
ext4_video,10298.96
sealfs_video,10298.94
ext4_video,10298.25
ext4_video,10298.25
ext4_video,10298.09
ext4_video,10298.08
ext4_video,10297.3
ext4_video,10297.15
ext4_video,10297.08
ext4_video,10296.94
ext4_video,10296.81
ext4_video,10296.78
ext4_video,10296.69
ext4_video,10296.31
sealfs_video,10296.24
ext4_video,10296.06
ext4_video,10296.03
ext4_video,10295.97
sealfs_video,10295.86
ext4_video,10295.52
sealfs_video,10295.4
ext4_video,10295.23
ext4_video,10294.96
ext4_video,10294.96
ext4_video,10294.67
ext4_video,10294.63
ext4_video,10294.57
ext4_video,10294.53
ext4_video,10294.47
sealfs_video,10294.4
ext4_video,10294.37
ext4_video,10294.06
ext4_video,10293.85
sealfs_video,10293.67
ext4_video,10293.23
ext4_video,10293.11
sealfs_video,10293.11
ext4_video,10293.02
sealfs_video,10292.89
ext4_video,10292.84
sealfs_video,10292.62
ext4_video,10292.51
ext4_video,10292.25
sealfs_video,10292.1
sealfs_video,10292.07
ext4_video,10291.61
ext4_video,10291.58
ext4_video,10291.57
ext4_video,10291.54
ext4_video,10291.51
ext4_video,10291.31
sealfs_video,10291.29
ext4_video,10291.27
ext4_video,10291.2
ext4_video,10290.71
ext4_video,10290.44
ext4_video,10290.42
ext4_video,10290.17
ext4_video,10289.82
ext4_video,10289.81
ext4_video,10289.76
ext4_video,10289.75
ext4_video,10289.68
ext4_video,10289.52
ext4_video,10289.32
ext4_video,10289.27
ext4_video,10289.17
sealfs_video,10289.12
ext4_video,10289.04
sealfs_video,10288.94
sealfs_video,10288.63
ext4_video,10288.43
ext4_video,10288.25
ext4_video,10287.89
ext4_video,10287.69
ext4_video,10287.58
ext4_video,10287.15
ext4_video,10287.14
ext4_video,10287.13
ext4_video,10286.83
ext4_video,10286.55
ext4_video,10286.46
ext4_video,10286.42
sealfs_video,10286.25
ext4_video,10286.09
ext4_video,10286.05
ext4_video,10285.92
sealfs_video,10285.54
ext4_video,10285.51
ext4_video,10285.43
ext4_video,10285.33
ext4_video,10285.3
ext4_video,10285.04
ext4_video,10285.01
ext4_video,10284.72
ext4_video,10284.68
ext4_video,10284.59
ext4_video,10284.46
ext4_video,10284.43
ext4_video,10284.4
ext4_video,10283.9
ext4_video,10283.71
ext4_video,10283.61
ext4_video,10283.54
ext4_video,10282.85
ext4_video,10282.71
sealfs_video,10282.67
ext4_video,10282.54
ext4_video,10282.45
ext4_video,10282.45
ext4_video,10282.43
ext4_video,10282.43
sealfs_video,10282.31
ext4_video,10281.91
sealfs_video,10281.9
ext4_video,10281.87
ext4_video,10281.86
ext4_video,10281.51
ext4_video,10280.82
ext4_video,10280.64
ext4_video,10280.58
ext4_video,10280.48
ext4_video,10280.27
sealfs_video,10280.05
sealfs_video,10279.99
ext4_video,10279.6
ext4_video,10279.05
ext4_video,10278.99
ext4_video,10278.92
ext4_video,10278.87
ext4_video,10278.76
sealfs_video,10278.7
ext4_video,10278.64
ext4_video,10278.14
ext4_video,10278.09
sealfs_video,10278
ext4_video,10277.86
ext4_video,10277.8
ext4_video,10277.75
ext4_video,10277.73
ext4_video,10276.93
ext4_video,10276.74
ext4_video,10276.13
ext4_video,10276
ext4_video,10275.72
ext4_video,10275.61
ext4_video,10275.29
ext4_video,10275.27
sealfs_video,10275.07
ext4_video,10274.95
ext4_video,10274.88
ext4_video,10274.44
ext4_video,10274.35
ext4_video,10274.25
sealfs_video,10274.13
ext4_video,10273.79
ext4_video,10273.66
ext4_video,10273.34
ext4_video,10272.89
ext4_video,10272.63
ext4_video,10272.47
ext4_video,10272.37
ext4_video,10272.34
ext4_video,10272.08
ext4_video,10271.77
sealfs_video,10271.52
ext4_video,10271.47
ext4_video,10271.26
ext4_video,10270.82
ext4_video,10270.23
ext4_video,10270.22
ext4_video,10270.19
ext4_video,10269.75
ext4_video,10269.56
ext4_video,10269.54
ext4_video,10269.22
ext4_video,10268.81
ext4_video,10268.76
ext4_video,10268.73
ext4_video,10268.66
ext4_video,10268.66
ext4_video,10268.49
ext4_video,10268.32
sealfs_video,10268.18
ext4_video,10268.15
ext4_video,10267.66
ext4_video,10267.44
ext4_video,10267.25
sealfs_video,10267.21
ext4_video,10266.69
ext4_video,10266.68
ext4_video,10266.59
ext4_video,10266.53
ext4_video,10266.43
ext4_video,10265.23
ext4_video,10265.14
sealfs_video,10264.97
ext4_video,10264.55
ext4_video,10264.44
ext4_video,10264.37
ext4_video,10264.36
ext4_video,10264.35
ext4_video,10264.21
ext4_video,10263.58
ext4_video,10262.93
ext4_video,10262.57
ext4_video,10262.12
ext4_video,10261.99
ext4_video,10261.9
ext4_video,10261.85
ext4_video,10261.72
sealfs_video,10261.09
ext4_video,10260.84
ext4_video,10260.66
ext4_video,10260.53
ext4_video,10260.51
ext4_video,10260.48
ext4_video,10260.47
ext4_video,10260.3
ext4_video,10260.07
ext4_video,10260.04
ext4_video,10259.87
ext4_video,10258.77
ext4_video,10258.66
ext4_video,10258.37
ext4_video,10258.05
ext4_video,10257.63
sealfs_video,10257.5
ext4_video,10257.44
ext4_video,10257.44
sealfs_video,10257.41
ext4_video,10257.38
ext4_video,10257.11
ext4_video,10256.96
ext4_video,10256.84
ext4_video,10256.79
ext4_video,10256.76
ext4_video,10256.36
ext4_video,10256.29
sealfs_video,10255.98
ext4_video,10255.94
ext4_video,10255.84
ext4_video,10255.5
ext4_video,10255.37
ext4_video,10255.28
ext4_video,10255.15
ext4_video,10255.1
ext4_video,10255.06
ext4_video,10255
ext4_video,10254.98
ext4_video,10254.81
ext4_video,10254.72
ext4_video,10254.47
ext4_video,10254.33
ext4_video,10254.32
ext4_video,10254.19
ext4_video,10253.78
ext4_video,10253.75
ext4_video,10253.61
ext4_video,10253.53
ext4_video,10253.29
ext4_video,10253.26
ext4_video,10252.98
ext4_video,10252.41
ext4_video,10252.25
ext4_video,10252.05
ext4_video,10251.95
sealfs_video,10251.91
ext4_video,10251.33
sealfs_video,10251.16
ext4_video,10250.88
ext4_video,10250.66
ext4_video,10250.49
ext4_video,10249.15
ext4_video,10248.99
ext4_video,10248.28
ext4_video,10248.11
ext4_video,10247.7
ext4_video,10247.68
ext4_video,10246.96
ext4_video,10246.18
sealfs_video,10245.98
ext4_video,10245.49
ext4_video,10244.7
ext4_video,10244.6
ext4_video,10244.44
ext4_video,10243.95
ext4_video,10243.86
ext4_video,10243.75
ext4_video,10243.11
ext4_video,10242.52
ext4_video,10242
sealfs_video,10241.16
ext4_video,10240.48
ext4_video,10239.79
ext4_video,10238.73
sealfs_video,10237.8
ext4_video,10237.62
ext4_video,10237.53
ext4_video,10236.78
ext4_video,10236.71
ext4_video,10236.42
ext4_video,10236.35
ext4_video,10235.17
ext4_video,10234.34
ext4_video,10234.33
ext4_video,10234.22
ext4_video,10234.12
ext4_video,10234.03
ext4_video,10233.99
ext4_video,10233.86
sealfs_video,10233.66
ext4_video,10231.93
ext4_video,10230.23
ext4_video,10230.06
ext4_video,10229.99
ext4_video,10229.98
ext4_video,10229.95
ext4_video,10229.51
ext4_video,10229.43
ext4_video,10229.15
ext4_video,10228.83
ext4_video,10228.83
ext4_video,10228.6
ext4_video,10227.47
ext4_video,10227.07
ext4_video,10226.95
ext4_video,10226.56
ext4_video,10226.52
ext4_video,10226.38
ext4_video,10225.91
ext4_video,10225.72
ext4_video,10225.52
sealfs_video,10225.36
ext4_video,10225.32
ext4_video,10225.3
ext4_video,10225.3
ext4_video,10225.27
ext4_video,10225.27
ext4_video,10225.05
ext4_video,10224.93
ext4_video,10224.8
ext4_video,10224.78
ext4_video,10224.72
ext4_video,10224.61
ext4_video,10224.52
ext4_video,10223.69
ext4_video,10223.67
ext4_video,10223.32
ext4_video,10223.09
ext4_video,10223.05
ext4_video,10222.72
ext4_video,10222.6
ext4_video,10222.32
ext4_video,10222.13
ext4_video,10222.12
sealfs_video,10222.01
ext4_video,10221.34
ext4_video,10221.3
ext4_video,10220.99
ext4_video,10220.89
ext4_video,10220.71
ext4_video,10220.67
ext4_video,10220.38
ext4_video,10220.28
ext4_video,10220.02
ext4_video,10219.32
ext4_video,10219.27
ext4_video,10219.19
ext4_video,10219.11
ext4_video,10218.85
ext4_video,10218.65
ext4_video,10218.6
ext4_video,10218.36
ext4_video,10218.31
ext4_video,10218.25
sealfs_video,10217.71
ext4_video,10217.14
ext4_video,10217.06
ext4_video,10216.66
ext4_video,10216.62
ext4_video,10216.37
ext4_video,10216.3
ext4_video,10216.01
ext4_video,10216
ext4_video,10215.56
ext4_video,10215.52
ext4_video,10214.1
ext4_video,10213.96
ext4_video,10212.57
sealfs_video,10212.12
ext4_video,10211.66
ext4_video,10211.6
sealfs_video,10211.03
ext4_video,10210.4
ext4_video,10210.38
ext4_video,10210.34
ext4_video,10210.26
ext4_video,10210.26
ext4_video,10209.71
ext4_video,10209.64
ext4_video,10209.38
ext4_video,10209.17
ext4_video,10209.15
ext4_video,10208.16
ext4_video,10207.96
sealfs_video,10207.93
ext4_video,10207.7
ext4_video,10207.32
ext4_video,10207.16
ext4_video,10206.95
ext4_video,10206.66
ext4_video,10206.27
ext4_video,10206.15
ext4_video,10206.04
sealfs_video,10205.95
ext4_video,10205.33
ext4_video,10205.27
ext4_video,10205.11
ext4_video,10205.03
ext4_video,10204.74
ext4_video,10204.65
ext4_video,10204.59
ext4_video,10204.5
ext4_video,10204.31
ext4_video,10204.23
ext4_video,10203.84
ext4_video,10203.6
ext4_video,10203.46
ext4_video,10203.38
ext4_video,10202.38
ext4_video,10201.67
ext4_video,10201.55
ext4_video,10201.04
ext4_video,10200.9
ext4_video,10200.85
ext4_video,10200.17
ext4_video,10200.12
ext4_video,10199.98
ext4_video,10199.76
ext4_video,10199.61
ext4_video,10198.91
ext4_video,10198.52
ext4_video,10198.48
ext4_video,10198.46
ext4_video,10198.41
ext4_video,10197.5
ext4_video,10197.39
ext4_video,10197.35
ext4_video,10197.31
ext4_video,10197.05
ext4_video,10196.56
ext4_video,10196.05
ext4_video,10195.79
ext4_video,10195.73
ext4_video,10195.4
sealfs_video,10192.72
ext4_video,10191.93
sealfs_video,10191.59
sealfs_video,10190.23
ext4_video,10189.9
ext4_video,10189.64
ext4_video,10189.54
ext4_video,10189.16
ext4_video,10186.92
ext4_video,10186.33
ext4_video,10186.21
ext4_video,10186.21
ext4_video,10186.18
ext4_video,10185.87
ext4_video,10184
ext4_video,10183.42
ext4_video,10183.37
sealfs_video,10183.25
ext4_video,10183.19
ext4_video,10182.81
ext4_video,10181.19
ext4_video,10180.96
ext4_video,10180.42
ext4_video,10179.91
ext4_video,10179.51
ext4_video,10179.22
ext4_video,10178.44
ext4_video,10177.85
ext4_video,10177.55
ext4_video,10177.32
sealfs_video,10177.22
ext4_video,10176.52
ext4_video,10176.13
ext4_video,10175.8
sealfs_video,10175.71
ext4_video,10175.55
ext4_video,10175.41
ext4_video,10174.79
ext4_video,10174.05
ext4_video,10173.85
ext4_video,10173.28
ext4_video,10172.42
sealfs_video,10171.7
ext4_video,10171.47
ext4_video,10171.39
ext4_video,10171.09
ext4_video,10170.73
ext4_video,10169.9
ext4_video,10169.66
ext4_video,10169.14
ext4_video,10169.01
ext4_video,10168.77
ext4_video,10168.51
ext4_video,10167.92
ext4_video,10167.32
ext4_video,10166.84
ext4_video,10166.76
ext4_video,10166.12
ext4_video,10165.74
ext4_video,10165.43
ext4_video,10165.4
ext4_video,10165.28
ext4_video,10165.21
ext4_video,10164.72
ext4_video,10163.09
ext4_video,10161.65
ext4_video,10161.43
ext4_video,10161.4
ext4_video,10160.34
ext4_video,10160.2
ext4_video,10159.12
ext4_video,10158.35
ext4_video,10158.16
ext4_video,10157.95
sealfs_video,10157.29
ext4_video,10156.08
ext4_video,10155.41
ext4_video,10154.05
ext4_video,10153.68
ext4_video,10153.37
ext4_video,10153.25
ext4_video,10153.25
ext4_video,10153.17
ext4_video,10152.48
ext4_video,10151.75
ext4_video,10151.05
ext4_video,10150.93
ext4_video,10150.1
ext4_video,10149.99
ext4_video,10149.52
ext4_video,10149.28
ext4_video,10148.69
sealfs_video,10148.47
ext4_video,10146.83
ext4_video,10146.55
ext4_video,10146.53
ext4_video,10146.29
ext4_video,10145.93
ext4_video,10145.46
ext4_video,10144.41
ext4_video,10143.43
ext4_video,10143.4
ext4_video,10143.25
ext4_video,10143.06
ext4_video,10142.07
ext4_video,10141.66
ext4_video,10141.31
ext4_video,10140.56
sealfs_video,10140.13
ext4_video,10138.83
ext4_video,10138.82
ext4_video,10138.77
ext4_video,10138.61
ext4_video,10138.45
ext4_video,10138.07
ext4_video,10137.88
ext4_video,10137.65
ext4_video,10137.63
sealfs_video,10137.34
ext4_video,10135.06
ext4_video,10134.79
ext4_video,10134.59
ext4_video,10133.07
ext4_video,10132.41
sealfs_video,10131.17
ext4_video,10130.47
ext4_video,10130.42
ext4_video,10129.67
sealfs_video,10129.25
sealfs_video,10129.25
ext4_video,10128.61
sealfs_video,10128.19
sealfs_video,10128.04
sealfs_video,10127.95
ext4_video,10127.87
sealfs_video,10126.6
sealfs_video,10126.59
sealfs_video,10125.62
sealfs_video,10125.36
ext4_video,10124.86
sealfs_video,10124.73
ext4_video,10124.63
ext4_video,10124.28
sealfs_video,10124.22
ext4_video,10124.13
sealfs_video,10123.97
ext4_video,10123.76
sealfs_video,10123.66
sealfs_video,10123.07
ext4_video,10122.71
ext4_video,10122.61
sealfs_video,10122.48
ext4_video,10122.25
sealfs_video,10122.23
ext4_video,10122.12
ext4_video,10122.07
sealfs_video,10121.05
sealfs_video,10120.58
ext4_video,10120.47
ext4_video,10120.27
sealfs_video,10119.69
ext4_video,10119.26
sealfs_video,10119.15
sealfs_video,10119.07
sealfs_video,10118.92
sealfs_video,10118.61
ext4_video,10117.99
ext4_video,10117.41
sealfs_video,10117.38
ext4_video,10117.02
sealfs_video,10116.97
sealfs_video,10116.96
sealfs_video,10116.42
ext4_video,10116.38
ext4_video,10115.71
sealfs_video,10115.67
sealfs_video,10115.61
sealfs_video,10115.36
sealfs_video,10115.11
sealfs_video,10114.95
sealfs_video,10114.75
ext4_video,10114.58
sealfs_video,10114.55
sealfs_video,10114.4
ext4_video,10114.19
sealfs_video,10113.72
ext4_video,10113.59
sealfs_video,10113.54
ext4_video,10113.39
sealfs_video,10113.05
sealfs_video,10113.04
ext4_video,10112.89
sealfs_video,10112.1
ext4_video,10112.05
ext4_video,10111.93
ext4_video,10111.43
sealfs_video,10111.42
sealfs_video,10111.15
sealfs_video,10111.13
sealfs_video,10110.81
sealfs_video,10110.36
sealfs_video,10110.06
sealfs_video,10109.85
ext4_video,10109.62
sealfs_video,10109.54
sealfs_video,10109.42
sealfs_video,10109.35
sealfs_video,10109.28
sealfs_video,10109.12
sealfs_video,10108.49
sealfs_video,10108.37
sealfs_video,10108.06
ext4_video,10108.02
sealfs_video,10107.99
ext4_video,10107.96
sealfs_video,10107.96
sealfs_video,10107.82
sealfs_video,10107.71
sealfs_video,10107.42
ext4_video,10107.23
sealfs_video,10107.19
ext4_video,10106.96
sealfs_video,10106.96
sealfs_video,10106.95
sealfs_video,10106.91
sealfs_video,10106.82
ext4_video,10106.79
sealfs_video,10106.48
ext4_video,10106.18
sealfs_video,10106.11
sealfs_video,10106.01
sealfs_video,10106
sealfs_video,10105.99
sealfs_video,10105.8
sealfs_video,10105.44
ext4_video,10105.33
sealfs_video,10104.97
ext4_video,10104.91
sealfs_video,10104.79
ext4_video,10104.51
ext4_video,10104.43
sealfs_video,10104.19
ext4_video,10104.08
sealfs_video,10103.94
sealfs_video,10103.78
sealfs_video,10103.69
ext4_video,10103.67
sealfs_video,10103.45
ext4_video,10103.39
ext4_video,10103.3
ext4_video,10103.05
sealfs_video,10102.89
sealfs_video,10102.78
sealfs_video,10102.77
sealfs_video,10102.75
sealfs_video,10102.53
sealfs_video,10102.49
ext4_video,10102.45
ext4_video,10102.44
sealfs_video,10102.2
ext4_video,10102.09
ext4_video,10102.09
sealfs_video,10102.04
ext4_video,10101.97
ext4_video,10101.87
ext4_video,10101.82
sealfs_video,10101.71
ext4_video,10101.32
ext4_video,10101.13
sealfs_video,10100.92
ext4_video,10100.78
sealfs_video,10100.58
ext4_video,10100.44
sealfs_video,10100.32
sealfs_video,10100.16
sealfs_video,10100.13
sealfs_video,10100.08
ext4_video,10099.81
ext4_video,10099.64
sealfs_video,10099.47
ext4_video,10099.45
sealfs_video,10099.36
ext4_video,10099.27
sealfs_video,10099.19
ext4_video,10099.17
sealfs_video,10098.77
sealfs_video,10098.4
ext4_video,10098.31
ext4_video,10098.29
sealfs_video,10098.08
ext4_video,10097.93
sealfs_video,10097.89
ext4_video,10097.88
sealfs_video,10097.46
sealfs_video,10097.46
ext4_video,10097.37
sealfs_video,10097.35
sealfs_video,10097.2
sealfs_video,10097.11
sealfs_video,10096.89
sealfs_video,10096.44
ext4_video,10096.37
sealfs_video,10096.19
ext4_video,10095.66
ext4_video,10095.64
sealfs_video,10095.4
ext4_video,10095.07
sealfs_video,10095.07
sealfs_video,10094.5
sealfs_video,10094.5
sealfs_video,10094.49
sealfs_video,10094.45
sealfs_video,10094.39
sealfs_video,10094.09
ext4_video,10094.03
sealfs_video,10093.77
sealfs_video,10093.72
sealfs_video,10093.13
sealfs_video,10093.11
sealfs_video,10092.5
sealfs_video,10092.4
sealfs_video,10092.1
sealfs_video,10091.94
sealfs_video,10091.77
sealfs_video,10091.4
sealfs_video,10091
sealfs_video,10090.74
sealfs_video,10090.26
sealfs_video,10089.78
sealfs_video,10089.71
sealfs_video,10089.67
sealfs_video,10089.65
sealfs_video,10089.62
ext4_video,10089.53
sealfs_video,10089.5
sealfs_video,10089.46
sealfs_video,10089.37
sealfs_video,10089.17
sealfs_video,10089.12
sealfs_video,10088.98
sealfs_video,10088.9
sealfs_video,10088.81
sealfs_video,10088.73
sealfs_video,10088.67
sealfs_video,10088.62
sealfs_video,10087.49
sealfs_video,10087.28
sealfs_video,10087.27
sealfs_video,10086.84
sealfs_video,10086.75
sealfs_video,10086.36
sealfs_video,10086.09
sealfs_video,10085.91
ext4_video,10085.88
sealfs_video,10085.8
sealfs_video,10085.72
sealfs_video,10085.43
sealfs_video,10085.24
ext4_video,10084.9
ext4_video,10084.7
sealfs_video,10084.69
sealfs_video,10084.12
ext4_video,10084.01
sealfs_video,10083.92
sealfs_video,10083.83
sealfs_video,10082.94
ext4_video,10082.91
sealfs_video,10082.5
sealfs_video,10082.14
sealfs_video,10081.58
sealfs_video,10081.22
sealfs_video,10081.05
ext4_video,10080.5
ext4_video,10080.32
sealfs_video,10077.63
sealfs_video,10077.4
sealfs_video,10076.01
sealfs_video,10074.92
sealfs_video,10074.78
sealfs_video,10073.38
sealfs_video,10072.99
sealfs_video,10071.82
sealfs_video,10071.72
sealfs_video,10071.56
sealfs_video,10070.7
sealfs_video,10070.63
sealfs_video,10068.94
sealfs_video,10068.36
sealfs_video,10067.65
sealfs_video,10066.72
ext4_video,10066.58
sealfs_video,10065.19
sealfs_video,10064.75
sealfs_video,10064.64
ext4_video,10064.25
sealfs_video,10063.63
sealfs_video,10062.37
sealfs_video,10061.65
sealfs_video,10060.63
ext4_video,10060.36
sealfs_video,10060.17
sealfs_video,10059.86
sealfs_video,10059.75
sealfs_video,10059.51
sealfs_video,10059.02
sealfs_video,10057.78
sealfs_video,10057.08
sealfs_video,10056.03
sealfs_video,10055.62
sealfs_video,10055.58
sealfs_video,10055.05
sealfs_video,10054.47
sealfs_video,10053.75
ext4_video,10053.32
sealfs_video,10051.22
sealfs_video,10050.63
sealfs_video,10049.46
sealfs_video,10047.69
sealfs_video,10046.75
sealfs_video,10046.67
sealfs_video,10046.56
sealfs_video,10045.99
sealfs_video,10045.71
ext4_video,10045.66
sealfs_video,10041.91
sealfs_video,10038.5
sealfs_video,10032.79
sealfs_video,10031.35
ext4_video,10028.83
ext4_video,10028.56
sealfs_video,10026.53
sealfs_video,10022.76
sealfs_video,10020.69
sealfs_video,10018.99
sealfs_video,10017.56
sealfs_video,10005.62
ext4_video,10003.34
sealfs_video,10002.77
ext4_video,10001.83
sealfs_video,9998.66
sealfs_video,9998.3
sealfs_video,9994.1
sealfs_video,9988.96
sealfs_video,9988.8
ext4_video,9986.17
ext4_video,9985.03
sealfs_video,9984.39
sealfs_video,9979.83
sealfs_video,9957.44
sealfs_video,9952.69
sealfs_video,9944.02
ext4_video,9938.55
ext4_video,9931
sealfs_video,9887.32
sealfs_video,9874.49
ext4_video,9830.28
ext4_video,9817.74
sealfs_video,9767.92
sealfs_video,9665.05
sealfs_video,9617.68
ext4_video,9349.55
ext4_video,8285.18
sealfs_video,8205.01
ext4_video,8203.96
sealfs_video,8090.64
sealfs_video,8042.45
ext4_video,7915.69
ext4_video,7890.68
ext4_video,7836.1
sealfs_video,7781.77
sealfs_video,7779.54
sealfs_video,7778.14
sealfs_video,7778.06
sealfs_video,7777.86
sealfs_video,7777.34
sealfs_video,7777.32
sealfs_video,7777.02
sealfs_video,7776.89
sealfs_video,7776.51
sealfs_video,7776.49
sealfs_video,7776.4
sealfs_video,7776.39
sealfs_video,7775.45
sealfs_video,7774.9
sealfs_video,7774.69
sealfs_video,7774.33
sealfs_video,7774.31
sealfs_video,7773.92
sealfs_video,7773.35
sealfs_video,7773.29
sealfs_video,7773.27
sealfs_video,7772.91
sealfs_video,7772.27
sealfs_video,7771.9
sealfs_video,7771.48
sealfs_video,7771.32
sealfs_video,7770.74
sealfs_video,7770.19
sealfs_video,7770.06
sealfs_video,7769.99
sealfs_video,7769.36
sealfs_video,7769.25
sealfs_video,7769.04
sealfs_video,7768.69
sealfs_video,7768.66
sealfs_video,7767.77
sealfs_video,7767.61
sealfs_video,7767.33
sealfs_video,7766.69
sealfs_video,7765.69
sealfs_video,7765.29
sealfs_video,7765.21
sealfs_video,7765.09
sealfs_video,7764
sealfs_video,7763.8
sealfs_video,7763
sealfs_video,7762.22
sealfs_video,7761.32
sealfs_video,7760.97
sealfs_video,7759.95
sealfs_video,7759.39
sealfs_video,7759.27
sealfs_video,7759.14
sealfs_video,7759.01
sealfs_video,7758.75
sealfs_video,7758.68
sealfs_video,7758.45
sealfs_video,7757.81
sealfs_video,7757.29
sealfs_video,7757.28
sealfs_video,7757.12
sealfs_video,7756.61
sealfs_video,7755.58
sealfs_video,7755.54
sealfs_video,7755.47
sealfs_video,7755.45
sealfs_video,7755.39
sealfs_video,7755.39
sealfs_video,7754.39
sealfs_video,7754.37
sealfs_video,7754.16
sealfs_video,7753.91
sealfs_video,7753.82
sealfs_video,7753.71
sealfs_video,7753.67
sealfs_video,7753.39
sealfs_video,7752.84
sealfs_video,7752.8
sealfs_video,7752.77
sealfs_video,7752.71
sealfs_video,7751.77
sealfs_video,7751.63
sealfs_video,7751.35
sealfs_video,7750.86
sealfs_video,7750.42
sealfs_video,7750.37
sealfs_video,7750.06
sealfs_video,7749.9
sealfs_video,7749.67
sealfs_video,7749.58
sealfs_video,7749.48
sealfs_video,7749.42
sealfs_video,7749.28
sealfs_video,7748.92
sealfs_video,7748.85
sealfs_video,7748.46
sealfs_video,7748.14
sealfs_video,7748.12
sealfs_video,7748
sealfs_video,7747.94
sealfs_video,7747.9
sealfs_video,7747.32
sealfs_video,7746.95
sealfs_video,7746.53
sealfs_video,7746.42
ext4_video,7746.4
sealfs_video,7746.2
sealfs_video,7746.17
sealfs_video,7745.89
sealfs_video,7745.79
sealfs_video,7745.74
sealfs_video,7745.64
ext4_video,7745.39
sealfs_video,7744.93
sealfs_video,7744.69
sealfs_video,7744.43
sealfs_video,7744.34
sealfs_video,7744.17
sealfs_video,7743.98
sealfs_video,7743.85
sealfs_video,7743.76
sealfs_video,7743.28
sealfs_video,7743.2
sealfs_video,7743.03
sealfs_video,7743.01
sealfs_video,7742.84
ext4_video,7742.64
sealfs_video,7742.61
sealfs_video,7742.29
ext4_video,7741.56
sealfs_video,7741.47
sealfs_video,7741.23
sealfs_video,7741.17
sealfs_video,7741.13
ext4_video,7740.94
sealfs_video,7740.87
sealfs_video,7740.75
sealfs_video,7740.75
sealfs_video,7740.3
sealfs_video,7740.14
ext4_video,7739.77
sealfs_video,7739.62
sealfs_video,7739.45
sealfs_video,7739.16
sealfs_video,7739.09
sealfs_video,7739
sealfs_video,7738.61
ext4_video,7738.5
sealfs_video,7738.21
ext4_video,7738.18
sealfs_video,7737.56
sealfs_video,7736.68
sealfs_video,7736.52
ext4_video,7736.24
sealfs_video,7736.22
ext4_video,7736.15
sealfs_video,7735.86
sealfs_video,7735.66
ext4_video,7735.61
sealfs_video,7735.26
sealfs_video,7735.24
sealfs_video,7735.01
ext4_video,7734.44
sealfs_video,7734.41
sealfs_video,7734.33
ext4_video,7734.3
ext4_video,7734.17
ext4_video,7733.81
ext4_video,7733.38
ext4_video,7733.21
sealfs_video,7732.79
sealfs_video,7732.3
ext4_video,7731.91
ext4_video,7731.77
ext4_video,7731.46
ext4_video,7731.05
ext4_video,7731.04
ext4_video,7730.77
sealfs_video,7730.53
ext4_video,7730.48
ext4_video,7730.05
sealfs_video,7729.18
sealfs_video,7729.16
ext4_video,7727.19
ext4_video,7727.14
ext4_video,7727.08
ext4_video,7726.06
ext4_video,7725.47
ext4_video,7725.03
ext4_video,7724.81
ext4_video,7723.46
sealfs_video,7722.36
ext4_video,7721.45
ext4_video,7720.47
ext4_video,7719.96
ext4_video,7719.03
ext4_video,7718.76
ext4_video,7718.04
ext4_video,7717.33
sealfs_video,7717.15
ext4_video,7716.85
sealfs_video,7716.33
ext4_video,7714.68
sealfs_video,7714.46
ext4_video,7714.13
ext4_video,7714.05
sealfs_video,7714.05
ext4_video,7713.96
sealfs_video,7713.87
sealfs_video,7713.86
sealfs_video,7713.59
ext4_video,7713.56
ext4_video,7712.98
ext4_video,7712.04
ext4_video,7711.33
sealfs_video,7710.84
sealfs_video,7710.43
ext4_video,7710.04
sealfs_video,7709.86
ext4_video,7709.78
ext4_video,7709.21
sealfs_video,7709.04
ext4_video,7709.02
sealfs_video,7707.72
ext4_video,7706.8
ext4_video,7706.43
ext4_video,7705.3
sealfs_video,7704.77
sealfs_video,7703.69
ext4_video,7703.16
sealfs_video,7702.73
ext4_video,7701.93
sealfs_video,7701.82
sealfs_video,7701.52
sealfs_video,7700.48
ext4_video,7700.32
sealfs_video,7699.86
ext4_video,7698.87
ext4_video,7698.65
ext4_video,7698.63
sealfs_video,7697.5
ext4_video,7696.41
ext4_video,7696.35
ext4_video,7695.18
ext4_video,7694.09
sealfs_video,7693.78
sealfs_video,7693.34
ext4_video,7692.71
sealfs_video,7691.4
ext4_video,7691.26
ext4_video,7690.99
ext4_video,7690.85
ext4_video,7690.35
sealfs_video,7689.95
ext4_video,7689.86
ext4_video,7689.33
ext4_video,7688.83
ext4_video,7688.14
ext4_video,7687.44
ext4_video,7687.09
sealfs_video,7685.85
ext4_video,7683.6
sealfs_video,7681.57
ext4_video,7681.01
ext4_video,7676.12
ext4_video,7675.96
ext4_video,7675.35
ext4_video,7675.16
ext4_video,7674.38
ext4_video,7673.49
ext4_video,7673.05
ext4_video,7672.31
ext4_video,7669.69
ext4_video,7669.48
ext4_video,7669.46
ext4_video,7667.51
ext4_video,7667.37
ext4_video,7665.51
ext4_video,7665.39
ext4_video,7665.08
ext4_video,7664.19
ext4_video,7663.04
ext4_video,7662.15
ext4_video,7662.15
sealfs_video,7661.24
ext4_video,7661.1
sealfs_video,7659.25
ext4_video,7659.24
ext4_video,7659.18
ext4_video,7658.59
ext4_video,7657.76
ext4_video,7656.48
ext4_video,7656.12
ext4_video,7655.65
ext4_video,7655.25
ext4_video,7655.17
ext4_video,7653.85
ext4_video,7650.72
ext4_video,7649.67
sealfs_video,7649.43
ext4_video,7648.45
sealfs_video,7647.95
ext4_video,7647.09
ext4_video,7646.69
ext4_video,7645.35
ext4_video,7644.52
ext4_video,7644.11
ext4_video,7638.28
ext4_video,7637.2
ext4_video,7636.52
sealfs_video,7634.17
ext4_video,7634.12
ext4_video,7633.92
sealfs_video,7633.2
ext4_video,7633.18
ext4_video,7632.51
ext4_video,7627.74
ext4_video,7627.32
ext4_video,7626.28
ext4_video,7625.84
ext4_video,7625.25
ext4_video,7624.41
ext4_video,7624.29
ext4_video,7622.81
ext4_video,7622.35
ext4_video,7621.42
ext4_video,7621.36
ext4_video,7621.17
sealfs_video,7620.28
ext4_video,7620.18
ext4_video,7619.7
ext4_video,7618.81
ext4_video,7615.84
ext4_video,7614.86
sealfs_video,7613.75
ext4_video,7611.19
ext4_video,7609.72
ext4_video,7608.16
sealfs_video,7607.2
ext4_video,7606.62
ext4_video,7602.46
ext4_video,7601.41
ext4_video,7601.06
ext4_video,7599.18
sealfs_video,7596.9
sealfs_video,7596.43
ext4_video,7596.42
ext4_video,7595.12
sealfs_video,7594.92
ext4_video,7594.88
sealfs_video,7594.43
sealfs_video,7594.35
sealfs_video,7591.94
sealfs_video,7591.53
ext4_video,7590.33
sealfs_video,7589.63
sealfs_video,7589.34
sealfs_video,7588.77
sealfs_video,7588.21
ext4_video,7587.12
sealfs_video,7586.79
sealfs_video,7586.54
ext4_video,7585.66
sealfs_video,7585.25
sealfs_video,7585.05
sealfs_video,7585
ext4_video,7584.16
sealfs_video,7583.78
ext4_video,7583.62
ext4_video,7583.48
sealfs_video,7582.93
sealfs_video,7582.93
sealfs_video,7582.7
ext4_video,7582.66
sealfs_video,7582.4
sealfs_video,7582.22
sealfs_video,7582.2
sealfs_video,7582.14
sealfs_video,7581.35
ext4_video,7580.72
sealfs_video,7580.64
sealfs_video,7580.63
sealfs_video,7580.49
sealfs_video,7580.09
sealfs_video,7580.06
sealfs_video,7580.01
sealfs_video,7580
sealfs_video,7579.77
sealfs_video,7579.3
sealfs_video,7579.02
sealfs_video,7577.72
sealfs_video,7577.57
sealfs_video,7577.27
ext4_video,7577.18
sealfs_video,7576.88
ext4_video,7576
sealfs_video,7575.54
sealfs_video,7575.47
sealfs_video,7575.2
sealfs_video,7574.71
sealfs_video,7573.6
sealfs_video,7573.55
ext4_video,7573.4
sealfs_video,7573.3
sealfs_video,7573.21
sealfs_video,7572.72
sealfs_video,7572.71
sealfs_video,7572.46
sealfs_video,7572.36
sealfs_video,7572.2
sealfs_video,7572.18
ext4_video,7571.62
sealfs_video,7571.32
sealfs_video,7571.26
ext4_video,7571.24
sealfs_video,7570.63
sealfs_video,7570.56
ext4_video,7570.35
sealfs_video,7569.91
sealfs_video,7569.81
sealfs_video,7569.72
sealfs_video,7569.67
sealfs_video,7569.61
sealfs_video,7569.51
sealfs_video,7569.43
sealfs_video,7569.42
sealfs_video,7569.22
sealfs_video,7569
sealfs_video,7568.93
sealfs_video,7568.16
sealfs_video,7568.1
sealfs_video,7567.99
sealfs_video,7567.57
sealfs_video,7567.19
sealfs_video,7566.38
sealfs_video,7566.11
sealfs_video,7565.5
sealfs_video,7565.33
sealfs_video,7565.33
sealfs_video,7564.93
sealfs_video,7564.05
ext4_video,7563.23
sealfs_video,7563.02
sealfs_video,7562.69
sealfs_video,7562.51
sealfs_video,7562
sealfs_video,7561.8
sealfs_video,7560.11
sealfs_video,7559.79
sealfs_video,7559.38
sealfs_video,7558.92
sealfs_video,7558.28
sealfs_video,7556.28
sealfs_video,7556
sealfs_video,7555.84
sealfs_video,7555.71
sealfs_video,7555.47
sealfs_video,7554.55
sealfs_video,7553.15
sealfs_video,7552.16
sealfs_video,7551.28
sealfs_video,7550.07
sealfs_video,7546.86
sealfs_video,7544.65
ext4_video,7543.31
sealfs_video,7540.82
sealfs_video,7539.18
sealfs_video,7539.11
ext4_video,7531.88
sealfs_video,7531.8
sealfs_video,7531.68
sealfs_video,7530.56
sealfs_video,7530.54
sealfs_video,7522.96
sealfs_video,7521.85
sealfs_video,7521.14
sealfs_video,7518.02
sealfs_video,7514.25
sealfs_video,7509.2
ext4_video,7506.72
sealfs_video,7499.41
sealfs_video,7498.32
sealfs_video,7457.93
sealfs_video,7453.63
sealfs_video,7446.09
sealfs_video,7440.24
sealfs_video,7405.4
sealfs_video,7274.77
ext4_audio,116.08
ext4_audio,119.84
ext4_audio,119.9
ext4_audio,115.99
ext4_audio,119.85
ext4_audio,111.41
ext4_audio,123.78
ext4_audio,119.85
ext4_audio,111.91
ext4_audio,119.84
ext4_audio,119.96
ext4_audio,115.99
ext4_audio,119.85
ext4_audio,119.91
ext4_audio,119.83
ext4_audio,111.77
ext4_audio,123.85
ext4_audio,115.85
ext4_audio,119.51
ext4_audio,115.21
ext4_audio,115.96
ext4_audio,123.71
ext4_audio,111.84
ext4_audio,119.94
ext4_audio,119.84
ext4_audio,119.77
ext4_audio,115.9
ext4_audio,119.87
ext4_audio,119.89
ext4_audio,112.18
ext4_audio,119.87
ext4_audio,123.47
ext4_audio,112.17
ext4_audio,119.67
ext4_audio,119.83
ext4_audio,112.15
ext4_audio,123.77
ext4_audio,116.09
ext4_audio,119.84
ext4_audio,115.37
ext4_audio,116.01
ext4_audio,123.73
ext4_audio,112.17
ext4_audio,119.91
ext4_audio,119.85
ext4_audio,112.08
ext4_audio,123.75
ext4_audio,119.51
ext4_audio,119.8
ext4_audio,112.17
ext4_audio,119.79
ext4_audio,123.41
ext4_audio,115.71
ext4_audio,115.47
ext4_audio,115.75
ext4_audio,123.07
ext4_audio,116.06
ext4_audio,116.02
ext4_audio,119.95
ext4_audio,119.76
ext4_audio,116
ext4_audio,119.8
ext4_audio,119.88
ext4_audio,112.11
ext4_audio,119.91
ext4_audio,123.63
ext4_audio,112.14
ext4_audio,119.85
ext4_audio,119.75
ext4_audio,112.19
ext4_audio,123.74
ext4_audio,119.8
ext4_audio,115.99
ext4_audio,115.88
ext4_audio,115.96
ext4_audio,123.23
ext4_audio,115.66
ext4_audio,115.98
ext4_audio,119.85
ext4_audio,119.63
ext4_audio,116.01
ext4_audio,120.01
ext4_audio,119.69
ext4_audio,112.24
ext4_audio,119.89
ext4_audio,123.78
ext4_audio,112.04
ext4_audio,119.82
ext4_audio,119.75
ext4_audio,115.76
ext4_audio,119.87
ext4_audio,116.02
ext4_audio,119.82
ext4_audio,116.01
ext4_audio,116.05
ext4_audio,123.58
ext4_audio,112.13
ext4_audio,119.84
ext4_audio,119.94
ext4_audio,112.11
ext4_audio,123.77
ext4_audio,119.47
ext4_audio,119.91
ext4_audio,112.28
ext4_audio,119.84
ext4_audio,123.66
ext4_audio,112.08
ext4_audio,119.91
ext4_audio,119.87
ext4_audio,116.11
ext4_audio,119.25
ext4_audio,115.97
ext4_audio,119.84
ext4_audio,116.04
ext4_audio,115.96
ext4_audio,123.18
ext4_audio,112.13
ext4_audio,119.71
ext4_audio,119.83
ext4_audio,119.57
ext4_audio,119.86
ext4_audio,119.81
ext4_audio,119.81
ext4_audio,112.21
ext4_audio,119.91
ext4_audio,123.63
ext4_audio,112.1
ext4_audio,119.88
ext4_audio,116.05
ext4_audio,119.51
ext4_audio,119.76
ext4_audio,116.06
ext4_audio,119.92
ext4_audio,112.2
ext4_audio,119.86
ext4_audio,123.83
ext4_audio,112.15
ext4_audio,119.85
ext4_audio,119.58
ext4_audio,119.74
ext4_audio,115.97
ext4_audio,119.77
ext4_audio,119.83
ext4_audio,112.1
ext4_audio,119.86
ext4_audio,127.58
ext4_audio,112.05
ext4_audio,119.91
ext4_audio,115.77
ext4_audio,116.05
ext4_audio,123.75
ext4_audio,116.06
ext4_audio,120.03
ext4_audio,112.12
ext4_audio,123.73
ext4_audio,119.77
ext4_audio,112.16
ext4_audio,119.85
ext4_audio,119.79
ext4_audio,116.03
ext4_audio,119.8
ext4_audio,119.9
ext4_audio,112.11
ext4_audio,120.02
ext4_audio,123.72
ext4_audio,115.62
ext4_audio,115.86
ext4_audio,119.87
ext4_audio,116
ext4_audio,119.93
ext4_audio,116.01
ext4_audio,119.98
ext4_audio,115.39
ext4_audio,115.99
ext4_audio,123.85
ext4_audio,119.86
ext4_audio,112.11
ext4_audio,119.9
ext4_audio,119.77
ext4_audio,119.9
ext4_audio,115.96
ext4_audio,120.08
ext4_audio,112.12
ext4_audio,123.7
ext4_audio,119.73
ext4_audio,111.99
ext4_audio,119.62
ext4_audio,119.84
ext4_audio,119.87
ext4_audio,119.9
ext4_audio,119.82
ext4_audio,119.84
ext4_audio,111.34
ext4_audio,123.79
ext4_audio,116.02
ext4_audio,115.98
ext4_audio,119.78
ext4_audio,116.05
ext4_audio,123.81
ext4_audio,112.09
ext4_audio,119.78
ext4_audio,119.75
ext4_audio,111.47
ext4_audio,123.82
ext4_audio,119.91
ext4_audio,112.12
ext4_audio,119.89
ext4_audio,119.9
ext4_audio,123.81
ext4_audio,112.05
ext4_audio,119.88
ext4_audio,119.86
ext4_audio,112.19
ext4_audio,126.46
ext4_audio,115.81
ext4_audio,119.76
ext4_audio,115.98
ext4_audio,115.94
ext4_audio,123.69
ext4_audio,112.05
ext4_audio,119.83
ext4_audio,119.82
ext4_audio,119.79
ext4_audio,115.89
ext4_audio,119.84
ext4_audio,119.73
ext4_audio,112.01
ext4_audio,119.81
ext4_audio,123.56
ext4_audio,112.05
ext4_audio,119.74
ext4_audio,116
ext4_audio,123.71
ext4_audio,115.94
ext4_audio,116
ext4_audio,119.81
ext4_audio,111.55
ext4_audio,123.69
ext4_audio,119.87
ext4_audio,119.79
ext4_audio,112.04
ext4_audio,119.83
ext4_audio,123.71
ext4_audio,112.1
ext4_audio,119.77
ext4_audio,119.7
ext4_audio,112.07
ext4_audio,123.42
ext4_audio,119.75
ext4_audio,116.03
ext4_audio,115.89
ext4_audio,115.76
ext4_audio,123.64
ext4_audio,115.5
ext4_audio,115.9
ext4_audio,119.88
ext4_audio,119.84
ext4_audio,116.01
ext4_audio,119.83
ext4_audio,119.37
ext4_audio,112.06
ext4_audio,119.92
ext4_audio,127.6
ext4_audio,115.92
ext4_audio,115.56
ext4_audio,119.77
ext4_audio,115.97
ext4_audio,119.94
ext4_audio,115.36
ext4_audio,119.88
ext4_audio,119.68
ext4_audio,112.1
ext4_audio,123.78
ext4_audio,119.63
ext4_audio,112.11
ext4_audio,119.94
ext4_audio,119.8
ext4_audio,116.12
ext4_audio,119.83
ext4_audio,119.31
ext4_audio,119.74
ext4_audio,111.63
ext4_audio,123.63
ext4_audio,115.96
ext4_audio,119.63
ext4_audio,115.98
ext4_audio,115.94
ext4_audio,127.5
ext4_audio,112.13
ext4_audio,119.89
ext4_audio,119.96
ext4_audio,112
ext4_audio,123.73
ext4_audio,119.78
ext4_audio,119.87
ext4_audio,111.74
ext4_audio,119.85
ext4_audio,123.71
ext4_audio,112.05
ext4_audio,119.83
ext4_audio,116.04
ext4_audio,119.25
ext4_audio,119.89
ext4_audio,116
ext4_audio,119.74
ext4_audio,112.12
ext4_audio,119.55
ext4_audio,123.68
ext4_audio,112.23
ext4_audio,119.87
ext4_audio,119.56
ext4_audio,119.83
ext4_audio,119.9
ext4_audio,119.84
ext4_audio,119.86
ext4_audio,112.18
ext4_audio,119.91
ext4_audio,123.79
ext4_audio,112.07
ext4_audio,119.42
ext4_audio,116
ext4_audio,123.32
ext4_audio,115.91
ext4_audio,115.97
ext4_audio,119.76
ext4_audio,111.98
ext4_audio,123.63
ext4_audio,119.77
ext4_audio,119.68
ext4_audio,111.75
ext4_audio,119.84
ext4_audio,123.88
ext4_audio,111.32
ext4_audio,119.71
ext4_audio,119.74
ext4_audio,115.86
ext4_audio,119.81
ext4_audio,115.99
ext4_audio,119.86
ext4_audio,115.98
ext4_audio,115.88
ext4_audio,123.51
ext4_audio,119.71
ext4_audio,112.05
ext4_audio,119.77
ext4_audio,119.95
ext4_audio,115.97
ext4_audio,119.81
ext4_audio,119.87
ext4_audio,112.09
ext4_audio,119.85
ext4_audio,123.74
ext4_audio,112.1
ext4_audio,119.85
ext4_audio,119.86
ext4_audio,116.01
ext4_audio,119.95
ext4_audio,116.06
ext4_audio,116.17
ext4_audio,119.27
ext4_audio,119.1
ext4_audio,115.78
ext4_audio,119.91
ext4_audio,119.84
ext4_audio,119.95
ext4_audio,112.16
ext4_audio,123.72
ext4_audio,119.91
ext4_audio,112.13
ext4_audio,119.85
ext4_audio,119.81
ext4_audio,116.06
ext4_audio,119.89
ext4_audio,115.92
ext4_audio,116.02
ext4_audio,119.9
ext4_audio,119.94
ext4_audio,116
ext4_audio,116.05
ext4_audio,119.85
ext4_audio,119.77
ext4_audio,116.09
ext4_audio,119.82
ext4_audio,119.79
ext4_audio,112.18
ext4_audio,120.02
ext4_audio,123.71
ext4_audio,112.11
ext4_audio,119.87
ext4_audio,119.86
ext4_audio,112.12
ext4_audio,123.82
ext4_audio,119.98
ext4_audio,112.12
ext4_audio,119.88
ext4_audio,115.96
ext4_audio,123.73
ext4_audio,116.01
ext4_audio,115.84
ext4_audio,119.78
ext4_audio,116
ext4_audio,119.94
ext4_audio,119.91
ext4_audio,112.17
ext4_audio,119.96
ext4_audio,119.83
ext4_audio,115.96
ext4_audio,119.84
ext4_audio,119.54
ext4_audio,119.87
ext4_audio,112.15
ext4_audio,122.87
ext4_audio,119.33
ext4_audio,115.96
ext4_audio,116.04
ext4_audio,119.83
ext4_audio,119.79
ext4_audio,116.05
ext4_audio,116.03
ext4_audio,119.95
ext4_audio,116.07
ext4_audio,119.86
ext4_audio,119.48
ext4_audio,119.21
ext4_audio,112.12
ext4_audio,123.82
ext4_audio,119.17
ext4_audio,115.85
ext4_audio,115.94
ext4_audio,119.76
ext4_audio,119.9
ext4_audio,116.01
ext4_audio,119.76
ext4_audio,116.05
ext4_audio,116.12
ext4_audio,119.9
ext4_audio,120.07
ext4_audio,116.06
ext4_audio,116.05
ext4_audio,119.9
ext4_audio,116.08
ext4_audio,119.79
ext4_audio,119.84
ext4_audio,119.76
ext4_audio,111.25
ext4_audio,123.78
ext4_audio,119.93
ext4_audio,112.11
ext4_audio,119.99
ext4_audio,119.93
ext4_audio,116.04
ext4_audio,119.8
ext4_audio,115.99
ext4_audio,119.91
ext4_audio,115.91
ext4_audio,119.07
ext4_audio,119.93
ext4_audio,112.11
ext4_audio,119.69
ext4_audio,119.89
ext4_audio,123.79
ext4_audio,112.17
ext4_audio,119.2
ext4_audio,119.91
ext4_audio,112.23
ext4_audio,123.83
ext4_audio,119.86
ext4_audio,115.88
ext4_audio,115.6
ext4_audio,119.87
ext4_audio,119.81
ext4_audio,115.99
ext4_audio,115.89
ext4_audio,119.9
ext4_audio,116.05
ext4_audio,119.61
ext4_audio,119.64
ext4_audio,119.51
ext4_audio,112.08
ext4_audio,118.98
ext4_audio,123.72
ext4_audio,119.84
ext4_audio,112.23
ext4_audio,119.84
ext4_audio,115.95
ext4_audio,119.89
ext4_audio,119.86
ext4_audio,115.47
ext4_audio,115.92
ext4_audio,115.95
ext4_audio,123.67
ext4_audio,119.9
ext4_audio,111.47
ext4_audio,119.9
ext4_audio,119.54
ext4_audio,115.97
ext4_audio,119.73
ext4_audio,119.78
ext4_audio,119.82
ext4_audio,112.09
ext4_audio,123.92
ext4_audio,119.75
ext4_audio,112.07
ext4_audio,119.83
ext4_audio,119.76
ext4_audio,115.72
ext4_audio,119.78
ext4_audio,116.06
ext4_audio,119.86
ext4_audio,116.17
ext4_audio,119.92
ext4_audio,119.78
ext4_audio,112.16
ext4_audio,120
ext4_audio,123.71
ext4_audio,112.25
ext4_audio,119.93
ext4_audio,119.84
ext4_audio,112.16
ext4_audio,123.76
ext4_audio,119.46
ext4_audio,112.24
ext4_audio,119.87
ext4_audio,119.85
ext4_audio,119.86
ext4_audio,116.01
ext4_audio,116.01
ext4_audio,119.93
ext4_audio,116.01
ext4_audio,119.97
ext4_audio,119.9
ext4_audio,112.21
ext4_audio,119.93
ext4_audio,119.74
ext4_audio,116.06
ext4_audio,119.88
ext4_audio,119.9
ext4_audio,120.11
ext4_audio,119.85
ext4_audio,115.73
ext4_audio,119.79
ext4_audio,116.03
ext4_audio,115.93
ext4_audio,119.77
ext4_audio,119.8
ext4_audio,115.95
ext4_audio,115.94
ext4_audio,119.78
ext4_audio,119.82
ext4_audio,115.95
ext4_audio,119.86
ext4_audio,119.79
ext4_audio,112.09
ext4_audio,119.91
ext4_audio,127.59
ext4_audio,112.12
ext4_audio,119.85
ext4_audio,119.78
ext4_audio,112.21
ext4_audio,123.68
ext4_audio,119.69
ext4_audio,115.95
ext4_audio,115.9
ext4_audio,119.77
ext4_audio,119.88
ext4_audio,115.98
ext4_audio,115.91
ext4_audio,119.79
ext4_audio,115.98
ext4_audio,119.79
ext4_audio,119.79
ext4_audio,119.73
ext4_audio,112
ext4_audio,123.73
ext4_audio,119.87
ext4_audio,112.02
ext4_audio,119.74
ext4_audio,119.87
ext4_audio,115.92
ext4_audio,119.83
ext4_audio,119.71
ext4_audio,115.32
ext4_audio,115.88
ext4_audio,119.77
ext4_audio,119.84
ext4_audio,119.79
ext4_audio,112.07
ext4_audio,119.83
ext4_audio,123.43
ext4_audio,112.08
ext4_audio,119.8
ext4_audio,119.79
ext4_audio,112.1
ext4_audio,123.79
ext4_audio,119.87
ext4_audio,115.98
ext4_audio,115.96
ext4_audio,119.83
ext4_audio,119.85
ext4_audio,115.96
ext4_audio,115.93
ext4_audio,119.73
ext4_audio,115.99
ext4_audio,119.88
ext4_audio,119.76
ext4_audio,119.83
ext4_audio,112
ext4_audio,119.9
ext4_audio,123.79
ext4_audio,111.3
ext4_audio,119.7
ext4_audio,119.7
ext4_audio,119.7
ext4_audio,115.86
ext4_audio,119.78
ext4_audio,115.94
ext4_audio,115.99
ext4_audio,119.75
ext4_audio,119.81
ext4_audio,119.77
ext4_audio,111.78
ext4_audio,119.82
ext4_audio,119.77
ext4_audio,115.89
ext4_audio,119.88
ext4_audio,119.75
ext4_audio,112.09
ext4_audio,119.79
ext4_audio,126.6
ext4_audio,119.51
ext4_audio,112.16
ext4_audio,119.76
ext4_audio,115.92
ext4_audio,123.68
ext4_audio,115.89
ext4_audio,115.74
ext4_audio,119.86
ext4_audio,112.08
ext4_audio,123.62
ext4_audio,119.75
ext4_audio,119.77
ext4_audio,112.14
ext4_audio,119.79
ext4_audio,123.65
ext4_audio,112.12
ext4_audio,119.79
ext4_audio,119.82
ext4_audio,111.98
ext4_audio,123.28
ext4_audio,119.75
ext4_audio,115.9
ext4_audio,115.84
ext4_audio,123.64
ext4_audio,119.83
ext4_audio,115.79
ext4_audio,115.66
ext4_audio,119.77
ext4_audio,123.69
ext4_audio,112
ext4_audio,119.9
ext4_audio,119.84
ext4_audio,112.07
ext4_audio,123.69
ext4_audio,119.77
ext4_audio,115.93
ext4_audio,115.91
ext4_audio,119.82
ext4_audio,119.84
ext4_audio,115.97
ext4_audio,115.88
ext4_audio,119.8
ext4_audio,115.99
ext4_audio,119.81
ext4_audio,119.75
ext4_audio,119.69
ext4_audio,112.05
ext4_audio,119.88
ext4_audio,123.55
ext4_audio,111.99
ext4_audio,119.7
ext4_audio,119.46
ext4_audio,119.88
ext4_audio,115.87
ext4_audio,119.8
ext4_audio,116.04
ext4_audio,115.92
ext4_audio,119.31
ext4_audio,119.78
ext4_audio,119.77
ext4_audio,112.06
ext4_audio,119.83
ext4_audio,119.8
ext4_audio,115.94
ext4_audio,119.78
ext4_audio,119.75
ext4_audio,112.06
ext4_audio,119.65
ext4_audio,123.59
ext4_audio,119.71
ext4_audio,112.01
ext4_audio,119.74
ext4_audio,115.9
ext4_audio,119.81
ext4_audio,119.72
ext4_audio,115.94
ext4_audio,119.81
ext4_audio,111.97
ext4_audio,123.64
ext4_audio,119.72
ext4_audio,111.78
ext4_audio,119.78
ext4_audio,119.79
ext4_audio,123.8
ext4_audio,112.15
ext4_audio,119.54
ext4_audio,119.9
ext4_audio,93.73
ext4_audio,116.09
ext4_audio,119.92
ext4_audio,123.75
ext4_audio,115.1
ext4_audio,119.85
ext4_audio,116.03
ext4_audio,119.92
ext4_audio,115.8
ext4_audio,119.85
ext4_audio,119.99
ext4_audio,112.23
ext4_audio,119.49
ext4_audio,123.81
ext4_audio,112.14
ext4_audio,120.01
ext4_audio,119.85
ext4_audio,112.13
ext4_audio,123.79
ext4_audio,119.89
ext4_audio,112.13
ext4_audio,119.8
ext4_audio,119.91
ext4_audio,119.93
ext4_audio,116.01
ext4_audio,116.08
ext4_audio,119.92
ext4_audio,116
ext4_audio,119.93
ext4_audio,119.99
ext4_audio,112.18
ext4_audio,119.97
ext4_audio,119.83
ext4_audio,116.09
ext4_audio,119.88
ext4_audio,119.98
ext4_audio,112.21
ext4_audio,119.9
ext4_audio,123.75
ext4_audio,111.92
ext4_audio,119.87
ext4_audio,119.73
ext4_audio,119.87
ext4_audio,115.96
ext4_audio,119.87
ext4_audio,116.02
ext4_audio,116.15
ext4_audio,123.73
ext4_audio,116.12
ext4_audio,116.03
ext4_audio,116.07
ext4_audio,119.94
ext4_audio,119.91
ext4_audio,116.02
ext4_audio,119.92
ext4_audio,112.13
ext4_audio,119.91
ext4_audio,123.74
ext4_audio,112.15
ext4_audio,119.89
ext4_audio,119.94
ext4_audio,119.58
ext4_audio,116.03
ext4_audio,119.87
ext4_audio,119.81
ext4_audio,112.16
ext4_audio,119.85
ext4_audio,119.87
ext4_audio,115.88
ext4_audio,119.84
ext4_audio,115.99
ext4_audio,116.02
ext4_audio,119.96
ext4_audio,119.92
ext4_audio,119.9
ext4_audio,112.13
ext4_audio,120.02
ext4_audio,127.72
ext4_audio,112.18
ext4_audio,119.94
ext4_audio,119.92
ext4_audio,112.23
ext4_audio,123.72
ext4_audio,119.89
ext4_audio,112.18
ext4_audio,119.1
ext4_audio,119.9
ext4_audio,119.95
ext4_audio,115.98
ext4_audio,119.95
ext4_audio,116.04
ext4_audio,116.07
ext4_audio,119.87
ext4_audio,119.63
ext4_audio,116.16
ext4_audio,116.05
ext4_audio,119.93
ext4_audio,116.06
ext4_audio,119.88
ext4_audio,119.87
ext4_audio,112.13
ext4_audio,119.88
ext4_audio,123.8
ext4_audio,119.88
ext4_audio,111.53
ext4_audio,119.79
ext4_audio,119.87
ext4_audio,116.01
ext4_audio,119.91
ext4_audio,116.06
ext4_audio,116.08
ext4_audio,119.89
ext4_audio,119.96
ext4_audio,119.88
ext4_audio,111.24
ext4_audio,120.01
ext4_audio,119.93
ext4_audio,116.06
ext4_audio,119.91
ext4_audio,119.93
ext4_audio,111.9
ext4_audio,119.91
ext4_audio,123.72
ext4_audio,112.22
ext4_audio,119.8
ext4_audio,119.93
ext4_audio,119.99
ext4_audio,119.88
ext4_audio,119.83
ext4_audio,115.69
ext4_audio,116.02
ext4_audio,119.94
ext4_audio,119.9
ext4_audio,115.97
ext4_audio,116.12
ext4_audio,119.96
ext4_audio,116.06
ext4_audio,119.82
ext4_audio,119.83
ext4_audio,119.86
ext4_audio,111.86
ext4_audio,119.88
ext4_audio,123.3
ext4_audio,112.11
ext4_audio,119.82
ext4_audio,119.5
ext4_audio,119.88
ext4_audio,116.06
ext4_audio,119.89
ext4_audio,116.11
ext4_audio,115.6
ext4_audio,123.78
ext4_audio,119.92
ext4_audio,116.08
ext4_audio,116
ext4_audio,119.89
ext4_audio,116.1
ext4_audio,119.91
ext4_audio,119.65
ext4_audio,112.11
ext4_audio,119.84
ext4_audio,123.77
ext4_audio,119.18
ext4_audio,112.18
ext4_audio,119.94
ext4_audio,119.88
ext4_audio,119.01
ext4_audio,116.03
ext4_audio,119.89
ext4_audio,116.03
ext4_audio,115.99
ext4_audio,119.86
ext4_audio,119.9
ext4_audio,116.05
ext4_audio,116.02
ext4_audio,119.96
ext4_audio,116.02
ext4_audio,119.89
ext4_audio,119.81
ext4_audio,112.14
sealfs_audio,91.74
sealfs_audio,112.24
sealfs_audio,119.91
sealfs_audio,123.82
sealfs_audio,119.8
sealfs_audio,123.67
sealfs_audio,119.85
sealfs_audio,119.84
sealfs_audio,116.13
sealfs_audio,127.54
sealfs_audio,115.92
sealfs_audio,119.94
sealfs_audio,119
sealfs_audio,115.87
sealfs_audio,130.83
sealfs_audio,115.99
sealfs_audio,119.83
sealfs_audio,119.96
sealfs_audio,112.2
sealfs_audio,131.66
sealfs_audio,119.85
sealfs_audio,112.15
sealfs_audio,123.71
sealfs_audio,119.08
sealfs_audio,127.59
sealfs_audio,116.12
sealfs_audio,119.3
sealfs_audio,123.75
sealfs_audio,116.05
sealfs_audio,123.71
sealfs_audio,119.99
sealfs_audio,119.9
sealfs_audio,116.08
sealfs_audio,119.47
sealfs_audio,135.47
sealfs_audio,112.21
sealfs_audio,123
sealfs_audio,118.99
sealfs_audio,123.33
sealfs_audio,127.26
sealfs_audio,112.01
sealfs_audio,123.26
sealfs_audio,115.59
sealfs_audio,118.89
sealfs_audio,127.19
sealfs_audio,115.2
sealfs_audio,118.98
sealfs_audio,123.71
sealfs_audio,112.07
sealfs_audio,131.46
sealfs_audio,118.98
sealfs_audio,119.54
sealfs_audio,116
sealfs_audio,119.95
sealfs_audio,127.65
sealfs_audio,116.06
sealfs_audio,119.88
sealfs_audio,116.08
sealfs_audio,123.77
sealfs_audio,122.7
sealfs_audio,118.92
sealfs_audio,118.91
sealfs_audio,118.91
sealfs_audio,122.81
sealfs_audio,122.61
sealfs_audio,118.95
sealfs_audio,118.88
sealfs_audio,115.91
sealfs_audio,118.52
sealfs_audio,130.79
sealfs_audio,112.09
sealfs_audio,123.91
sealfs_audio,119.56
sealfs_audio,119.22
sealfs_audio,126.57
sealfs_audio,115.12
sealfs_audio,119.13
sealfs_audio,119.21
sealfs_audio,119.26
sealfs_audio,131.35
sealfs_audio,111.52
sealfs_audio,119.87
sealfs_audio,123.7
sealfs_audio,112.12
sealfs_audio,127.6
sealfs_audio,123.6
sealfs_audio,112.05
sealfs_audio,119.82
sealfs_audio,131.36
sealfs_audio,116.05
sealfs_audio,119.77
sealfs_audio,115.77
sealfs_audio,119.77
sealfs_audio,127.63
sealfs_audio,116.08
sealfs_audio,119.47
sealfs_audio,123.67
sealfs_audio,112.12
sealfs_audio,127.64
sealfs_audio,123.87
sealfs_audio,111.57
sealfs_audio,123.2
sealfs_audio,119.35
sealfs_audio,127.15
sealfs_audio,116.07
sealfs_audio,119.89
sealfs_audio,115.99
sealfs_audio,119.84
sealfs_audio,127.54
sealfs_audio,115.96
sealfs_audio,123.74
sealfs_audio,112.25
sealfs_audio,123.35
sealfs_audio,127.01
sealfs_audio,119.55
sealfs_audio,115.44
sealfs_audio,119.92
sealfs_audio,119.87
sealfs_audio,126.99
sealfs_audio,115.52
sealfs_audio,119.37
sealfs_audio,119.39
sealfs_audio,119.39
sealfs_audio,123.18
sealfs_audio,119.31
sealfs_audio,119.91
sealfs_audio,116.02
sealfs_audio,119.86
sealfs_audio,127.69
sealfs_audio,123.72
sealfs_audio,112.17
sealfs_audio,119.92
sealfs_audio,123.57
sealfs_audio,122.92
sealfs_audio,119.32
sealfs_audio,119.37
sealfs_audio,115.98
sealfs_audio,119.87
sealfs_audio,123.75
sealfs_audio,119.9
sealfs_audio,119.84
sealfs_audio,115.92
sealfs_audio,119.93
sealfs_audio,131.36
sealfs_audio,112.15
sealfs_audio,123.72
sealfs_audio,119.8
sealfs_audio,112.26
sealfs_audio,131.51
sealfs_audio,119.95
sealfs_audio,112.09
sealfs_audio,123.72
sealfs_audio,119.91
sealfs_audio,119.9
sealfs_audio,123.77
sealfs_audio,115.82
sealfs_audio,119.83
sealfs_audio,119.87
sealfs_audio,122.89
sealfs_audio,123.74
sealfs_audio,112.12
sealfs_audio,119.89
sealfs_audio,123.71
sealfs_audio,119.86
sealfs_audio,119.84
sealfs_audio,123.78
sealfs_audio,119.93
sealfs_audio,116.07
sealfs_audio,127.53
sealfs_audio,119.73
sealfs_audio,115.89
sealfs_audio,119.9
sealfs_audio,119.86
sealfs_audio,123.73
sealfs_audio,119.87
sealfs_audio,115.9
sealfs_audio,119.91
sealfs_audio,127.63
sealfs_audio,119.74
sealfs_audio,119.92
sealfs_audio,120
sealfs_audio,115.89
sealfs_audio,122.99
sealfs_audio,112.24
sealfs_audio,127.18
sealfs_audio,123.61
sealfs_audio,112
sealfs_audio,119.82
sealfs_audio,123.77
sealfs_audio,119.78
sealfs_audio,123.64
sealfs_audio,119.88
sealfs_audio,118.86
sealfs_audio,115.95
sealfs_audio,127.44
sealfs_audio,119.78
sealfs_audio,119.79
sealfs_audio,115.97
sealfs_audio,116.01
sealfs_audio,131.38
sealfs_audio,116
sealfs_audio,119.88
sealfs_audio,119.79
sealfs_audio,112.13
sealfs_audio,131.46
sealfs_audio,119.99
sealfs_audio,111.97
sealfs_audio,123.74
sealfs_audio,119.35
sealfs_audio,127.42
sealfs_audio,115.26
sealfs_audio,119.81
sealfs_audio,123.74
sealfs_audio,115.91
sealfs_audio,123.62
sealfs_audio,119.76
sealfs_audio,119.2
sealfs_audio,119.8
sealfs_audio,115.86
sealfs_audio,127.57
sealfs_audio,119.72
sealfs_audio,115.92
sealfs_audio,119.89
sealfs_audio,123.71
sealfs_audio,119.68
sealfs_audio,119.84
sealfs_audio,123.73
sealfs_audio,119.17
sealfs_audio,112.05
sealfs_audio,130.41
sealfs_audio,115.94
sealfs_audio,119.79
sealfs_audio,119.94
sealfs_audio,123.71
sealfs_audio,123.61
sealfs_audio,112.02
sealfs_audio,119.89
sealfs_audio,123.09
sealfs_audio,127.49
sealfs_audio,112.05
sealfs_audio,123.64
sealfs_audio,119.9
sealfs_audio,112.07
sealfs_audio,131.39
sealfs_audio,119.94
sealfs_audio,115.9
sealfs_audio,119.83
sealfs_audio,115.93
sealfs_audio,131.45
sealfs_audio,115.94
sealfs_audio,115.91
sealfs_audio,123.75
sealfs_audio,112.11
sealfs_audio,127.54
sealfs_audio,123.68
sealfs_audio,112.09
sealfs_audio,123.66
sealfs_audio,119.84
sealfs_audio,127.65
sealfs_audio,115.86
sealfs_audio,119.2
sealfs_audio,119.71
sealfs_audio,115.98
sealfs_audio,131.27
sealfs_audio,119.82
sealfs_audio,119.85
sealfs_audio,115.85
sealfs_audio,118.91
sealfs_audio,127.52
sealfs_audio,119.9
sealfs_audio,115.98
sealfs_audio,119.85
sealfs_audio,119.87
sealfs_audio,123.68
sealfs_audio,119.95
sealfs_audio,119.96
sealfs_audio,115.87
sealfs_audio,119.81
sealfs_audio,131.47
sealfs_audio,115.97
sealfs_audio,115.46
sealfs_audio,123.07
sealfs_audio,115.4
sealfs_audio,127.05
sealfs_audio,115.47
sealfs_audio,119.78
sealfs_audio,119.71
sealfs_audio,123.12
sealfs_audio,126.96
sealfs_audio,123.26
sealfs_audio,119.2
sealfs_audio,119.22
sealfs_audio,119.28
sealfs_audio,123.1
sealfs_audio,115.4
sealfs_audio,122.7
sealfs_audio,119.36
sealfs_audio,123.15
sealfs_audio,119.23
sealfs_audio,119.37
sealfs_audio,123.12
sealfs_audio,115.47
sealfs_audio,119.15
sealfs_audio,127.04
sealfs_audio,115.68
sealfs_audio,119.49
sealfs_audio,123.74
sealfs_audio,112.07
sealfs_audio,131.4
sealfs_audio,119.76
sealfs_audio,112.14
sealfs_audio,123.73
sealfs_audio,119.82
sealfs_audio,123.61
sealfs_audio,119.23
sealfs_audio,119.33
sealfs_audio,115.55
sealfs_audio,127.56
sealfs_audio,119.88
sealfs_audio,119.92
sealfs_audio,119.75
sealfs_audio,112.09
sealfs_audio,131.37
sealfs_audio,119.81
sealfs_audio,112
sealfs_audio,123.76
sealfs_audio,119.82
sealfs_audio,119.76
sealfs_audio,123.7
sealfs_audio,119.84
sealfs_audio,123.55
sealfs_audio,112.13
sealfs_audio,127.51
sealfs_audio,119.57
sealfs_audio,115.97
sealfs_audio,119.86
sealfs_audio,119.79
sealfs_audio,123.67
sealfs_audio,116.07
sealfs_audio,123.77
sealfs_audio,119.66
sealfs_audio,115.68
sealfs_audio,127.29
sealfs_audio,119.94
sealfs_audio,123.67
sealfs_audio,111.72
sealfs_audio,119.85
sealfs_audio,131.42
sealfs_audio,112.13
sealfs_audio,119.81
sealfs_audio,123.66
sealfs_audio,112.19
sealfs_audio,131.59
sealfs_audio,115.83
sealfs_audio,115.99
sealfs_audio,123.69
sealfs_audio,115.95
sealfs_audio,127.54
sealfs_audio,115.94
sealfs_audio,120.01
sealfs_audio,123.48
sealfs_audio,119.81
sealfs_audio,116
sealfs_audio,119.13
sealfs_audio,123.37
sealfs_audio,127.61
sealfs_audio,119.81
sealfs_audio,123.6
sealfs_audio,111.87
sealfs_audio,123.58
sealfs_audio,127.54
sealfs_audio,119.49
sealfs_audio,115.94
sealfs_audio,119.77
sealfs_audio,119.78
sealfs_audio,123.71
sealfs_audio,119.72
sealfs_audio,115.8
sealfs_audio,123.65
sealfs_audio,115.91
sealfs_audio,127.5
sealfs_audio,119.86
sealfs_audio,112.13
sealfs_audio,123.26
sealfs_audio,118.83
sealfs_audio,126.53
sealfs_audio,122.94
sealfs_audio,114.95
sealfs_audio,118.88
sealfs_audio,114.95
sealfs_audio,130.31
sealfs_audio,122.68
sealfs_audio,118.72
sealfs_audio,117.45
sealfs_audio,118.84
sealfs_audio,126.45
sealfs_audio,118.76
sealfs_audio,115.92
sealfs_audio,119.92
sealfs_audio,123.81
sealfs_audio,126.51
sealfs_audio,115.17
sealfs_audio,119.22
sealfs_audio,119.28
sealfs_audio,115.37
sealfs_audio,130.8
sealfs_audio,119.23
sealfs_audio,111.54
sealfs_audio,123.17
sealfs_audio,119.17
sealfs_audio,131.01
sealfs_audio,111.74
sealfs_audio,119.57
sealfs_audio,123.12
sealfs_audio,123.46
sealfs_audio,115.95
sealfs_audio,119.64
sealfs_audio,119.33
sealfs_audio,119.19
sealfs_audio,123.02
sealfs_audio,119.81
sealfs_audio,123.63
sealfs_audio,119.87
sealfs_audio,112.12
sealfs_audio,131.47
sealfs_audio,119.8
sealfs_audio,112.08
sealfs_audio,123.7
sealfs_audio,116.02
sealfs_audio,123.74
sealfs_audio,123.09
sealfs_audio,115.32
sealfs_audio,123.07
sealfs_audio,119.23
sealfs_audio,126.93
sealfs_audio,115.34
sealfs_audio,118.84
sealfs_audio,119.22
sealfs_audio,119.87
sealfs_audio,130.95
sealfs_audio,119.3
sealfs_audio,119.29
sealfs_audio,119.33
sealfs_audio,123.65
sealfs_audio,119.37
sealfs_audio,119.38
sealfs_audio,123.14
sealfs_audio,112.2
sealfs_audio,119.78
sealfs_audio,131.49
sealfs_audio,116
sealfs_audio,115.92
sealfs_audio,123.67
sealfs_audio,115.71
sealfs_audio,127.56
sealfs_audio,115.97
sealfs_audio,119.33
sealfs_audio,123.12
sealfs_audio,111.63
sealfs_audio,127.56
sealfs_audio,123.74
sealfs_audio,119.46
sealfs_audio,111.61
sealfs_audio,123.71
sealfs_audio,127.52
sealfs_audio,119.18
sealfs_audio,115.41
sealfs_audio,119.74
sealfs_audio,119.74
sealfs_audio,127.45
sealfs_audio,111.51
sealfs_audio,123.17
sealfs_audio,119.74
sealfs_audio,123.58
sealfs_audio,119.69
sealfs_audio,119.79
sealfs_audio,123.56
sealfs_audio,111.97
sealfs_audio,119.69
sealfs_audio,131.36
sealfs_audio,115.88
sealfs_audio,115.83
sealfs_audio,119.67
sealfs_audio,119.79
sealfs_audio,123.24
sealfs_audio,119.33
sealfs_audio,119.73
sealfs_audio,123.59
sealfs_audio,112.03
sealfs_audio,131.49
sealfs_audio,123.33
sealfs_audio,119.76
sealfs_audio,112.03
sealfs_audio,131.27
sealfs_audio,119.72
sealfs_audio,115.87
sealfs_audio,119.76
sealfs_audio,115.94
sealfs_audio,127.45
sealfs_audio,119.76
sealfs_audio,115.87
sealfs_audio,123.67
sealfs_audio,111.54
sealfs_audio,127.08
sealfs_audio,123.08
sealfs_audio,119.24
sealfs_audio,123.12
sealfs_audio,111.53
sealfs_audio,126.95
sealfs_audio,119.71
sealfs_audio,119.73
sealfs_audio,115.99
sealfs_audio,118.82
sealfs_audio,134.75
sealfs_audio,119.18
sealfs_audio,123.38
sealfs_audio,111.9
sealfs_audio,123.68
sealfs_audio,127.59
sealfs_audio,112.04
sealfs_audio,123.49
sealfs_audio,115.63
sealfs_audio,119.67
sealfs_audio,127.47
sealfs_audio,115.99
sealfs_audio,119.69
sealfs_audio,119.84
sealfs_audio,115.85
sealfs_audio,131.32
sealfs_audio,119.7
sealfs_audio,111.91
sealfs_audio,123.65
sealfs_audio,119.72
sealfs_audio,126.88
sealfs_audio,115.34
sealfs_audio,119.32
sealfs_audio,115.39
sealfs_audio,123.73
sealfs_audio,120.04
sealfs_audio,123.73
sealfs_audio,112.13
sealfs_audio,119.94
sealfs_audio,131.46
sealfs_audio,112.11
sealfs_audio,123.69
sealfs_audio,119.87
sealfs_audio,112.07
sealfs_audio,131.48
sealfs_audio,116.02
sealfs_audio,115.97
sealfs_audio,123.69
sealfs_audio,116.06
sealfs_audio,127.47
sealfs_audio,116
sealfs_audio,119.88
sealfs_audio,123.71
sealfs_audio,112.08
sealfs_audio,127.55
sealfs_audio,123.73
sealfs_audio,112.13
sealfs_audio,119.8
sealfs_audio,123.76
sealfs_audio,119.86
sealfs_audio,119.83
sealfs_audio,123.7
sealfs_audio,119.89
sealfs_audio,115.96
sealfs_audio,127.72
sealfs_audio,115.94
sealfs_audio,119.82
sealfs_audio,119.92
sealfs_audio,115.97
sealfs_audio,127.57
sealfs_audio,115.97
sealfs_audio,119.85
sealfs_audio,123.65
sealfs_audio,112.12
sealfs_audio,131.6
sealfs_audio,119.78
sealfs_audio,112.1
sealfs_audio,123.2
sealfs_audio,119.83
sealfs_audio,119.9
sealfs_audio,123.76
sealfs_audio,119.79
sealfs_audio,115.99
sealfs_audio,119.74
sealfs_audio,135.23
sealfs_audio,119.79
sealfs_audio,116.05
sealfs_audio,116.03
sealfs_audio,123.5
sealfs_audio,123.85
sealfs_audio,115.63
sealfs_audio,123.66
sealfs_audio,119.82
sealfs_audio,112.12
sealfs_audio,131.43
sealfs_audio,119.57
sealfs_audio,115.92
sealfs_audio,119.88
sealfs_audio,127.24
sealfs_audio,123.71
sealfs_audio,112
sealfs_audio,119.59
sealfs_audio,119.73
sealfs_audio,123.69
sealfs_audio,119.75
sealfs_audio,119.79
sealfs_audio,116.03
sealfs_audio,119.8
sealfs_audio,127.61
sealfs_audio,119.87
sealfs_audio,115.86
sealfs_audio,119.75
sealfs_audio,119.43
sealfs_audio,123.71
sealfs_audio,119.78
sealfs_audio,119.62
sealfs_audio,123.67
sealfs_audio,112.04
sealfs_audio,131.4
sealfs_audio,115.98
sealfs_audio,115.98
sealfs_audio,123.63
sealfs_audio,116.04
sealfs_audio,123.65
sealfs_audio,119.69
sealfs_audio,119.8
sealfs_audio,119.83
sealfs_audio,115.98
sealfs_audio,127.48
sealfs_audio,123.52
sealfs_audio,112.07
sealfs_audio,119.85
sealfs_audio,123.71
sealfs_audio,119.8
sealfs_audio,119.78
sealfs_audio,123.59
sealfs_audio,119.71
sealfs_audio,112.16
sealfs_audio,131.39
sealfs_audio,115.93
sealfs_audio,119.72
sealfs_audio,119.77
sealfs_audio,115.97
sealfs_audio,131.4
sealfs_audio,112.09
sealfs_audio,119.25
sealfs_audio,123.76
sealfs_audio,112.1
sealfs_audio,127.06
sealfs_audio,123.67
sealfs_audio,119.76
sealfs_audio,115.97
sealfs_audio,119.73
sealfs_audio,127.57
sealfs_audio,115.99
sealfs_audio,119.87
sealfs_audio,115.93
sealfs_audio,119.88
sealfs_audio,127.6
sealfs_audio,116.11
sealfs_audio,123.73
sealfs_audio,112.24
sealfs_audio,123.64
sealfs_audio,127.55
sealfs_audio,112.03
sealfs_audio,123.74
sealfs_audio,119.88
sealfs_audio,112.1
sealfs_audio,131.4
sealfs_audio,119.84
sealfs_audio,112.09
sealfs_audio,123.76
sealfs_audio,119.87
sealfs_audio,131.47
sealfs_audio,112.11
sealfs_audio,119.83
sealfs_audio,119.98
sealfs_audio,116.02
sealfs_audio,127.69
sealfs_audio,119.37
sealfs_audio,115.89
sealfs_audio,115.84
sealfs_audio,123.81
sealfs_audio,127.55
sealfs_audio,115.94
sealfs_audio,119.86
sealfs_audio,119.81
sealfs_audio,115.87
sealfs_audio,127.52
sealfs_audio,119.71
sealfs_audio,115.98
sealfs_audio,119.87
sealfs_audio,127.51
sealfs_audio,119.85
sealfs_audio,116.01
sealfs_audio,123.61
sealfs_audio,115.88
sealfs_audio,123.66
sealfs_audio,119.79
sealfs_audio,119.76
sealfs_audio,115.98
sealfs_audio,119.81
sealfs_audio,127.62
sealfs_audio,119.88
sealfs_audio,115.16
sealfs_audio,119.84
sealfs_audio,123.71
sealfs_audio,134.89
sealfs_audio,112.04
sealfs_audio,123.6
sealfs_audio,119.85
sealfs_audio,112.1
sealfs_audio,131.43
sealfs_audio,115.69
sealfs_audio,119.99
sealfs_audio,119.74
sealfs_audio,131.63
sealfs_audio,114.98
sealfs_audio,117.98
sealfs_audio,118.76
sealfs_audio,115.1
sealfs_audio,130.49
sealfs_audio,118.78
sealfs_audio,118.76
sealfs_audio,118.81
sealfs_audio,115.98
sealfs_audio,127.54
sealfs_audio,119.8
sealfs_audio,119.29
sealfs_audio,115.41
sealfs_audio,119.03
sealfs_audio,126.49
sealfs_audio,122.75
sealfs_audio,118.83
sealfs_audio,114.98
sealfs_audio,119.58
sealfs_audio,127.16
sealfs_audio,116.08
sealfs_audio,119.82
sealfs_audio,116
sealfs_audio,122.9
sealfs_audio,126.9
sealfs_audio,118.97
sealfs_audio,115.54
sealfs_audio,119.93
sealfs_audio,118.65
sealfs_audio,126.36
sealfs_audio,118.73
sealfs_audio,118.77
sealfs_audio,122.6
sealfs_audio,111.14
sealfs_audio,130.24
sealfs_audio,118.82
sealfs_audio,118.84
sealfs_audio,118.84
sealfs_audio,126.37
sealfs_audio,118.84
sealfs_audio,116.01
sealfs_audio,119.8
sealfs_audio,123.66
sealfs_audio,119.77
sealfs_audio,119.51
sealfs_audio,123.67
sealfs_audio,115.99
sealfs_audio,115.3
sealfs_audio,130.95
sealfs_audio,115.97
sealfs_audio,119.83
sealfs_audio,115.95
sealfs_audio,119.13
sealfs_audio,130.67
sealfs_audio,118.81
sealfs_audio,112.04
sealfs_audio,123.66
sealfs_audio,119.08
sealfs_audio,127.52
sealfs_audio,118.95
sealfs_audio,114.99
sealfs_audio,115.39
sealfs_audio,123.12
sealfs_audio,126.9
sealfs_audio,123.03
sealfs_audio,111.57
sealfs_audio,119.24
sealfs_audio,122.94
sealfs_audio,123.4
sealfs_audio,115.68
sealfs_audio,123.65
sealfs_audio,115.69
sealfs_audio,119.77
sealfs_audio,123.65
sealfs_audio,119.84
sealfs_audio,123.17
sealfs_audio,119.86
sealfs_audio,111.41
sealfs_audio,131.33
sealfs_audio,119.83
sealfs_audio,112.07
sealfs_audio,123.68
sealfs_audio,118.84
sealfs_audio,123
sealfs_audio,122.58
sealfs_audio,115.95
sealfs_audio,119.54
sealfs_audio,119.76
sealfs_audio,127.57
sealfs_audio,115.9
sealfs_audio,119.78
sealfs_audio,119.85
sealfs_audio,115.97
sealfs_audio,127.5
sealfs_audio,119.78
sealfs_audio,115.98
sealfs_audio,119.77
sealfs_audio,123.66
sealfs_audio,123.69
sealfs_audio,115.97
sealfs_audio,119.76
sealfs_audio,119.42
sealfs_audio,117.91
sealfs_audio,123.72
sealfs_audio,119.79
sealfs_audio,119.75
sealfs_audio,123.7
sealfs_audio,111.68
sealfs_audio,131.35
sealfs_audio,119.67
sealfs_audio,115.77
sealfs_audio,119.73
sealfs_audio,127.4
sealfs_audio,115.81
sealfs_audio,119.72
sealfs_audio,115.56
sealfs_audio,123.61
sealfs_audio,135.18
sealfs_audio,112.11
sealfs_audio,123.57
sealfs_audio,119.68
sealfs_audio,119.86
sealfs_audio,122.59
sealfs_audio,119.54
sealfs_audio,118.81
sealfs_audio,118.8
sealfs_audio,118.73
sealfs_audio,123.26
sealfs_audio,119.74
sealfs_audio,119.71
sealfs_audio,123.63
sealfs_audio,111.78
sealfs_audio,126.93
sealfs_audio,123.15
sealfs_audio,115.82
sealfs_audio,115.44
sealfs_audio,123.61
sealfs_audio,123.05
sealfs_audio,123.11
sealfs_audio,119.24
sealfs_audio,111.66
sealfs_audio,123.12
sealfs_audio,126.92
sealfs_audio,119.68
sealfs_audio,115.79
sealfs_audio,119.7
sealfs_audio,119.73
sealfs_audio,127.48
sealfs_audio,115.82
sealfs_audio,119.75
sealfs_audio,119.13
sealfs_audio,119.23
sealfs_audio,123.33
sealfs_audio,119.21
sealfs_audio,119.28
sealfs_audio,123.23
sealfs_audio,115.54
sealfs_audio,123.3
sealfs_audio,123.63
sealfs_audio,115.68
sealfs_audio,119.6
sealfs_audio,115.91
sealfs_audio,127.43
sealfs_audio,123.6
sealfs_audio,111.85
sealfs_audio,119.72
sealfs_audio,123.29
sealfs_audio,134.9
sealfs_audio,111.97
sealfs_audio,123.04
sealfs_audio,119.19
sealfs_audio,119.24
sealfs_audio,126.9
sealfs_audio,115.36
sealfs_audio,119.33
sealfs_audio,119.23
ext4_navigation,7.67
ext4_navigation,15.44
ext4_navigation,7.72
ext4_navigation,15.44
ext4_navigation,7.72
ext4_navigation,15.44
ext4_navigation,7.72
ext4_navigation,11.5
ext4_navigation,7.65
ext4_navigation,15.36
ext4_navigation,7.69
ext4_navigation,15.38
ext4_navigation,7.69
ext4_navigation,15.37
ext4_navigation,15.4
ext4_navigation,7.69
ext4_navigation,7.69
ext4_navigation,15.38
ext4_navigation,15.43
ext4_navigation,7.72
ext4_navigation,15.32
ext4_navigation,7.66
ext4_navigation,15.43
ext4_navigation,7.65
ext4_navigation,11.57
ext4_navigation,7.72
ext4_navigation,15.43
ext4_navigation,7.72
ext4_navigation,15.45
ext4_navigation,19.31
ext4_navigation,7.69
ext4_navigation,7.73
ext4_navigation,15.44
ext4_navigation,15.37
ext4_navigation,7.68
ext4_navigation,15.38
ext4_navigation,7.72
ext4_navigation,15.45
ext4_navigation,7.71
ext4_navigation,15.41
ext4_navigation,7.68
ext4_navigation,11.58
ext4_navigation,7.7
ext4_navigation,15.37
ext4_navigation,7.71
ext4_navigation,15.44
ext4_navigation,15.31
ext4_navigation,7.65
ext4_navigation,7.65
ext4_navigation,15.32
ext4_navigation,15.34
ext4_navigation,7.68
ext4_navigation,15.3
ext4_navigation,7.66
ext4_navigation,15.44
ext4_navigation,7.69
ext4_navigation,11.58
ext4_navigation,7.65
ext4_navigation,15.29
ext4_navigation,7.63
ext4_navigation,15.3
ext4_navigation,7.67
ext4_navigation,15.44
ext4_navigation,7.72
ext4_navigation,15.44
ext4_navigation,15.44
ext4_navigation,7.72
ext4_navigation,7.73
ext4_navigation,15.44
ext4_navigation,7.71
ext4_navigation,15.44
ext4_navigation,7.72
ext4_navigation,15.46
ext4_navigation,7.73
ext4_navigation,15.44
ext4_navigation,19.28
ext4_navigation,7.73
ext4_navigation,7.72
ext4_navigation,15.45
ext4_navigation,11.59
ext4_navigation,7.7
ext4_navigation,15.46
ext4_navigation,7.73
ext4_navigation,15.45
ext4_navigation,7.72
ext4_navigation,15.43
ext4_navigation,7.72
ext4_navigation,15.44
ext4_navigation,7.73
ext4_navigation,15.45
ext4_navigation,15.44
ext4_navigation,7.73
ext4_navigation,15.44
ext4_navigation,7.73
ext4_navigation,15.44
ext4_navigation,7.68
ext4_navigation,15.46
ext4_navigation,7.72
ext4_navigation,15.44
ext4_navigation,3.86
ext4_navigation,15.44
ext4_navigation,7.73
ext4_navigation,15.47
ext4_navigation,7.73
ext4_navigation,15.42
ext4_navigation,7.73
ext4_navigation,15.43
ext4_navigation,15.45
ext4_navigation,7.72
ext4_navigation,15.44
ext4_navigation,7.72
ext4_navigation,11.6
ext4_navigation,7.72
ext4_navigation,15.45
ext4_navigation,7.72
ext4_navigation,15.44
ext4_navigation,7.72
ext4_navigation,15.44
ext4_navigation,7.72
ext4_navigation,15.44
ext4_navigation,7.72
ext4_navigation,15.42
ext4_navigation,15.46
ext4_navigation,7.72
ext4_navigation,15.44
ext4_navigation,7.72
ext4_navigation,15.43
ext4_navigation,7.71
ext4_navigation,15.45
ext4_navigation,7.72
ext4_navigation,11.57
ext4_navigation,7.72
ext4_navigation,19.23
ext4_navigation,7.74
ext4_navigation,15.45
ext4_navigation,7.73
ext4_navigation,15.44
ext4_navigation,7.72
ext4_navigation,11.58
ext4_navigation,7.72
ext4_navigation,15.46
ext4_navigation,7.72
ext4_navigation,15.39
ext4_navigation,15.44
ext4_navigation,7.72
ext4_navigation,7.73
ext4_navigation,15.45
ext4_navigation,15.45
ext4_navigation,7.72
ext4_navigation,15.44
ext4_navigation,7.72
ext4_navigation,11.57
ext4_navigation,7.72
ext4_navigation,15.46
ext4_navigation,7.72
ext4_navigation,15.45
ext4_navigation,7.72
ext4_navigation,15.44
ext4_navigation,15.38
ext4_navigation,7.69
ext4_navigation,7.69
ext4_navigation,15.44
ext4_navigation,15.45
ext4_navigation,7.72
ext4_navigation,15.43
ext4_navigation,7.72
ext4_navigation,15.37
ext4_navigation,7.69
ext4_navigation,11.53
ext4_navigation,7.72
ext4_navigation,15.41
ext4_navigation,7.69
ext4_navigation,15.37
ext4_navigation,7.72
ext4_navigation,15.44
ext4_navigation,15.4
ext4_navigation,7.65
ext4_navigation,7.66
ext4_navigation,15.46
ext4_navigation,11.47
ext4_navigation,7.65
ext4_navigation,15.3
ext4_navigation,7.62
ext4_navigation,15.28
ext4_navigation,7.65
ext4_navigation,15.46
ext4_navigation,15.45
ext4_navigation,7.66
ext4_navigation,15.32
ext4_navigation,7.65
ext4_navigation,15.38
ext4_navigation,7.66
ext4_navigation,15.39
ext4_navigation,7.69
ext4_navigation,15.41
ext4_navigation,7.71
ext4_navigation,15.42
ext4_navigation,15.38
ext4_navigation,7.73
ext4_navigation,15.44
ext4_navigation,7.72
ext4_navigation,7.72
ext4_navigation,15.44
ext4_navigation,15.44
ext4_navigation,7.72
ext4_navigation,15.45
ext4_navigation,7.73
ext4_navigation,15.43
ext4_navigation,7.72
ext4_navigation,15.43
ext4_navigation,7.72
ext4_navigation,15.45
ext4_navigation,3.84
ext4_navigation,15.44
ext4_navigation,15.44
ext4_navigation,7.72
ext4_navigation,15.34
ext4_navigation,7.73
ext4_navigation,15.43
ext4_navigation,7.72
ext4_navigation,15.45
ext4_navigation,7.72
ext4_navigation,15.45
ext4_navigation,7.71
ext4_navigation,15.46
ext4_navigation,15.45
ext4_navigation,7.72
ext4_navigation,7.72
ext4_navigation,19.29
ext4_navigation,15.44
ext4_navigation,7.7
ext4_navigation,15.43
ext4_navigation,7.73
ext4_navigation,15.45
ext4_navigation,7.73
ext4_navigation,11.58
ext4_navigation,7.73
ext4_navigation,15.44
ext4_navigation,7.72
ext4_navigation,15.45
ext4_navigation,7.72
ext4_navigation,15.44
ext4_navigation,15.44
ext4_navigation,7.72
ext4_navigation,15.43
ext4_navigation,7.67
ext4_navigation,15.45
ext4_navigation,7.72
ext4_navigation,15.45
ext4_navigation,7.72
ext4_navigation,15.44
ext4_navigation,7.72
ext4_navigation,15.44
ext4_navigation,15.44
ext4_navigation,7.72
ext4_navigation,15.45
ext4_navigation,7.72
ext4_navigation,11.58
ext4_navigation,7.72
ext4_navigation,15.44
ext4_navigation,7.72
ext4_navigation,15.39
ext4_navigation,7.72
ext4_navigation,15.38
ext4_navigation,15.45
ext4_navigation,7.72
ext4_navigation,3.86
ext4_navigation,15.45
ext4_navigation,7.73
ext4_navigation,15.45
ext4_navigation,15.45
ext4_navigation,7.73
ext4_navigation,15.45
ext4_navigation,7.73
ext4_navigation,15.35
ext4_navigation,7.73
ext4_navigation,15.44
ext4_navigation,11.58
ext4_navigation,15.42
ext4_navigation,7.73
ext4_navigation,15.47
ext4_navigation,15.46
ext4_navigation,7.73
ext4_navigation,15.46
ext4_navigation,7.72
ext4_navigation,15.43
ext4_navigation,7.72
ext4_navigation,15.44
ext4_navigation,7.72
ext4_navigation,15.45
ext4_navigation,7.72
ext4_navigation,15.45
ext4_navigation,11.58
ext4_navigation,7.72
ext4_navigation,7.73
ext4_navigation,15.43
ext4_navigation,15.45
ext4_navigation,7.61
ext4_navigation,15.45
ext4_navigation,7.73
ext4_navigation,15.46
ext4_navigation,7.72
ext4_navigation,15.43
ext4_navigation,7.73
ext4_navigation,15.34
ext4_navigation,7.7
ext4_navigation,15.45
ext4_navigation,7.72
ext4_navigation,15.45
ext4_navigation,15.45
ext4_navigation,7.72
ext4_navigation,15.46
ext4_navigation,3.87
ext4_navigation,15.45
ext4_navigation,7.73
ext4_navigation,15.44
ext4_navigation,15.45
ext4_navigation,7.73
ext4_navigation,15.34
ext4_navigation,3.87
ext4_navigation,15.47
ext4_navigation,7.7
ext4_navigation,15.45
ext4_navigation,7.73
ext4_navigation,15.46
ext4_navigation,7.73
ext4_navigation,15.46
ext4_navigation,7.73
ext4_navigation,15.46
ext4_navigation,7.72
ext4_navigation,15.45
sealfs_navigation,7.74
sealfs_navigation,15.35
sealfs_navigation,15.45
sealfs_navigation,7.72
sealfs_navigation,15.44
sealfs_navigation,7.72
sealfs_navigation,15.45
sealfs_navigation,7.72
sealfs_navigation,15.45
sealfs_navigation,7.73
sealfs_navigation,15.45
sealfs_navigation,15.46
sealfs_navigation,7.73
sealfs_navigation,15.45
sealfs_navigation,7.73
sealfs_navigation,15.45
sealfs_navigation,7.72
sealfs_navigation,15.44
sealfs_navigation,7.72
sealfs_navigation,15.41
sealfs_navigation,7.72
sealfs_navigation,7.67
sealfs_navigation,15.45
sealfs_navigation,11.59
sealfs_navigation,7.72
sealfs_navigation,15.43
sealfs_navigation,7.67
sealfs_navigation,15.35
sealfs_navigation,7.72
sealfs_navigation,15.44
sealfs_navigation,7.73
sealfs_navigation,15.45
sealfs_navigation,7.73
sealfs_navigation,15.37
sealfs_navigation,15.44
sealfs_navigation,7.73
sealfs_navigation,15.45
sealfs_navigation,7.73
sealfs_navigation,15.37
sealfs_navigation,7.72
sealfs_navigation,15.44
sealfs_navigation,7.72
sealfs_navigation,15.45
sealfs_navigation,7.72
sealfs_navigation,15.45
sealfs_navigation,15.45
sealfs_navigation,3.86
sealfs_navigation,15.46
sealfs_navigation,7.72
sealfs_navigation,15.44
sealfs_navigation,7.73
sealfs_navigation,15.47
sealfs_navigation,11.59
sealfs_navigation,15.4
sealfs_navigation,7.73
sealfs_navigation,11.59
sealfs_navigation,7.73
sealfs_navigation,15.45
sealfs_navigation,7.73
sealfs_navigation,15.45
sealfs_navigation,7.73
sealfs_navigation,15.38
sealfs_navigation,7.73
sealfs_navigation,15.45
sealfs_navigation,7.72
sealfs_navigation,15.45
sealfs_navigation,11.59
sealfs_navigation,15.49
sealfs_navigation,7.72
sealfs_navigation,15.45
sealfs_navigation,15.45
sealfs_navigation,7.73
sealfs_navigation,15.44
sealfs_navigation,11.59
sealfs_navigation,15.45
sealfs_navigation,7.72
sealfs_navigation,15.44
sealfs_navigation,15.44
sealfs_navigation,7.73
sealfs_navigation,7.71
sealfs_navigation,11.59
sealfs_navigation,15.45
sealfs_navigation,7.73
sealfs_navigation,15.46
sealfs_navigation,7.73
sealfs_navigation,15.46
sealfs_navigation,7.71
sealfs_navigation,15.45
sealfs_navigation,7.71
sealfs_navigation,15.43
sealfs_navigation,7.72
sealfs_navigation,15.43
sealfs_navigation,15.45
sealfs_navigation,7.72
sealfs_navigation,7.72
sealfs_navigation,11.59
sealfs_navigation,15.45
sealfs_navigation,7.67
sealfs_navigation,15.41
sealfs_navigation,7.73
sealfs_navigation,15.46
sealfs_navigation,7.73
sealfs_navigation,15.44
sealfs_navigation,15.46
sealfs_navigation,7.72
sealfs_navigation,7.7
sealfs_navigation,15.45
sealfs_navigation,7.73
sealfs_navigation,15.39
sealfs_navigation,15.46
sealfs_navigation,7.67
sealfs_navigation,11.57
sealfs_navigation,7.72
sealfs_navigation,15.45
sealfs_navigation,7.73
sealfs_navigation,15.42
sealfs_navigation,7.71
sealfs_navigation,15.36
sealfs_navigation,7.73
sealfs_navigation,15.44
sealfs_navigation,15.45
sealfs_navigation,7.72
sealfs_navigation,7.73
sealfs_navigation,15.46
sealfs_navigation,15.46
sealfs_navigation,3.86
sealfs_navigation,7.73
sealfs_navigation,15.45
sealfs_navigation,7.73
sealfs_navigation,15.45
sealfs_navigation,11.58
sealfs_navigation,15.45
sealfs_navigation,15.45
sealfs_navigation,7.72
sealfs_navigation,7.73
sealfs_navigation,15.45
sealfs_navigation,7.72
sealfs_navigation,15.45
sealfs_navigation,15.46
sealfs_navigation,7.73
sealfs_navigation,15.44
sealfs_navigation,3.86
sealfs_navigation,15.45
sealfs_navigation,7.72
sealfs_navigation,15.44
sealfs_navigation,7.72
sealfs_navigation,15.41
sealfs_navigation,7.72
sealfs_navigation,15.44
sealfs_navigation,7.72
sealfs_navigation,15.36
sealfs_navigation,7.72
sealfs_navigation,15.46
sealfs_navigation,7.72
sealfs_navigation,15.46
sealfs_navigation,7.73
sealfs_navigation,15.45
sealfs_navigation,15.44
sealfs_navigation,7.72
sealfs_navigation,15.44
sealfs_navigation,3.86
sealfs_navigation,15.45
sealfs_navigation,7.72
sealfs_navigation,15.43
sealfs_navigation,7.68
sealfs_navigation,15.45
sealfs_navigation,7.73
sealfs_navigation,15.43
sealfs_navigation,7.73
sealfs_navigation,15.44
sealfs_navigation,7.72
sealfs_navigation,15.45
sealfs_navigation,7.72
sealfs_navigation,15.44
sealfs_navigation,15.45
sealfs_navigation,7.72
sealfs_navigation,15.42
sealfs_navigation,7.71
sealfs_navigation,15.44
sealfs_navigation,11.58
sealfs_navigation,15.44
sealfs_navigation,3.86
sealfs_navigation,15.44
sealfs_navigation,7.72
sealfs_navigation,7.72
sealfs_navigation,15.44
sealfs_navigation,7.73
sealfs_navigation,15.41
sealfs_navigation,7.72
sealfs_navigation,15.46
sealfs_navigation,15.45
sealfs_navigation,7.7
sealfs_navigation,7.72
sealfs_navigation,15.44
sealfs_navigation,15.43
sealfs_navigation,7.72
sealfs_navigation,15.44
sealfs_navigation,7.72
sealfs_navigation,15.43
sealfs_navigation,7.72
sealfs_navigation,15.45
sealfs_navigation,7.74
sealfs_navigation,15.43
sealfs_navigation,15.45
sealfs_navigation,7.72
sealfs_navigation,15.43
sealfs_navigation,7.72
sealfs_navigation,15.43
sealfs_navigation,7.72
sealfs_navigation,15.44
sealfs_navigation,7.72
sealfs_navigation,15.45
sealfs_navigation,7.72
sealfs_navigation,15.45
sealfs_navigation,15.38
sealfs_navigation,7.72
sealfs_navigation,15.45
sealfs_navigation,3.86
sealfs_navigation,7.72
sealfs_navigation,15.47
sealfs_navigation,15.45
sealfs_navigation,7.73
sealfs_navigation,7.73
sealfs_navigation,15.45
sealfs_navigation,15.45
sealfs_navigation,7.73
sealfs_navigation,15.46
sealfs_navigation,7.73
sealfs_navigation,15.45
sealfs_navigation,3.86
sealfs_navigation,15.45
sealfs_navigation,7.71
sealfs_navigation,15.45
sealfs_navigation,7.73
sealfs_navigation,15.44
sealfs_navigation,15.45
sealfs_navigation,7.72
sealfs_navigation,15.46
sealfs_navigation,7.71
sealfs_navigation,15.44
sealfs_navigation,7.72
sealfs_navigation,15.45
sealfs_navigation,3.86
sealfs_navigation,15.44
sealfs_navigation,15.44
sealfs_navigation,7.72
sealfs_navigation,15.39
sealfs_navigation,7.72
sealfs_navigation,15.46
sealfs_navigation,7.73
sealfs_navigation,15.34
sealfs_navigation,11.59
sealfs_navigation,15.44
sealfs_navigation,15.44
sealfs_navigation,7.72
sealfs_navigation,3.86
sealfs_navigation,15.45
sealfs_navigation,15.41
sealfs_navigation,7.73
sealfs_navigation,15.46
sealfs_navigation,7.73
sealfs_navigation,15.47
sealfs_navigation,7.73
sealfs_navigation,15.45
sealfs_navigation,7.72
sealfs_navigation,15.44
sealfs_navigation,7.72
sealfs_navigation,15.45
sealfs_navigation,7.67
sealfs_navigation,15.38
sealfs_navigation,15.35
sealfs_navigation,7.72
sealfs_navigation,15.32
sealfs_navigation,7.73
sealfs_navigation,15.44
sealfs_navigation,7.71
sealfs_navigation,15.44
sealfs_navigation,15.44
sealfs_navigation,7.72
sealfs_navigation,7.72
sealfs_navigation,15.45
sealfs_navigation,15.44
sealfs_navigation,7.7
sealfs_navigation,15.36
sealfs_navigation,7.72
sealfs_navigation,11.58
sealfs_navigation,7.63
sealfs_navigation,15.31
sealfs_navigation,7.73
sealfs_navigation,15.44
sealfs_navigation,7.72
sealfs_navigation,15.33
sealfs_navigation,7.72
sealfs_navigation,15.44
sealfs_navigation,7.65
sealfs_navigation,15.32
sealfs_navigation,7.65
sealfs_navigation,15.32
sealfs_navigation,15.3
sealfs_navigation,11.52
sealfs_navigation,3.83
sealfs_navigation,15.45
sealfs_navigation,15.46
sealfs_navigation,7.68
sealfs_navigation,15.36
sealfs_navigation,7.66
sealfs_navigation,15.38
sealfs_navigation,7.72
sealfs_navigation,15.36
sealfs_navigation,15.38
sealfs_navigation,7.72
sealfs_navigation,3.86
sealfs_navigation,15.44
sealfs_navigation,15.44
sealfs_navigation,7.72
sealfs_navigation,15.37
sealfs_navigation,7.72
sealfs_navigation,15.45
sealfs_navigation,7.68
sealfs_navigation,15.44
sealfs_navigation,7.72
sealfs_navigation,15.38
sealfs_navigation,7.69
sealfs_navigation,15.37
sealfs_navigation,7.68
sealfs_navigation,15.45
sealfs_navigation,15.44
sealfs_navigation,7.73
sealfs_navigation,15.41
sealfs_navigation,7.71
sealfs_navigation,15.41
sealfs_navigation,7.65
