Latency on Navigation Test,time (Î¼s)
tiago_sealfs_write,159.787
tiago_sealfs_write,152.139
tiago_sealfs_write,150.373
summit_sealfs_write,148.174
summit_sealfs_write,146.373
tiago_sealfs_write,145.217
summit_sealfs_write,145.079
summit_sealfs_write,139.455
tiago_sealfs_write,138.002
tiago_sealfs_write,137.974
summit_sealfs_write,136.609
tiago_sealfs_write,136.249
tiago_sealfs_write,135.673
tiago_sealfs_write,135.577
tiago_sealfs_write,135.43
tiago_sealfs_write,134.957
tiago_sealfs_write,134.109
tiago_sealfs_write,133.09
summit_sealfs_write,132.756
summit_sealfs_write,132.051
summit_sealfs_write,132.001
summit_sealfs_write,130.603
summit_sealfs_write,130.181
tiago_sealfs_write,130.032
summit_sealfs_write,129.858
tiago_sealfs_write,129.572
tiago_sealfs_write,129.168
summit_sealfs_write,128.703
tiago_sealfs_write,128.554
tiago_sealfs_write,127.429
summit_sealfs_write,127.094
tiago_sealfs_write,126.262
summit_sealfs_write,125.954
tiago_sealfs_write,125.587
summit_sealfs_write,125.014
summit_sealfs_write,124.826
tiago_sealfs_write,124.705
tiago_sealfs_write,124.454
summit_sealfs_write,123.658
tiago_sealfs_write,123.499
tiago_sealfs_write,121.673
tiago_sealfs_write,121.341
tiago_sealfs_write,120.947
tiago_sealfs_write,120.918
summit_sealfs_write,119.746
tiago_sealfs_write,119.303
tiago_sealfs_write,118.799
tiago_sealfs_write,118.412
summit_sealfs_write,117.585
tiago_sealfs_write,117.438
tiago_sealfs_write,117.26
tiago_sealfs_write,117.244
tiago_sealfs_write,116.477
tiago_sealfs_write,116.474
tiago_sealfs_write,116.458
tiago_sealfs_write,116.397
tiago_sealfs_write,116.363
tiago_sealfs_write,115.493
tiago_sealfs_write,115.029
tiago_sealfs_write,114.879
tiago_sealfs_write,114.767
tiago_sealfs_write,114.562
summit_sealfs_write,114.496
tiago_sealfs_write,113.755
tiago_sealfs_write,113.725
tiago_sealfs_write,113.722
tiago_sealfs_write,113.665
tiago_sealfs_write,113.323
tiago_sealfs_write,113.168
tiago_sealfs_write,112.993
tiago_sealfs_write,112.881
summit_sealfs_write,112.662
tiago_sealfs_write,112.4
tiago_sealfs_write,112.391
tiago_sealfs_write,112.358
tiago_sealfs_write,112.203
tiago_sealfs_write,112.14
tiago_sealfs_write,111.965
tiago_sealfs_write,111.871
tiago_sealfs_write,111.609
tiago_sealfs_write,111.19
tiago_sealfs_write,111.151
tiago_sealfs_write,111.018
tiago_sealfs_write,110.814
summit_sealfs_write,110.64
summit_sealfs_write,110.441
tiago_sealfs_write,110.42
tiago_sealfs_write,110.049
tiago_sealfs_write,109.855
tiago_sealfs_write,109.682
tiago_sealfs_write,109.646
summit_sealfs_write,109.41
tiago_sealfs_write,109.356
tiago_sealfs_write,109.244
tiago_sealfs_write,109.195
tiago_sealfs_write,109.083
tiago_sealfs_write,109.069
tiago_sealfs_write,108.998
summit_sealfs_write,108.933
summit_sealfs_write,108.318
tiago_sealfs_write,108.199
tiago_sealfs_write,108.07
summit_sealfs_write,108.051
summit_sealfs_write,107.663
tiago_sealfs_write,107.65
tiago_sealfs_write,107.455
summit_sealfs_write,107.313
tiago_sealfs_write,107.282
tiago_sealfs_write,107.257
tiago_sealfs_write,107.078
tiago_sealfs_write,107.019
tiago_sealfs_write,106.859
tiago_sealfs_write,106.446
summit_sealfs_write,106.107
tiago_sealfs_write,106.002
summit_sealfs_write,105.938
tiago_sealfs_write,105.84
summit_sealfs_write,105.832
summit_sealfs_write,105.73
tiago_sealfs_write,105.587
summit_sealfs_write,105.458
tiago_sealfs_write,105.356
summit_sealfs_write,104.896
tiago_sealfs_write,104.779
summit_sealfs_write,104.348
tiago_sealfs_write,104.258
summit_sealfs_write,103.851
tiago_sealfs_write,103.811
tiago_sealfs_write,103.794
summit_sealfs_write,103.558
tiago_sealfs_write,103.554
summit_sealfs_write,103.388
tiago_sealfs_write,103.288
summit_sealfs_write,102.517
tiago_sealfs_write,102.144
tiago_sealfs_write,102.079
summit_sealfs_write,102.052
summit_sealfs_write,102.032
tiago_sealfs_write,101.991
summit_sealfs_write,101.879
summit_sealfs_write,101.788
summit_sealfs_write,101.786
tiago_sealfs_write,101.688
summit_sealfs_write,101.629
summit_sealfs_write,101.371
tiago_sealfs_write,101.008
summit_sealfs_write,100.93
summit_sealfs_write,100.927
tiago_sealfs_write,100.874
summit_sealfs_write,100.794
tiago_sealfs_write,100.72
summit_sealfs_write,100.507
summit_sealfs_write,100.485
summit_sealfs_write,100.479
tiago_sealfs_write,100.161
summit_sealfs_write,99.926
summit_sealfs_write,99.925
tiago_sealfs_write,99.856
tiago_sealfs_write,99.71
summit_sealfs_write,99.691
tiago_sealfs_write,99.545
summit_sealfs_write,99.529
summit_sealfs_write,99.479
summit_sealfs_write,99.392
summit_sealfs_write,99.193
summit_sealfs_write,99.152
summit_sealfs_write,98.799
summit_sealfs_write,98.785
tiago_sealfs_write,98.673
summit_sealfs_write,98.598
tiago_sealfs_write,98.588
summit_sealfs_write,98.507
summit_sealfs_write,98.498
tiago_sealfs_write,98.377
summit_sealfs_write,98.165
tiago_sealfs_write,98.104
tiago_sealfs_write,98.079
summit_sealfs_write,98.021
summit_sealfs_write,97.951
summit_sealfs_write,97.908
summit_sealfs_write,97.848
summit_sealfs_write,97.725
summit_sealfs_write,97.668
summit_sealfs_write,97.636
tiago_sealfs_write,97.63
summit_sealfs_write,97.371
summit_sealfs_write,97.23
summit_sealfs_write,97.211
summit_sealfs_write,97.167
summit_sealfs_write,97.067
summit_sealfs_write,97.048
summit_sealfs_write,96.946
summit_sealfs_write,96.715
summit_sealfs_write,96.693
summit_sealfs_write,96.63
summit_sealfs_write,96.387
summit_sealfs_write,96.378
summit_sealfs_write,96.357
summit_sealfs_write,96.096
tiago_sealfs_write,95.903
tiago_sealfs_write,95.75
summit_sealfs_write,95.493
tiago_sealfs_write,95.373
summit_sealfs_write,95.309
summit_sealfs_write,95.067
summit_sealfs_write,95.047
tiago_sealfs_write,94.964
summit_sealfs_write,94.926
summit_sealfs_write,94.86
tiago_sealfs_write,94.859
tiago_sealfs_write,94.78
summit_sealfs_write,94.72
summit_sealfs_write,94.659
summit_sealfs_write,94.613
summit_sealfs_write,94.613
summit_sealfs_write,94.538
summit_sealfs_write,94.526
tiago_sealfs_write,94.453
summit_sealfs_write,94.452
tiago_sealfs_write,94.359
summit_sealfs_write,94.356
summit_sealfs_write,94.353
summit_sealfs_write,94.353
tiago_sealfs_write,94.261
summit_sealfs_write,94.208
summit_sealfs_write,94.204
summit_sealfs_write,93.974
summit_sealfs_write,93.937
summit_sealfs_write,93.894
summit_sealfs_write,93.688
summit_sealfs_write,93.657
summit_sealfs_write,93.639
summit_sealfs_write,93.366
summit_sealfs_write,93.348
summit_sealfs_write,93.31
summit_sealfs_write,93.243
tiago_sealfs_write,93.237
summit_sealfs_write,93.211
summit_sealfs_write,93.168
summit_sealfs_write,93.165
tiago_sealfs_write,93.143
summit_sealfs_write,93.109
summit_sealfs_write,93.029
summit_sealfs_write,93.026
summit_sealfs_write,93.013
summit_sealfs_write,92.86
summit_sealfs_write,92.799
tiago_sealfs_write,92.774
summit_sealfs_write,92.717
summit_sealfs_write,92.462
summit_sealfs_write,92.397
summit_sealfs_write,92.36
summit_sealfs_write,92.271
summit_sealfs_write,92.255
tiago_sealfs_write,92.235
tiago_sealfs_write,92.2
summit_sealfs_write,92.096
summit_sealfs_write,92.086
tiago_sealfs_write,92.051
summit_sealfs_write,91.9
summit_sealfs_write,91.85
summit_sealfs_write,91.783
summit_sealfs_write,91.743
summit_sealfs_write,91.721
tiago_sealfs_write,91.708
summit_sealfs_write,91.659
summit_sealfs_write,91.534
summit_sealfs_write,91.501
summit_sealfs_write,91.474
summit_sealfs_write,91.437
summit_sealfs_write,91.417
summit_sealfs_write,91.32
summit_sealfs_write,91.211
summit_sealfs_write,91.187
tiago_sealfs_write,91.167
tiago_sealfs_write,91.06
summit_sealfs_write,91.019
summit_sealfs_write,90.943
summit_sealfs_write,90.917
summit_sealfs_write,90.895
summit_sealfs_write,90.788
tiago_sealfs_write,90.778
summit_sealfs_write,90.685
summit_sealfs_write,90.679
summit_sealfs_write,90.641
tiago_sealfs_write,90.632
summit_sealfs_write,90.602
summit_sealfs_write,90.491
tiago_sealfs_write,90.483
summit_sealfs_write,90.448
tiago_sealfs_write,90.409
summit_sealfs_write,90.345
summit_sealfs_write,90.259
summit_sealfs_write,90.23
summit_sealfs_write,90.099
summit_sealfs_write,90.039
summit_sealfs_write,90.028
tiago_sealfs_write,90.023
summit_sealfs_write,90.017
summit_sealfs_write,89.987
summit_sealfs_write,89.94
summit_sealfs_write,89.879
summit_sealfs_write,89.872
summit_sealfs_write,89.822
summit_sealfs_write,89.814
summit_sealfs_write,89.703
summit_sealfs_write,89.659
summit_sealfs_write,89.638
summit_sealfs_write,89.589
summit_sealfs_write,89.496
summit_sealfs_write,89.428
summit_sealfs_write,89.405
summit_sealfs_write,89.403
summit_sealfs_write,89.394
summit_sealfs_write,89.38
summit_sealfs_write,89.278
summit_sealfs_write,89.256
summit_sealfs_write,89.216
summit_sealfs_write,89.199
summit_sealfs_write,89.165
summit_sealfs_write,89.161
summit_sealfs_write,89.147
summit_sealfs_write,89.144
summit_sealfs_write,89.132
summit_sealfs_write,89.131
summit_sealfs_write,89.054
summit_sealfs_write,89.041
summit_sealfs_write,89.004
summit_sealfs_write,88.959
tiago_sealfs_write,88.952
summit_sealfs_write,88.945
summit_sealfs_write,88.783
summit_sealfs_write,88.777
tiago_sealfs_write,88.763
summit_sealfs_write,88.76
summit_sealfs_write,88.735
summit_sealfs_write,88.727
summit_sealfs_write,88.723
summit_sealfs_write,88.719
summit_sealfs_write,88.714
tiago_sealfs_write,88.676
tiago_sealfs_write,88.663
summit_sealfs_write,88.638
summit_sealfs_write,88.44
tiago_sealfs_write,88.425
summit_sealfs_write,88.419
summit_sealfs_write,88.356
summit_sealfs_write,88.34
summit_sealfs_write,88.324
summit_sealfs_write,88.291
summit_sealfs_write,88.268
summit_sealfs_write,88.23
tiago_sealfs_write,88.227
summit_sealfs_write,88.217
summit_sealfs_write,88.108
summit_sealfs_write,88.048
summit_sealfs_write,87.969
tiago_sealfs_write,87.933
summit_sealfs_write,87.891
summit_sealfs_write,87.868
summit_sealfs_write,87.781
summit_sealfs_write,87.76
summit_sealfs_write,87.748
summit_sealfs_write,87.729
summit_sealfs_write,87.681
summit_sealfs_write,87.679
summit_sealfs_write,87.622
summit_sealfs_write,87.601
summit_sealfs_write,87.597
summit_sealfs_write,87.547
summit_sealfs_write,87.538
summit_sealfs_write,87.471
tiago_sealfs_write,87.437
summit_sealfs_write,87.389
summit_sealfs_write,87.362
summit_sealfs_write,87.352
summit_sealfs_write,87.345
summit_sealfs_write,87.311
summit_sealfs_write,87.277
summit_sealfs_write,87.24
summit_sealfs_write,87.206
summit_sealfs_write,87.199
summit_sealfs_write,87.166
summit_sealfs_write,87.155
tiago_sealfs_write,87.126
summit_sealfs_write,87.073
summit_sealfs_write,87.044
tiago_sealfs_write,87.037
summit_sealfs_write,87
summit_sealfs_write,86.973
summit_sealfs_write,86.904
summit_sealfs_write,86.879
summit_sealfs_write,86.836
tiago_sealfs_write,86.835
tiago_ext4_write,86.771
summit_sealfs_write,86.714
summit_sealfs_write,86.673
summit_sealfs_write,86.642
summit_sealfs_write,86.641
summit_sealfs_write,86.605
summit_sealfs_write,86.553
summit_sealfs_write,86.451
tiago_sealfs_write,86.414
summit_sealfs_write,86.391
summit_sealfs_write,86.291
tiago_sealfs_write,86.278
summit_sealfs_write,86.277
summit_sealfs_write,86.17
summit_sealfs_write,86.128
summit_sealfs_write,86.059
summit_sealfs_write,85.999
summit_sealfs_write,85.972
tiago_sealfs_write,85.971
tiago_sealfs_write,85.956
summit_sealfs_write,85.941
summit_sealfs_write,85.932
summit_sealfs_write,85.919
summit_sealfs_write,85.866
summit_sealfs_write,85.779
summit_sealfs_write,85.775
tiago_sealfs_write,85.77
summit_sealfs_write,85.618
summit_sealfs_write,85.57
summit_sealfs_write,85.512
summit_sealfs_write,85.399
summit_sealfs_write,85.349
tiago_sealfs_write,85.326
summit_sealfs_write,85.261
summit_sealfs_write,85.112
summit_sealfs_write,85.094
summit_sealfs_write,85.092
tiago_sealfs_write,85.055
tiago_sealfs_write,84.971
tiago_sealfs_write,84.95
summit_sealfs_write,84.898
tiago_sealfs_write,84.889
summit_sealfs_write,84.834
summit_sealfs_write,84.683
summit_sealfs_write,84.657
summit_sealfs_write,84.568
summit_sealfs_write,84.565
summit_sealfs_write,84.546
summit_sealfs_write,84.455
summit_sealfs_write,84.454
summit_sealfs_write,84.358
tiago_sealfs_write,84.269
summit_sealfs_write,84.097
tiago_sealfs_write,84.05
summit_sealfs_write,84.004
summit_sealfs_write,83.97
tiago_sealfs_write,83.968
tiago_sealfs_write,83.962
summit_sealfs_write,83.902
summit_sealfs_write,83.742
tiago_sealfs_write,83.623
tiago_sealfs_write,83.614
tiago_sealfs_write,83.416
tiago_sealfs_write,83.389
tiago_sealfs_write,83.253
summit_sealfs_write,83.235
tiago_sealfs_write,83.23
tiago_sealfs_write,83.109
tiago_sealfs_write,83.096
summit_sealfs_write,83.088
tiago_sealfs_write,83.012
tiago_sealfs_write,82.949
summit_sealfs_write,82.89
summit_sealfs_write,82.848
tiago_sealfs_write,82.84
summit_sealfs_write,82.783
tiago_sealfs_write,82.778
summit_sealfs_write,82.766
summit_sealfs_write,82.68
tiago_sealfs_write,82.575
summit_sealfs_write,82.555
tiago_sealfs_write,82.312
summit_sealfs_write,82.263
summit_sealfs_write,82.247
tiago_sealfs_write,82.245
tiago_sealfs_write,82.244
tiago_sealfs_write,82.223
tiago_sealfs_write,82.187
summit_sealfs_write,82.135
tiago_sealfs_write,82.03
summit_sealfs_write,82.014
tiago_sealfs_write,81.991
tiago_sealfs_write,81.957
tiago_sealfs_write,81.941
tiago_sealfs_write,81.931
tiago_sealfs_write,81.896
tiago_sealfs_write,81.804
tiago_sealfs_write,81.777
summit_sealfs_write,81.587
tiago_sealfs_write,81.525
tiago_sealfs_write,81.426
tiago_sealfs_write,81.381
tiago_sealfs_write,81.368
tiago_sealfs_write,81.322
tiago_sealfs_write,81.26
tiago_sealfs_write,81.18
tiago_sealfs_write,81.113
tiago_sealfs_write,81.023
summit_sealfs_write,80.992
tiago_sealfs_write,80.908
tiago_sealfs_write,80.851
summit_sealfs_write,80.733
summit_sealfs_write,80.648
tiago_sealfs_write,80.633
summit_sealfs_write,80.422
tiago_sealfs_write,80.361
tiago_sealfs_write,80.348
summit_sealfs_write,80.329
tiago_sealfs_write,80.241
tiago_sealfs_write,80.222
tiago_sealfs_write,80.186
tiago_sealfs_write,80.155
tiago_sealfs_write,80.148
summit_sealfs_write,80.099
summit_sealfs_write,80.003
tiago_sealfs_write,79.963
tiago_sealfs_write,79.96
tiago_sealfs_write,79.923
tiago_sealfs_write,79.867
tiago_sealfs_write,79.845
tiago_sealfs_write,79.764
tiago_sealfs_write,79.629
tiago_sealfs_write,79.604
summit_sealfs_write,79.495
tiago_sealfs_write,79.486
tiago_sealfs_write,79.445
summit_sealfs_write,79.373
summit_sealfs_write,79.299
tiago_sealfs_write,79.27
tiago_sealfs_write,79.195
tiago_sealfs_write,79.167
tiago_sealfs_write,79.156
tiago_sealfs_write,79.154
tiago_sealfs_write,79.13
tiago_sealfs_write,79.119
tiago_sealfs_write,79.116
summit_sealfs_write,79.016
tiago_sealfs_write,79.016
tiago_sealfs_write,78.759
tiago_sealfs_write,78.584
summit_sealfs_write,78.549
tiago_sealfs_write,78.524
summit_sealfs_write,78.517
summit_sealfs_write,78.506
tiago_sealfs_write,78.481
tiago_sealfs_write,78.474
tiago_sealfs_write,78.419
tiago_sealfs_write,78.382
tiago_sealfs_write,78.317
tiago_sealfs_write,78.297
tiago_sealfs_write,78.291
tiago_sealfs_write,78.251
tiago_sealfs_write,78.241
tiago_sealfs_write,78.199
tiago_sealfs_write,78.177
tiago_sealfs_write,78.061
tiago_sealfs_write,78.003
tiago_sealfs_write,77.994
tiago_sealfs_write,77.962
tiago_sealfs_write,77.903
tiago_sealfs_write,77.903
tiago_sealfs_write,77.822
tiago_sealfs_write,77.816
tiago_sealfs_write,77.745
tiago_sealfs_write,77.686
tiago_sealfs_write,77.621
tiago_sealfs_write,77.435
tiago_sealfs_write,77.392
tiago_sealfs_write,77.386
tiago_sealfs_write,77.286
tiago_sealfs_write,77.284
tiago_sealfs_write,77.168
tiago_sealfs_write,77.167
tiago_sealfs_write,77.158
tiago_sealfs_write,77.146
tiago_sealfs_write,77.103
tiago_sealfs_write,77.047
tiago_sealfs_write,77.045
tiago_sealfs_write,77.026
tiago_sealfs_write,77.012
tiago_sealfs_write,76.996
tiago_sealfs_write,76.978
tiago_sealfs_write,76.862
tiago_sealfs_write,76.861
summit_sealfs_write,76.813
tiago_sealfs_write,76.801
summit_sealfs_write,76.673
tiago_sealfs_write,76.593
tiago_sealfs_write,76.489
tiago_sealfs_write,76.416
tiago_sealfs_write,76.24
tiago_sealfs_write,76.194
tiago_sealfs_write,76.057
tiago_sealfs_write,75.937
tiago_sealfs_write,75.937
tiago_sealfs_write,75.899
tiago_sealfs_write,75.891
tiago_sealfs_write,75.89
summit_sealfs_write,75.837
tiago_sealfs_write,75.813
tiago_sealfs_write,75.808
tiago_sealfs_write,75.796
tiago_sealfs_write,75.727
tiago_sealfs_write,75.682
tiago_sealfs_write,75.664
tiago_sealfs_write,75.605
tiago_sealfs_write,75.527
tiago_sealfs_write,75.491
tiago_sealfs_write,75.377
tiago_sealfs_write,75.364
tiago_sealfs_write,75.35
tiago_sealfs_write,75.285
tiago_sealfs_write,75.26
tiago_sealfs_write,75.259
tiago_sealfs_write,75.212
tiago_sealfs_write,75.02
summit_sealfs_write,74.964
tiago_sealfs_write,74.939
tiago_sealfs_write,74.83
tiago_sealfs_write,74.712
tiago_sealfs_write,74.705
summit_sealfs_write,74.693
tiago_sealfs_write,74.625
tiago_sealfs_write,74.523
tiago_sealfs_write,74.374
tiago_sealfs_write,74.141
tiago_sealfs_write,74.043
tiago_sealfs_write,74.004
tiago_sealfs_write,73.926
tiago_sealfs_write,73.827
tiago_sealfs_write,73.821
tiago_sealfs_write,73.811
tiago_sealfs_write,73.687
tiago_sealfs_write,73.636
tiago_sealfs_write,73.474
tiago_sealfs_write,73.446
tiago_sealfs_write,73.346
tiago_sealfs_write,73.299
tiago_sealfs_write,73.217
tiago_sealfs_write,73.196
tiago_sealfs_write,73.085
tiago_sealfs_write,72.925
summit_sealfs_write,72.875
tiago_sealfs_write,72.826
tiago_sealfs_write,72.825
tiago_sealfs_write,72.533
tiago_sealfs_write,72.449
tiago_sealfs_write,72.068
tiago_sealfs_write,72.008
tiago_sealfs_write,71.987
tiago_sealfs_write,71.977
tiago_sealfs_write,71.903
tiago_sealfs_write,71.854
tiago_sealfs_write,71.792
tiago_sealfs_write,71.712
tiago_sealfs_write,71.697
tiago_sealfs_write,71.49
tiago_sealfs_write,71.426
tiago_sealfs_write,71.355
tiago_sealfs_write,71.034
tiago_sealfs_write,70.715
tiago_sealfs_write,70.354
tiago_sealfs_write,70.205
tiago_sealfs_write,70.11
tiago_sealfs_write,70.025
tiago_sealfs_write,69.571
tiago_sealfs_write,68.894
tiago_sealfs_write,68.549
tiago_sealfs_write,68.382
tiago_sealfs_write,67.443
tiago_ext4_write,52.756
tiago_ext4_write,49.36
tiago_ext4_write,37.096
tiago_ext4_write,36.495
tiago_ext4_write,35.144
tiago_ext4_write,33.263
tiago_ext4_write,29.673
tiago_ext4_write,29.57
tiago_ext4_write,29.181
tiago_ext4_write,29.114
tiago_ext4_write,27.992
tiago_ext4_write,27.629
tiago_ext4_write,27.382
tiago_ext4_write,27.22
tiago_ext4_write,26.795
tiago_ext4_write,26.264
tiago_ext4_write,26.038
tiago_ext4_write,25.892
tiago_ext4_write,25.382
tiago_ext4_write,25.295
tiago_ext4_write,25.115
tiago_ext4_write,24.862
tiago_ext4_write,24.856
tiago_ext4_write,24.69
tiago_ext4_write,24.564
tiago_ext4_write,24.495
tiago_ext4_write,24.473
tiago_ext4_write,24.457
tiago_ext4_write,24.296
tiago_ext4_write,24.26
tiago_ext4_write,24.116
tiago_ext4_write,24.09
tiago_ext4_write,23.908
tiago_ext4_write,23.833
tiago_ext4_write,23.338
tiago_ext4_write,23.312
tiago_ext4_write,23.23
tiago_ext4_write,23.221
tiago_ext4_write,23.138
tiago_ext4_write,23.054
tiago_ext4_write,23.025
tiago_ext4_write,22.999
tiago_ext4_write,22.982
tiago_ext4_write,22.937
tiago_ext4_write,22.86
tiago_ext4_write,22.708
tiago_ext4_write,22.635
tiago_ext4_write,22.604
tiago_ext4_write,22.604
tiago_ext4_write,22.477
tiago_ext4_write,22.437
tiago_ext4_write,22.382
tiago_ext4_write,22.248
tiago_ext4_write,22.196
tiago_ext4_write,22.08
tiago_ext4_write,22.025
tiago_ext4_write,21.958
tiago_ext4_write,21.947
tiago_ext4_write,21.802
tiago_ext4_write,21.613
tiago_ext4_write,21.607
tiago_ext4_write,21.577
tiago_ext4_write,21.544
tiago_ext4_write,21.319
tiago_ext4_write,21.306
tiago_ext4_write,21.204
tiago_ext4_write,21.047
tiago_ext4_write,20.993
tiago_ext4_write,20.915
tiago_ext4_write,20.898
tiago_ext4_write,20.89
tiago_ext4_write,20.887
tiago_ext4_write,20.862
tiago_ext4_write,20.781
tiago_ext4_write,20.666
tiago_ext4_write,20.619
tiago_ext4_write,20.597
tiago_ext4_write,20.395
tiago_ext4_write,20.293
tiago_ext4_write,20.222
tiago_ext4_write,20.21
tiago_ext4_write,20.18
tiago_ext4_write,20.171
tiago_ext4_write,20.158
tiago_ext4_write,20.133
tiago_ext4_write,20.058
tiago_ext4_write,19.979
tiago_ext4_write,19.909
tiago_ext4_write,19.883
tiago_ext4_write,19.829
tiago_ext4_write,19.78
tiago_ext4_write,19.758
tiago_ext4_write,19.738
tiago_ext4_write,19.701
tiago_ext4_write,19.576
tiago_ext4_write,19.561
tiago_ext4_write,19.522
tiago_ext4_write,19.503
tiago_ext4_write,19.463
tiago_ext4_write,19.453
tiago_ext4_write,19.405
tiago_ext4_write,19.299
tiago_ext4_write,19.295
tiago_ext4_write,19.282
tiago_ext4_write,19.225
tiago_ext4_write,19.117
tiago_ext4_write,19.111
tiago_ext4_write,19.05
tiago_ext4_write,19.019
tiago_ext4_write,18.95
tiago_ext4_write,18.909
tiago_ext4_write,18.785
tiago_ext4_write,18.713
tiago_ext4_write,18.711
tiago_ext4_write,18.689
tiago_ext4_write,18.612
tiago_ext4_write,18.579
tiago_ext4_write,18.538
tiago_ext4_write,18.499
tiago_ext4_write,18.492
tiago_ext4_write,18.457
tiago_ext4_write,18.439
tiago_ext4_write,18.433
tiago_ext4_write,18.421
tiago_ext4_write,18.419
tiago_ext4_write,18.401
tiago_ext4_write,18.38
tiago_ext4_write,18.364
tiago_ext4_write,18.31
tiago_ext4_write,18.302
tiago_ext4_write,18.286
tiago_ext4_write,18.252
tiago_ext4_write,18.233
tiago_ext4_write,18.196
tiago_ext4_write,18.178
tiago_ext4_write,18.145
tiago_ext4_write,18.136
tiago_ext4_write,18.128
tiago_ext4_write,18.041
tiago_ext4_write,18.037
tiago_ext4_write,17.998
tiago_ext4_write,17.983
tiago_ext4_write,17.943
tiago_ext4_write,17.921
tiago_ext4_write,17.884
tiago_ext4_write,17.853
tiago_ext4_write,17.841
tiago_ext4_write,17.833
tiago_ext4_write,17.806
tiago_ext4_write,17.785
tiago_ext4_write,17.698
tiago_ext4_write,17.671
tiago_ext4_write,17.612
tiago_ext4_write,17.604
tiago_ext4_write,17.6
tiago_ext4_write,17.58
tiago_ext4_write,17.566
tiago_ext4_write,17.555
tiago_ext4_write,17.44
tiago_ext4_write,17.431
tiago_ext4_write,17.428
tiago_ext4_write,17.366
tiago_ext4_write,17.349
tiago_ext4_write,17.304
tiago_ext4_write,17.272
tiago_ext4_write,17.266
tiago_ext4_write,17.155
tiago_ext4_write,17.05
tiago_ext4_write,16.99
tiago_ext4_write,16.875
tiago_ext4_write,16.774
tiago_ext4_write,16.725
tiago_ext4_write,16.722
tiago_ext4_write,16.689
tiago_ext4_write,16.682
tiago_ext4_write,16.601
tiago_ext4_write,16.505
tiago_ext4_write,16.377
tiago_ext4_write,16.372
tiago_ext4_write,16.327
tiago_ext4_write,16.29
tiago_ext4_write,16.283
tiago_ext4_write,16.267
tiago_ext4_write,16.239
tiago_ext4_write,16.189
tiago_ext4_write,16.169
tiago_ext4_write,16.054
tiago_ext4_write,15.948
tiago_ext4_write,15.918
tiago_ext4_write,15.905
tiago_ext4_write,15.873
tiago_ext4_write,15.87
tiago_ext4_write,15.798
tiago_ext4_write,15.76
tiago_ext4_write,15.74
tiago_ext4_write,15.717
tiago_ext4_write,15.684
tiago_ext4_write,15.679
tiago_ext4_write,15.64
tiago_ext4_write,15.615
tiago_ext4_write,15.564
tiago_ext4_write,15.553
tiago_ext4_write,15.541
tiago_ext4_write,15.495
tiago_ext4_write,15.437
tiago_ext4_write,15.349
tiago_ext4_write,15.281
tiago_ext4_write,15.276
tiago_ext4_write,15.245
tiago_ext4_write,15.205
tiago_ext4_write,15.158
tiago_ext4_write,15.152
tiago_ext4_write,15.077
tiago_ext4_write,15.024
tiago_ext4_write,14.997
tiago_ext4_write,14.993
tiago_ext4_write,14.992
tiago_ext4_write,14.951
tiago_ext4_write,14.924
tiago_ext4_write,14.891
tiago_ext4_write,14.889
tiago_ext4_write,14.86
tiago_ext4_write,14.848
tiago_ext4_write,14.845
tiago_ext4_write,14.829
tiago_ext4_write,14.785
tiago_ext4_write,14.762
tiago_ext4_write,14.753
tiago_ext4_write,14.68
tiago_ext4_write,14.644
tiago_ext4_write,14.639
tiago_ext4_write,14.553
tiago_ext4_write,14.482
tiago_ext4_write,14.468
tiago_ext4_write,14.395
tiago_ext4_write,14.365
tiago_ext4_write,14.35
tiago_ext4_write,14.349
tiago_ext4_write,14.249
tiago_ext4_write,14.239
tiago_ext4_write,14.224
tiago_ext4_write,14.202
tiago_ext4_write,14.181
tiago_ext4_write,14.172
tiago_ext4_write,14.16
tiago_ext4_write,14.153
tiago_ext4_write,14.143
tiago_ext4_write,14.133
tiago_ext4_write,14.073
tiago_ext4_write,14.026
tiago_ext4_write,13.942
tiago_ext4_write,13.941
tiago_ext4_write,13.938
tiago_ext4_write,13.91
tiago_ext4_write,13.824
tiago_ext4_write,13.801
tiago_ext4_write,13.793
tiago_ext4_write,13.78
tiago_ext4_write,13.751
tiago_ext4_write,13.748
tiago_ext4_write,13.668
tiago_ext4_write,13.659
tiago_ext4_write,13.659
tiago_ext4_write,13.63
tiago_ext4_write,13.614
tiago_ext4_write,13.559
tiago_ext4_write,13.539
tiago_ext4_write,13.528
tiago_ext4_write,13.521
tiago_ext4_write,13.49
tiago_ext4_write,13.488
tiago_ext4_write,13.477
tiago_ext4_write,13.456
tiago_ext4_write,13.428
tiago_ext4_write,13.416
tiago_ext4_write,13.412
tiago_ext4_write,13.393
tiago_ext4_write,13.379
tiago_ext4_write,13.361
tiago_ext4_write,13.28
tiago_ext4_write,13.258
tiago_ext4_write,13.234
tiago_ext4_write,13.226
tiago_ext4_write,13.19
tiago_ext4_write,13.149
tiago_ext4_write,13.128
tiago_ext4_write,13.03
tiago_ext4_write,13.023
tiago_ext4_write,13.009
tiago_ext4_write,12.978
tiago_ext4_write,12.953
tiago_ext4_write,12.943
tiago_ext4_write,12.941
tiago_ext4_write,12.941
tiago_ext4_write,12.931
tiago_ext4_write,12.925
tiago_ext4_write,12.911
tiago_ext4_write,12.905
tiago_ext4_write,12.856
tiago_ext4_write,12.837
tiago_ext4_write,12.835
tiago_ext4_write,12.802
tiago_ext4_write,12.716
tiago_ext4_write,12.676
tiago_ext4_write,12.582
tiago_ext4_write,12.562
tiago_ext4_write,12.527
tiago_ext4_write,12.483
tiago_ext4_write,12.476
tiago_ext4_write,12.397
tiago_ext4_write,12.351
tiago_ext4_write,12.347
tiago_ext4_write,12.336
tiago_ext4_write,12.325
tiago_ext4_write,12.322
tiago_ext4_write,12.277
tiago_ext4_write,12.216
tiago_ext4_write,12.214
tiago_ext4_write,12.204
tiago_ext4_write,12.139
tiago_ext4_write,12.128
tiago_ext4_write,12.106
tiago_ext4_write,12.086
tiago_ext4_write,11.999
tiago_ext4_write,11.99
tiago_ext4_write,11.985
tiago_ext4_write,11.98
tiago_ext4_write,11.956
tiago_ext4_write,11.945
tiago_ext4_write,11.937
tiago_ext4_write,11.887
tiago_ext4_write,11.873
tiago_ext4_write,11.849
tiago_ext4_write,11.847
tiago_ext4_write,11.802
tiago_ext4_write,11.798
tiago_ext4_write,11.767
tiago_ext4_write,11.745
tiago_ext4_write,11.739
tiago_ext4_write,11.702
tiago_ext4_write,11.651
tiago_ext4_write,11.634
tiago_ext4_write,11.62
tiago_ext4_write,11.572
tiago_ext4_write,11.562
tiago_ext4_write,11.539
tiago_ext4_write,11.538
tiago_ext4_write,11.367
tiago_ext4_write,11.352
tiago_ext4_write,11.325
tiago_ext4_write,11.299
tiago_ext4_write,11.284
tiago_ext4_write,11.274
tiago_ext4_write,11.212
tiago_ext4_write,11.209
tiago_ext4_write,11.204
tiago_ext4_write,11.113
tiago_ext4_write,11.103
tiago_ext4_write,11.079
tiago_ext4_write,11.068
tiago_ext4_write,11.064
tiago_ext4_write,11.063
tiago_ext4_write,11.05
tiago_ext4_write,11.016
tiago_ext4_write,10.991
tiago_ext4_write,10.99
tiago_ext4_write,10.984
tiago_ext4_write,10.972
tiago_ext4_write,10.963
tiago_ext4_write,10.908
tiago_ext4_write,10.877
tiago_ext4_write,10.875
tiago_ext4_write,10.841
tiago_ext4_write,10.831
tiago_ext4_write,10.671
tiago_ext4_write,10.664
tiago_ext4_write,10.62
tiago_ext4_write,10.607
tiago_ext4_write,10.593
tiago_ext4_write,10.575
tiago_ext4_write,10.569
tiago_ext4_write,10.558
tiago_ext4_write,10.55
tiago_ext4_write,10.543
tiago_ext4_write,10.512
tiago_ext4_write,10.511
tiago_ext4_write,10.452
tiago_ext4_write,10.37
tiago_ext4_write,10.339
tiago_ext4_write,10.315
tiago_ext4_write,10.297
tiago_ext4_write,10.144
tiago_ext4_write,10.104
tiago_ext4_write,10.071
tiago_ext4_write,10.042
tiago_ext4_write,9.981
tiago_ext4_write,9.934
tiago_ext4_write,9.896
tiago_ext4_write,9.474
tiago_ext4_write,9.457
tiago_ext4_write,9.339
tiago_ext4_write,9.321
tiago_ext4_write,9.306
tiago_ext4_write,8.943
tiago_ext4_write,8.814
tiago_ext4_write,8.627
tiago_ext4_write,8.527
tiago_ext4_write,8.101
tiago_ext4_write,7.993
tiago_ext4_write,7.792
tiago_ext4_write,7.765
tiago_ext4_write,7.707
tiago_ext4_write,7.657
tiago_ext4_write,7.651
tiago_ext4_write,7.58
tiago_ext4_write,7.559
tiago_ext4_write,7.425
tiago_ext4_write,7.423
tiago_ext4_write,7.4
tiago_ext4_write,7.386
tiago_ext4_write,7.303
tiago_ext4_write,7.221
tiago_ext4_write,7.212
tiago_ext4_write,7.204
tiago_ext4_write,7.173
tiago_ext4_write,7.137
tiago_ext4_write,7.023
tiago_ext4_write,6.995
tiago_ext4_write,6.943
tiago_ext4_write,6.873
tiago_ext4_write,6.847
tiago_ext4_write,6.832
tiago_ext4_write,6.802
tiago_ext4_write,6.798
tiago_ext4_write,6.795
tiago_ext4_write,6.733
tiago_ext4_write,6.719
tiago_ext4_write,6.619
tiago_ext4_write,6.562
tiago_ext4_write,6.52
tiago_ext4_write,6.516
tiago_ext4_write,6.514
tiago_ext4_write,6.475
tiago_ext4_write,6.203
tiago_ext4_write,6.197
tiago_ext4_write,6.193
tiago_ext4_write,6.171
tiago_ext4_write,6.143
tiago_ext4_write,6.137
tiago_ext4_write,6.048
tiago_ext4_write,5.977
tiago_ext4_write,5.831
tiago_ext4_write,5.824
tiago_ext4_write,5.802
tiago_ext4_write,5.753
tiago_ext4_write,5.737
tiago_ext4_write,5.731
tiago_ext4_write,5.398
tiago_ext4_write,5.362
tiago_ext4_write,5.216
tiago_ext4_write,5.097
tiago_ext4_write,5.076
tiago_ext4_write,4.574
tiago_ext4_write,3.977
tiago_ext4_write,3.468
tiago_ext4_write,3.46
tiago_ext4_write,3.45
tiago_ext4_write,3.365
tiago_ext4_write,3.241
tiago_ext4_write,3.171
tiago_ext4_write,3.048
tiago_ext4_write,3.041
tiago_ext4_write,3.035
tiago_ext4_write,3.006
tiago_ext4_write,3.004
tiago_ext4_write,3.003
tiago_ext4_write,2.999
tiago_ext4_write,2.976
tiago_ext4_write,2.962
tiago_ext4_write,2.95
tiago_ext4_write,2.945
tiago_ext4_write,2.94
tiago_ext4_write,2.94
tiago_ext4_write,2.905
tiago_ext4_write,2.888
tiago_ext4_write,2.875
tiago_ext4_write,2.857
tiago_ext4_write,2.834
tiago_ext4_write,2.83
tiago_ext4_write,2.829
tiago_ext4_write,2.825
tiago_ext4_write,2.823
tiago_ext4_write,2.803
tiago_ext4_write,2.8
tiago_ext4_write,2.753
tiago_ext4_write,2.749
tiago_ext4_write,2.74
tiago_ext4_write,2.737
tiago_ext4_write,2.729
tiago_ext4_write,2.706
tiago_ext4_write,2.697
tiago_ext4_write,2.694
tiago_ext4_write,2.675
tiago_ext4_write,2.635
tiago_ext4_write,2.631
tiago_ext4_write,2.629
tiago_ext4_write,2.615
tiago_ext4_write,2.605
tiago_ext4_write,2.591
tiago_ext4_write,2.574
tiago_ext4_write,2.57
tiago_ext4_write,2.541
tiago_ext4_write,2.533
tiago_ext4_write,2.528
tiago_ext4_write,2.447
tiago_ext4_write,2.359
tiago_ext4_write,2.357
tiago_ext4_write,2.338
tiago_ext4_write,2.287
tiago_ext4_write,2.202
tiago_ext4_write,2.181
tiago_ext4_write,2.177
tiago_ext4_write,2.165
tiago_ext4_write,2.164
tiago_ext4_write,2.141
tiago_ext4_write,2.127
tiago_ext4_write,2.125
tiago_ext4_write,2.12
tiago_ext4_write,2.105
tiago_ext4_write,2.104
tiago_ext4_write,2.082
tiago_ext4_write,2.075
tiago_ext4_write,2.067
tiago_ext4_write,2.065
tiago_ext4_write,2.055
tiago_ext4_write,2.04
tiago_ext4_write,2.034
tiago_ext4_write,2.032
tiago_ext4_write,2.03
tiago_ext4_write,2.014
tiago_ext4_write,2.006
tiago_ext4_write,2.002
tiago_ext4_write,1.999
tiago_ext4_write,1.998
tiago_ext4_write,1.976
tiago_ext4_write,1.965
tiago_ext4_write,1.959
tiago_ext4_write,1.382
tiago_ext4_write,1.305
tiago_ext4_write,1.126
tiago_ext4_write,1.02
