process, time
ext4_write,8.527
ext4_write,12.086
ext4_write,17.366
ext4_write,12.941
ext4_write,12.911
ext4_write,1.126
ext4_write,15.281
ext4_write,5.362
ext4_write,24.856
ext4_write,10.550
ext4_write,9.339
ext4_write,14.860
ext4_write,10.990
ext4_write,6.475
ext4_write,22.604
ext4_write,24.473
ext4_write,13.226
ext4_write,20.890
ext4_write,16.689
ext4_write,14.753
ext4_write,7.173
ext4_write,26.038
ext4_write,7.657
ext4_write,10.042
ext4_write,7.792
ext4_write,14.153
ext4_write,16.875
ext4_write,17.612
ext4_write,13.910
ext4_write,11.620
ext4_write,24.260
ext4_write,17.272
ext4_write,25.295
ext4_write,11.352
ext4_write,19.295
ext4_write,16.722
ext4_write,12.925
ext4_write,6.514
ext4_write,23.221
ext4_write,8.101
ext4_write,20.887
ext4_write,14.639
ext4_write,7.423
ext4_write,10.297
ext4_write,23.312
ext4_write,14.951
ext4_write,13.009
ext4_write,15.905
ext4_write,12.483
ext4_write,5.737
ext4_write,24.116
ext4_write,14.249
ext4_write,17.050
ext4_write,13.030
ext4_write,18.419
ext4_write,29.570
ext4_write,15.349
ext4_write,18.401
ext4_write,17.943
ext4_write,13.149
ext4_write,17.604
ext4_write,49.360
ext4_write,5.097
ext4_write,20.862
ext4_write,15.205
ext4_write,18.785
ext4_write,10.315
ext4_write,6.802
ext4_write,11.945
ext4_write,16.054
ext4_write,17.671
ext4_write,11.562
ext4_write,6.171
ext4_write,14.133
ext4_write,13.456
ext4_write,27.220
ext4_write,25.892
ext4_write,12.106
ext4_write,15.615
ext4_write,17.349
ext4_write,6.832
ext4_write,19.117
ext4_write,17.983
ext4_write,13.393
ext4_write,1.020
ext4_write,11.016
ext4_write,1.382
ext4_write,15.564
ext4_write,14.073
ext4_write,17.833
ext4_write,21.047
ext4_write,20.898
ext4_write,17.884
ext4_write,23.833
ext4_write,15.948
ext4_write,22.437
ext4_write,11.980
ext4_write,18.364
ext4_write,14.553
ext4_write,5.076
ext4_write,11.050
ext4_write,14.202
ext4_write,15.077
ext4_write,35.144
ext4_write,11.739
ext4_write,29.181
ext4_write,23.138
ext4_write,18.711
ext4_write,11.767
ext4_write,15.152
ext4_write,21.319
ext4_write,14.468
ext4_write,10.963
ext4_write,18.499
ext4_write,8.814
ext4_write,10.339
ext4_write,15.640
ext4_write,12.953
ext4_write,29.673
ext4_write,19.738
ext4_write,13.023
ext4_write,18.037
ext4_write,18.689
ext4_write,12.802
ext4_write,10.620
ext4_write,22.635
ext4_write,13.793
ext4_write,11.873
ext4_write,20.993
ext4_write,13.659
ext4_write,18.128
ext4_write,11.847
ext4_write,18.950
ext4_write,15.740
ext4_write,19.883
ext4_write,19.299
ext4_write,27.629
ext4_write,24.090
ext4_write,33.263
ext4_write,10.558
ext4_write,17.304
ext4_write,17.853
ext4_write,27.382
ext4_write,11.284
ext4_write,20.395
ext4_write,20.133
ext4_write,13.748
ext4_write,20.915
ext4_write,10.831
ext4_write,6.520
ext4_write,25.115
ext4_write,13.528
ext4_write,15.245
ext4_write,17.440
ext4_write,20.171
ext4_write,13.490
ext4_write,20.597
ext4_write,9.474
ext4_write,21.958
ext4_write,23.025
ext4_write,13.521
ext4_write,21.613
ext4_write,11.572
ext4_write,10.841
ext4_write,5.824
ext4_write,12.277
ext4_write,22.860
ext4_write,12.562
ext4_write,6.193
ext4_write,14.349
ext4_write,14.143
ext4_write,20.781
ext4_write,11.802
ext4_write,14.845
ext4_write,15.024
ext4_write,13.941
ext4_write,11.634
ext4_write,13.668
ext4_write,15.684
ext4_write,19.503
ext4_write,10.543
ext4_write,19.282
ext4_write,12.835
ext4_write,1.305
ext4_write,11.103
ext4_write,5.753
ext4_write,19.463
ext4_write,13.614
ext4_write,6.795
ext4_write,13.412
ext4_write,16.505
ext4_write,12.204
ext4_write,18.286
ext4_write,12.527
ext4_write,5.802
ext4_write,11.068
ext4_write,15.158
ext4_write,10.104
ext4_write,18.612
ext4_write,13.379
ext4_write,12.216
ext4_write,21.947
ext4_write,8.627
ext4_write,16.189
ext4_write,13.942
ext4_write,24.457
ext4_write,17.580
ext4_write,18.421
ext4_write,21.204
ext4_write,13.559
ext4_write,20.058
ext4_write,29.114
ext4_write,18.252
ext4_write,5.731
ext4_write,5.398
ext4_write,23.230
ext4_write,14.224
ext4_write,24.862
ext4_write,12.941
ext4_write,19.019
ext4_write,20.293
ext4_write,7.707
ext4_write,11.985
ext4_write,7.137
ext4_write,9.321
ext4_write,17.566
ext4_write,19.111
ext4_write,19.522
ext4_write,9.457
ext4_write,16.682
ext4_write,13.659
ext4_write,6.719
ext4_write,17.998
ext4_write,10.512
ext4_write,22.708
ext4_write,10.908
ext4_write,7.212
ext4_write,14.829
ext4_write,22.025
ext4_write,13.128
ext4_write,17.428
ext4_write,13.630
ext4_write,12.128
ext4_write,18.538
ext4_write,11.209
ext4_write,7.204
ext4_write,12.214
ext4_write,12.905
ext4_write,14.762
ext4_write,27.992
ext4_write,13.190
ext4_write,15.717
ext4_write,11.274
ext4_write,16.377
ext4_write,17.155
ext4_write,19.780
ext4_write,18.145
ext4_write,17.785
ext4_write,11.745
ext4_write,4.574
ext4_write,12.336
ext4_write,18.302
ext4_write,14.239
ext4_write,7.580
ext4_write,16.601
ext4_write,10.370
ext4_write,19.225
ext4_write,16.774
ext4_write,22.937
ext4_write,15.437
ext4_write,14.680
ext4_write,14.350
ext4_write,7.303
ext4_write,25.382
ext4_write,22.248
ext4_write,18.457
ext4_write,23.338
ext4_write,13.280
ext4_write,10.569
ext4_write,6.733
ext4_write,15.495
ext4_write,23.908
ext4_write,13.361
ext4_write,12.347
ext4_write,6.943
ext4_write,11.538
ext4_write,12.325
ext4_write,11.063
ext4_write,18.439
ext4_write,11.937
ext4_write,6.197
ext4_write,19.909
ext4_write,52.756
ext4_write,14.993
ext4_write,14.997
ext4_write,7.651
ext4_write,11.887
ext4_write,18.713
ext4_write,3.460
ext4_write,3.468
ext4_write,3.977
ext4_write,2.706
ext4_write,2.675
ext4_write,2.697
ext4_write,2.605
ext4_write,2.888
ext4_write,3.450
ext4_write,3.003
ext4_write,3.171
ext4_write,2.803
ext4_write,3.048
ext4_write,2.829
ext4_write,3.004
ext4_write,2.962
ext4_write,2.528
ext4_write,2.737
ext4_write,2.541
ext4_write,2.905
ext4_write,3.006
ext4_write,2.875
ext4_write,2.740
ext4_write,2.574
ext4_write,2.834
ext4_write,2.570
ext4_write,3.041
ext4_write,2.694
ext4_write,3.241
ext4_write,2.533
ext4_write,2.800
ext4_write,2.999
ext4_write,2.940
ext4_write,2.825
ext4_write,2.945
ext4_write,2.615
ext4_write,2.753
ext4_write,2.629
ext4_write,2.857
ext4_write,2.830
ext4_write,2.635
ext4_write,2.950
ext4_write,2.976
ext4_write,2.359
ext4_write,2.749
ext4_write,2.729
ext4_write,2.141
ext4_write,2.287
ext4_write,2.065
ext4_write,2.082
ext4_write,1.976
ext4_write,2.164
ext4_write,2.181
ext4_write,2.823
ext4_write,3.035
ext4_write,2.030
ext4_write,2.032
ext4_write,2.120
ext4_write,2.040
ext4_write,2.034
ext4_write,2.075
ext4_write,2.447
ext4_write,2.055
ext4_write,2.165
ext4_write,2.127
ext4_write,2.067
ext4_write,2.002
ext4_write,2.104
ext4_write,2.177
ext4_write,1.999
ext4_write,1.965
ext4_write,2.631
ext4_write,1.959
ext4_write,2.338
ext4_write,2.014
ext4_write,2.357
ext4_write,1.998
ext4_write,2.006
ext4_write,2.125
ext4_write,2.202
ext4_write,2.105
ext4_write,2.591
ext4_write,13.938
ext4_write,10.575
ext4_write,22.604
ext4_write,12.978
ext4_write,7.386
ext4_write,14.026
ext4_write,22.196
ext4_write,13.428
ext4_write,12.582
ext4_write,6.048
ext4_write,14.891
ext4_write,7.023
ext4_write,10.144
ext4_write,19.979
ext4_write,13.416
ext4_write,26.795
ext4_write,17.806
ext4_write,17.266
ext4_write,11.367
ext4_write,13.780
ext4_write,18.041
ext4_write,14.181
ext4_write,12.139
ext4_write,10.593
ext4_write,203.759
ext4_write,21.306
ext4_write,11.064
ext4_write,21.544
ext4_write,12.716
ext4_write,10.991
ext4_write,16.239
ext4_write,17.600
ext4_write,5.831
ext4_write,5.216
ext4_write,6.873
ext4_write,22.382
ext4_write,21.577
ext4_write,13.258
ext4_write,19.561
ext4_write,24.495
ext4_write,14.992
ext4_write,16.267
ext4_write,19.405
ext4_write,15.541
ext4_write,11.325
ext4_write,23.054
ext4_write,22.982
ext4_write,86.771
ext4_write,11.990
ext4_write,7.400
ext4_write,17.698
ext4_write,17.431
ext4_write,13.824
ext4_write,16.372
ext4_write,14.889
ext4_write,10.877
ext4_write,15.760
ext4_write,16.169
ext4_write,24.296
ext4_write,20.222
ext4_write,14.482
ext4_write,18.492
ext4_write,16.725
ext4_write,19.701
ext4_write,12.397
ext4_write,17.921
ext4_write,14.395
ext4_write,10.452
ext4_write,20.210
ext4_write,11.956
ext4_write,21.607
ext4_write,16.290
ext4_write,22.080
ext4_write,11.079
ext4_write,6.562
ext4_write,19.576
ext4_write,12.837
ext4_write,21.802
ext4_write,16.990
ext4_write,11.204
ext4_write,19.758
ext4_write,12.943
ext4_write,6.516
ext4_write,10.875
ext4_write,18.310
ext4_write,13.751
ext4_write,6.619
ext4_write,16.283
ext4_write,12.931
ext4_write,9.896
ext4_write,20.158
ext4_write,14.644
ext4_write,10.607
ext4_write,15.870
ext4_write,12.856
ext4_write,7.425
ext4_write,19.050
ext4_write,13.488
ext4_write,18.433
ext4_write,14.160
ext4_write,18.909
ext4_write,11.999
ext4_write,1101.977
ext4_write,13.539
ext4_write,10.071
ext4_write,18.196
ext4_write,14.785
ext4_write,7.559
ext4_write,2.940
ext4_write,3.365
ext4_write,20.619
ext4_write,10.984
ext4_write,15.918
ext4_write,11.798
ext4_write,19.453
ext4_write,22.477
ext4_write,13.801
ext4_write,18.579
ext4_write,12.676
ext4_write,6.847
ext4_write,20.666
ext4_write,14.365
ext4_write,12.322
ext4_write,15.798
ext4_write,18.380
ext4_write,11.849
ext4_write,14.172
ext4_write,6.137
ext4_write,11.702
ext4_write,5.977
ext4_write,24.690
ext4_write,10.671
ext4_write,6.798
ext4_write,10.972
ext4_write,6.203
ext4_write,10.664
ext4_write,26.264
ext4_write,13.477
ext4_write,11.299
ext4_write,15.553
ext4_write,18.178
ext4_write,10.511
ext4_write,12.476
ext4_write,6.995
ext4_write,15.276
ext4_write,8.943
ext4_write,7.993
ext4_write,19.829
ext4_write,11.539
ext4_write,11.212
ext4_write,6.143
ext4_write,11.651
ext4_write,17.841
ext4_write,16.327
ext4_write,14.848
ext4_write,9.934
ext4_write,18.233
ext4_write,9.981
ext4_write,9.306
ext4_write,14.924
ext4_write,37.096
ext4_write,24.564
ext4_write,11.113
ext4_write,15.873
ext4_write,22.999
ext4_write,17.555
ext4_write,7.765
ext4_write,12.351
ext4_write,18.136
ext4_write,36.495
ext4_write,13.234
ext4_write,7.221
ext4_write,15.679
ext4_write,20.180
sealfs_write,94.964
sealfs_write,98.104
sealfs_write,74.625
sealfs_write,119.303
sealfs_write,75.259
sealfs_write,74.830
sealfs_write,75.937
sealfs_write,84.950
sealfs_write,80.348
sealfs_write,79.764
sealfs_write,71.426
sealfs_write,78.003
sealfs_write,77.284
sealfs_write,76.996
sealfs_write,99.710
sealfs_write,85.055
sealfs_write,76.862
sealfs_write,104.779
sealfs_write,69.571
sealfs_write,101.008
sealfs_write,98.377
sealfs_write,111.018
sealfs_write,83.614
sealfs_write,111.151
sealfs_write,90.409
sealfs_write,111.190
sealfs_write,111.609
sealfs_write,78.291
sealfs_write,77.392
sealfs_write,78.177
sealfs_write,113.323
sealfs_write,90.778
sealfs_write,77.621
sealfs_write,70.354
sealfs_write,94.261
sealfs_write,81.426
sealfs_write,77.026
sealfs_write,106.859
sealfs_write,73.299
sealfs_write,77.168
sealfs_write,76.194
sealfs_write,82.223
sealfs_write,123.499
sealfs_write,83.096
sealfs_write,83.230
sealfs_write,112.400
sealfs_write,77.435
sealfs_write,112.358
sealfs_write,76.978
sealfs_write,82.245
sealfs_write,87.437
sealfs_write,91.060
sealfs_write,102.079
sealfs_write,133.090
sealfs_write,78.317
sealfs_write,88.952
sealfs_write,79.867
sealfs_write,137.974
sealfs_write,73.926
sealfs_write,67.443
sealfs_write,78.481
sealfs_write,72.008
sealfs_write,118.799
sealfs_write,103.794
sealfs_write,101.688
sealfs_write,68.549
sealfs_write,112.203
sealfs_write,114.879
sealfs_write,84.889
sealfs_write,124.705
sealfs_write,80.155
sealfs_write,159.787
sealfs_write,77.745
sealfs_write,90.023
sealfs_write,109.646
sealfs_write,84.050
sealfs_write,73.196
sealfs_write,135.430
sealfs_write,77.994
sealfs_write,97.630
sealfs_write,107.257
sealfs_write,99.856
sealfs_write,78.199
sealfs_write,98.588
sealfs_write,79.960
sealfs_write,75.020
sealfs_write,78.382
sealfs_write,90.483
sealfs_write,111.965
sealfs_write,145.217
sealfs_write,92.051
sealfs_write,73.636
sealfs_write,82.778
sealfs_write,112.140
sealfs_write,81.113
sealfs_write,116.477
sealfs_write,79.154
sealfs_write,86.278
sealfs_write,82.312
sealfs_write,71.903
sealfs_write,75.285
sealfs_write,75.212
sealfs_write,116.474
sealfs_write,203.482
sealfs_write,80.633
sealfs_write,115.493
sealfs_write,107.282
sealfs_write,87.126
sealfs_write,80.186
sealfs_write,71.977
sealfs_write,75.813
sealfs_write,77.167
sealfs_write,112.993
sealfs_write,92.235
sealfs_write,100.161
sealfs_write,113.168
sealfs_write,73.687
sealfs_write,100.720
sealfs_write,21390.95
sealfs_write,138.002
sealfs_write,81.381
sealfs_write,75.605
sealfs_write,77.686
sealfs_write,79.845
sealfs_write,82.244
sealfs_write,73.821
sealfs_write,81.525
sealfs_write,84.971
sealfs_write,77.816
sealfs_write,73.474
sealfs_write,85.326
sealfs_write,126.262
sealfs_write,120.918
sealfs_write,129.168
sealfs_write,85.770
sealfs_write,86.835
sealfs_write,85.971
sealfs_write,76.861
sealfs_write,81.322
sealfs_write,77.045
sealfs_write,81.931
sealfs_write,101.991
sealfs_write,70.205
sealfs_write,71.792
sealfs_write,79.270
sealfs_write,75.899
sealfs_write,93.237
sealfs_write,115.029
sealfs_write,83.623
sealfs_write,116.458
sealfs_write,73.217
sealfs_write,88.227
sealfs_write,78.297
sealfs_write,99.545
sealfs_write,108.199
sealfs_write,87.933
sealfs_write,82.187
sealfs_write,114.562
sealfs_write,135.577
sealfs_write,120.947
sealfs_write,91.167
sealfs_write,124.454
sealfs_write,68.382
sealfs_write,78.419
sealfs_write,79.629
sealfs_write,82.030
sealfs_write,104.258
sealfs_write,113.755
sealfs_write,94.859
sealfs_write,94.359
sealfs_write,77.103
sealfs_write,75.350
sealfs_write,74.141
sealfs_write,78.584
sealfs_write,116.397
sealfs_write,75.664
sealfs_write,98.079
sealfs_write,107.455
sealfs_write,78.524
sealfs_write,121.341
sealfs_write,95.373
sealfs_write,72.068
sealfs_write,76.801
sealfs_write,80.851
sealfs_write,79.445
sealfs_write,83.416
sealfs_write,83.968
sealfs_write,94.453
sealfs_write,75.937
sealfs_write,75.491
sealfs_write,78.251
sealfs_write,103.288
sealfs_write,200.058
sealfs_write,109.682
sealfs_write,71.697
sealfs_write,114.767
sealfs_write,79.116
sealfs_write,80.148
sealfs_write,73.811
sealfs_write,134.957
sealfs_write,76.489
sealfs_write,110.420
sealfs_write,79.119
sealfs_write,76.057
sealfs_write,75.808
sealfs_write,105.840
sealfs_write,760.723
sealfs_write,113.722
sealfs_write,77.962
sealfs_write,88.676
sealfs_write,77.822
sealfs_write,71.854
sealfs_write,75.682
sealfs_write,130.032
sealfs_write,95.903
sealfs_write,108.998
sealfs_write,76.416
sealfs_write,109.855
sealfs_write,100.874
sealfs_write,77.903
sealfs_write,79.016
sealfs_write,116.363
sealfs_write,75.364
sealfs_write,79.130
sealfs_write,73.827
sealfs_write,127.429
sealfs_write,150.373
sealfs_write,71.987
sealfs_write,107.019
sealfs_write,82.840
sealfs_write,82.949
sealfs_write,113.725
sealfs_write,129.572
sealfs_write,83.012
sealfs_write,74.043
sealfs_write,81.957
sealfs_write,81.260
sealfs_write,92.200
sealfs_write,73.446
sealfs_write,79.604
sealfs_write,74.523
sealfs_write,81.804
sealfs_write,109.195
sealfs_write,106.446
sealfs_write,109.356
sealfs_write,81.941
sealfs_write,70.110
sealfs_write,75.727
sealfs_write,80.222
sealfs_write,81.180
sealfs_write,75.260
sealfs_write,77.158
sealfs_write,72.533
sealfs_write,83.389
sealfs_write,82.575
sealfs_write,75.891
sealfs_write,80.241
sealfs_write,125.587
sealfs_write,72.825
sealfs_write,103.811
sealfs_write,92.774
sealfs_write,112.881
sealfs_write,81.991
sealfs_write,71.355
sealfs_write,117.260
sealfs_write,98.673
sealfs_write,118.412
sealfs_write,106.002
sealfs_write,105.356
sealfs_write,71.490
sealfs_write,136.249
sealfs_write,77.386
sealfs_write,88.763
sealfs_write,86.414
sealfs_write,110.814
sealfs_write,88.663
sealfs_write,78.474
sealfs_write,87.037
sealfs_write,77.286
sealfs_write,70.025
sealfs_write,117.244
sealfs_write,90.632
sealfs_write,72.826
sealfs_write,109.083
sealfs_write,81.368
sealfs_write,74.374
sealfs_write,93.143
sealfs_write,74.939
sealfs_write,71.712
sealfs_write,77.047
sealfs_write,75.377
sealfs_write,78.061
sealfs_write,113.665
sealfs_write,105.587
sealfs_write,74.712
sealfs_write,75.890
sealfs_write,88.425
sealfs_write,135.673
sealfs_write,79.486
sealfs_write,107.078
sealfs_write,95.750
sealfs_write,94.780
sealfs_write,83.962
sealfs_write,102.144
sealfs_write,387.318
sealfs_write,75.796
sealfs_write,77.012
sealfs_write,112.391
sealfs_write,78.759
sealfs_write,128.554
sealfs_write,79.195
sealfs_write,74.004
sealfs_write,76.593
sealfs_write,134.109
sealfs_write,81.777
sealfs_write,121.673
sealfs_write,152.139
sealfs_write,109.069
sealfs_write,108.070
sealfs_write,81.023
sealfs_write,73.346
sealfs_write,74.705
sealfs_write,79.167
sealfs_write,75.527
sealfs_write,107.650
sealfs_write,103.554
sealfs_write,79.156
sealfs_write,109.244
sealfs_write,81.896
sealfs_write,79.923
sealfs_write,83.109
sealfs_write,78.241
sealfs_write,84.269
sealfs_write,77.903
sealfs_write,85.956
sealfs_write,79.963
sealfs_write,80.908
sealfs_write,111.871
sealfs_write,91.708
sealfs_write,73.085
sealfs_write,83.253
sealfs_write,80.361
sealfs_write,72.925
sealfs_write,77.146
sealfs_write,117.438
sealfs_write,76.240
sealfs_write,68.894
sealfs_write,72.449
sealfs_write,110.049
sealfs_write,70.715
sealfs_write,71.034
